name,name_en,biz_no,corp_no,entity_type,ceo_name,biz_type,biz_class,ksic_code,iaf_code,scope_kr,scope_en,address,address_en,tel,email,website,employee_count,headcount_regular,headcount_non_regular,headcount_outsourced,headcount_certified,status,tax_contact_name,tax_email,is_active
㈜ 앨파스,"ALFAS Co., Ltd.",609-81-57236,,,김원수,"제조, 부동산업","볼트, 스크류",2594,17B,"자동차 부품 조립용 볼트, 스크류, 리벳의 생산","Manufacture of Bolt, screw and revet for Automobile parts",경상남도 함안군 칠서면 공단서길 186 (대치리),"186, Gongdanseo-gil, Chilseo-myeon, Haman-gun, Gyeongsangnam-do, KOREA ",,,,0,,,,,,,,True
㈜신안정보통신,"Shinan Information Comm. Co., Ltd.",138-81-14337,,,"주을목, 주기철","건설업, 제조업, 도소매, 서비스",전기통신공사 및 보수,"4232, 4231",28C,"정보통신공사, 전기공사 및 유지보수, CCTV 시스템 및 방송장치의 설치 ","Installation and servicing of Telecomunication, Electric and Broadcasting Equipment and CCTV System",경기도 군포시 당산로148번길 7-3(금정동),"7-3, Dangsan-ro 148beon-gil, Gunpo-si, Gyeonggi-do, KOREA",,,www.shinangroup.co.kr ,0,,,,,,,,True
우성정공 주식회사,"Woosung Precision Industry Co., Ltd.",143-81-09869,,,김정훈,"제조, 도매","기계부품카바, 무역",2599,17B,"산업용 기계, 전기전자 및 의료기기용 금속가공 부품의 설계 및 생산","Design, Development, Manufacture of Metal Processed Parts for Industrial Machinary, Electric and Medical Device",경기도 화성시 봉담읍 왕림북길 22-11 (왕림리 42-6),"22-11, Wangnimbuk-gil, Bongdam-eup, Hwaseong-si, Gyeonggi-do, KOREA",,,,0,,,,,,,woosung4141@hanmail.net,True
㈜신원통상,SHINWON CORPORATION,135-81-28808,,,정용준,제조,"골판지, 인쇄업, 무역업","1721, 1722",07A,"포장용 상자(식품, 제약)의 생산",Production of Boxes for Food and Pharmaceutical,경기도 용인시 처인구 중부대로1762번길 90 (마평동),"90, Jungbu-daero 1762beon-gil, Cheoin-gu, Yongin-si, Gyeonggi-do, KOREA",,,,0,,,,,,,sinwon111@hanmail.net,True
㈜우주씨앤티,"WOOJU Communication&Technology Co., Ltd.",502-81-52906,,,우기찬,"건설, 제조 외",통신공사 외,4232,28C,정보통신공사의 시공,Construnction of Telecommunication Works,"대구광역시 동구 아양로 248, 5층 (효목동, 문영빌딩)","248, Ayang-ro, Dong-gu, Daegu, KOREA ",,,,0,,,,,,,,True
㈜인벤티홀딩스,"INVENTHOLDINGS Co., Ltd.",119-81-97017,,,박명규,"제조업,도매업 외",자동화부품 외,2928,18A,자동화설비 및 관련 부품의 설계/개발 및 제작,"Design, Development and Manufacture of Parts for Automation Equipment System",충청남도 아산시 도고면 도고면로 48-47,"48-47, Dogomyeon-ro, Dogo-myeon, Asan-si, Chungcheongnam-do, KOREA",,,,0,,,,,,,invent@inventholdings.co.kr,True
㈜인벤티홀딩스,"INVENTHOLDINGS Co., Ltd.",119-81-97017,,,박명규,"제조업,도매업 외",자동화부품 외,2928,18A,자동화설비 및 관련 부품의 설계/개발 및 제작,"Design, Development and Manufacture of Parts for Automation Equipment System",충청남도 아산시 도고면 도고면로 48-47,"48-47, Dogomyeon-ro, Dogo-myeon, Asan-si, Chungcheongnam-do, KOREA",,,,0,,,,,,,invent@inventholdings.co.kr,True
㈜동성통신,"DONG SUNG Communication Co., Ltd.",505-81-23017,,,"김윤섭, 김재형",건설업,통신공사,4232,28C,정보통신공사의 시공 및 부가서비스,Installation and Servicing of Information Telecommunication Works,대구광역시 북구 유통단지로24길 5-3 (산격동),"5-3, Yutongdanji-ro 24-gil, Buk-gu, Daegu, KOREA",,,,0,,,,,,,ds150093@daum.net,True
㈜대일정보통신,"DAEIL Information Telecom Co., Ltd.",515-81-24411,,,권경도,건설 외,정보통신공사(LAN) 외,"4232, 4231",28C,정보통신 및 전기공사의 시공 및 부가서비스,Construnction and service of Info-Communcation & Electric Works,"대구광역시 북구 검단로 135, 106동 113호 (검단동, 검단팩토리밸리)","135, Geomdan-ro, Buk-gu, Daegu, KOREA ",,,,0,,,,,,,kkd0327@hanmail.net,True
동신통신㈜,"DONG SHIN Telecommunication Co., Ltd.",502-81-05062,,,김기원/김인태,"건설업,서비스","통신공사, 석공사 외",4232,28C,정보통신공사의 시공 및 부가서비스,Installation and Servicing of Information Telecommunication Works,대구광역시 북구 동호길 56(동호동),"56, Dongho-gil, Buk-gu, Daegu, KOREA",,,,0,,,,,,,kdy721019@hanmail.net,True
㈜건호정보통신,"GunHo Communication Co., Ltd.",515-81-19882,,,"이천석, 이효상","건설, 제조 외",통신설비공사 외,4232,28C,정보통신공사에 대한 시공,Construction of Information Telecommunication works,경상북도 경산시 원효로 317 (갑제동),"317, Wonhyo-ro, Gyeongsan-si, Gyeongsangbuk-do, KOREA",,,,0,,,,,,,gunho2121@daum.net,True
㈜명성씨앤에스,"Myung Sung Communication & System Co., Ltd.",504-81-61930,,,조기현,"건설업,제조업 외",통신공사 외,4232,28C,정보통신공사에 대한 시공,Construction of Information Telecommunication works,대구광역시 중구 태평로 275-9(동인동3가),"275-9, Taepyeong-ro, Jung-gu, Daegu, KOREA",,,,0,,,,,,,,True
㈜동아티엔씨,"DONGA-A TNC Co., Ltd.",603-81-36311,,,박봉근,제조,정보통신기기설치 외,"2642, 4232","19B,28C","Q : 항해, 통신장비(RADAR, GPS PLOTTER, MF/HF/VHF RADIO, INMARSAT)에 대한 생산 및 설치
EO : 통신장비에 대한 생산, 설치 및 부가서비스","Q : Manufacture, Installation of Navigation, Radio equipments(Radar, GPS Plotter, MF/HF/VHF Radio, INMARSAT)
EO : Manufacturing, Installation and Servicies of Electronic Equipment",부산광역시 서구 남부민로12번길 69(남부민동),"69, Nambumin-ro 12beon-gil, Seo-gu, Busan, KOREA",,,,0,,,,,,,dongatnc@hanmail.net,True
㈜동남정밀,"DongNam Co., Ltd.",608-81-89962,,,김동국,제조업,"자동차부품, 기계자동설비",3039,18A,"자동차용 부품(plate, pannel, cover류)에 대한 생산 ","Production for automotive parts (plate, pannel, cover)",경상남도 함안군 칠원읍 운무로 217-25 (운서리),"217-25, Unmu-ro, Chirwon-eup, Haman-gun, Gyeongsangnam-do, KOREA ",,,,0,,,,,,,dongnam0401@naver.com,True
비피테크,BP Tech,123-37-24617,,,박성주,"제조업,도매","전기장비,전기용 기계장비 및 관련기",2812,19A,"전력용 부스덕트, 전기절연물, 수배전반에 대한 설계, 개발, 생산 ","Design, Development, Manufactureing of Busduct system, Switchgear pannel, Insulation material.",경기도 군포시 엘에스로 13 신일IT 유토 1210호(당정동 2-3),"13, LS-ro, Dongan-gu, Anyang-si, Gyeonggi-do, KOREA",,,,0,,,,,,,bptech@naver.com,True
수성정보㈜,"SooSung Intelligence Co., Ltd.",502-81-38883,,,"이양희,김병대",건설업.도소매,통신공사 외,4232,28C,정보통신시설의 공사,Construction of Information Telecommunication works,대구광역시 수성구 국채보상로 1081 (만촌동),"1081, Gukchaebosang-ro, Suseong-gu, Daegu, KOREA",,,,0,,,,,,,kdb2580@daum.net,True
유신통신㈜,"You Shin Telecom Co., Ltd.",515-81-02547,,,이석환,건설업.도매 써비스,전기통신공사 외,4232,28C,정보통신공사의 시공,Construction of Information Telecommunication works,"대구광역시 수성구 국채보상로 914(5층, 호산빌딩)","(F5, Hosan B/D) 914, Gukchaebosang-ro, Suseong-gu, Daegu, KOREA",,,,0,,,,,,,justin@yusintel.com,True
㈜풍건,"Poong Gun Co., Ltd.",501-81-21109,,,장훈오,건설업.도소매.사업서비스,통신공사 외,4232,28C,정보통신시설 공사,Construction of Information Telecommunication works,대구광역시 동구 방천로1길 67-1 (불로동),"67-1, Bangcheon-ro 1-gil, Dong-gu, Daegu, KOREA ",,,,0,,,,,,,pg1232@daum.net,True
㈜태창테크,TAE CHANG TECH,606-86-29435,,,임종준,제조업,조선기자재,"2511, 1419","17B,04B",구조용 금속제품 및 안전보호복의 설계 및 생산,Design and Production of Structural Metal Product and Protective Clothing,부산광역시 강서구 경전철로 208-1 (대저1동),"208-1, Gyeongjeoncheol-ro, Gangseo-gu, Busan, KOREA ",,,,0,,,,,,,tj2408@naver.com,True
㈜선택,"SUNTECH Co., Ltd.",503-81-48759,,,"노병선, 정응호","제조, 건설, 도매",공기조화기 외,"4232, 4231",28C,"정보통신공사, 전기공사, 기계설비공사, 지열에너지공사, 소방시설공사, 공조(냉난방기)설비공사 및 유지보수","Construction of Information Telecommunication, Electric works, Machinery Equipment, Geothermal Energy, Firefighting facility construction, HVAC system","대구광역시 서구 와룡로 307, 4층 415호 (중리동, 디센터)","#415, 307, Waryong-ro, Seo-gu, Daegu, KOREA",,,,0,,,,,,,,True
동진통신㈜,"DONGJIN COMMUNICATION Co., Ltd.",504-81-56117,,,김영섭,"제조,건설",정보통신공사외,4232,28C,정보통신시설의 공사,Construction of Information & Telecommunication works,대구광역시 동구 서촌로 98-2 (송정동),"98-2, Seochon-ro, Dong-gu, Daegu, KOREA ",,,,0,,,,,,,,True
야베스정보통신㈜,"YABES TELECOMMUNICATION Co., Ltd.",515-81-23203,,,허홍,"건설,제조,도소매,서비스","통신공사,CCTV,통신기자재 외",4232,28C,정보통신공사에 대한 시공,Construction of Information Telecommunication Work,경상북도 경산시 와촌면 대동로 237-7,"237-7, Daedong-ro, Wachon-myeon, Gyeongsan-si, Gyeongsangbuk-do, KOREA ",,,,0,,,,,,,bez1800@hanmail.net,True
에이치제이테크,HJ TEC,504-24-18954,,,이규수,제조업,도금,2592,17B,자동차 부품도금(H/REST 등) 및 기타부품도금,Plating with Niekel of Parts for Automobile such as Head Rest and other Products,대구광역시 북구 노원로39길 29 (침산동),"29, Nowon-ro 39-gil, Buk-gu, Daegu, KOREA ",,,,0,,,,,,,kyusu7933@hanmail.net,True
삼남엔지니어링,SAMNAM ENG,132-01-36613,,,정진홍,"제조,도매,도소매","철구조물,볼트 외",2511,17B,철 구조물 볼트 너트의 제조,"Steel Structures, Bolt and Nut Manufacturing",경기도 남양주시 수동면 남가로 1522-16 (운수리),"1522-16, Namga-ro, Sudong-myeon, Namyangju-si, Gyeonggi-do, KOREA ",,,,0,,,,,,,,True
㈜오타종패키징퍼시픽,"Autajon Packaging Pacific Co., Ltd.",317-81-18784,,,조규정,"제조업, 부동산업","옵셋인쇄, 기타출판,임대","1721, 1722, 1811","07A,09A","포장용 상자(뷰티 패키지)에 대한 설계, 개발 및 생산","Design, Development, Manufacture of carton boxes(Beauty Package)","충청남도 천안시 동남구 동면 충절로 2294-35, 1층","1st floor, 2294-35, Chungjeol-ro, Dong-myeon, Dongnam-gu, Cheonan-si, Chungcheongnam-do, KOREA ",,,,0,,,,,,,hjh0725@pacificpackage.co.kr,True
한국정보네트웍스㈜,"KOREA INFO-TELECOM NETWORKS Co., Ltd.",502-81-72784,,,이준우,"건설,도소매",정보통신공사 외,4232,28C,정보통신시설의 공사,Construction and Servicing of Communication Works,대구광역시 수성구 용학로 182 (지산동) ,"182, Yonghak-ro, Suseong-gu, Daegu, KOREA",,,,0,,,,,,,binggo99@daum.net,True
금강통신㈜,"KUMGANG TELECOM Co., Ltd.",618-81-23083,,,이영자,"건설업,제조업 외","전기,통신공사 외","4232, 4231, 2812, 2641, 2842, 2642","28C,19A,19B","정보통신, 전기공사 시공과 계장(계측)제어장치, 자동제어반, 배전반, 구내방송장치, 전광판, CCTV 시스템 생산, 설치 및 부가서비스","Construction and Servicing of Telecommunication Works, Electric Works.
Design, Manufacture and servicing of Instrument and Control Device, Automatic Control Panel, Distributing Board, Premises Broadcasting Equipment,  Electronic Quotation Board and  CCTV System",부산광역시  금정구 개좌로 266-19(회동동),"266-19, Gaejwa-ro, Geumjeong-gu, Busan, KOREA",,,,0,,,,,,,kk5153@hanmail.net,True
영광스틸,YOUNG GWANG STEEL Co.,606-16-58413,,,최인호,"제조,부","주강스텐밸브,임대",2411,17A,"주강, 특수강 및 스텐 주조품의 생산","Production of Cast Steel, Special Steel and Stainless Casting",부산광역시 사상구 모덕로 101-12(모라동),"101-12, Modeok-ro, Sasang-gu, Busan, KOREA ",,,,0,,,,,,,chio3699@naver.com,True
㈜부산철강,"BUSANSTEEL Co., Ltd.",606-81-32537,,,오규석,"도매,서비스","스텐,철판류 외",2411,17A,"스테인리스 강판, 강대 및 무계목 강관에 대한 가공","Processing of stainless plates, sheets, strip and seamless pipe & Tube",부산광역시 강서구 송정길 29(송정동),"(Songjeong-dong) 29, Songjeong-gil, Gangseo-gu, Busan, KOREA ",,,,0,,,,,,,,True
㈜태림,"TAELIM Co., Ltd.",505-81-12640,,,"고순란, 채영민","건설업,서비스",통신공사 외,4232,28C,정보통신공사에 대한 시공,Construction for Information and Telecommunication Work,경상북도 영천시 양지길 23(화룡동),"23, Yangji-gil, Yeongcheon-si, Gyeongsangbuk-do, KOREA ",,,,0,,,,,,,wnxofla@hanmail.net,True
㈜해원에스엠,"HAEWON SM Co., Ltd.",135-86-32796,,,현기웅,"제조,도매","환경,에너지 기기 외","2890, 2224, 2041","19A,14B,12B","1. 차광필름(휴대폰 및 자동차용)에 대한 생산 및 부가서비스
2. 친환경 세라믹 코팅 제품에 대한 설계, 개발 및 생산","1. Manufacture and Servicing of Shading film (for smart phones and automobiles)
2. Design, development and production of eco-friendly ceramic coating products","경기도 화성시 정남면 정남산단로 19-10, 1층","19-10, Jeongnamsandan-ro, Jeongnam-myeon, Hwaseong-si, Gyeonggi-do, KOREA ",,,,0,,,,,,,hwge@ecount.co.kr,True
㈜대세기연,"DAE SAE GI YEON Co., Ltd.",312-86-51783,,,김형배,"제조,도매","케이블,전기전자 외",2890,19A,전기전자부품(플레이트 케이블)에 대한 생산,Production of Electrical and electronic component for Plate Cables,경기도 화성시 정남면 정남산단로 19-10,"19-10, Jeongnamsandan-ro, Jeongnam-myeon, Hwaseong-si, Gyeonggi-do, KOREA ",,,,0,,,,,,,dsgy11@hometax.go.kr,True
㈜빅스타건설,"BIG STAR CONSTRUCTION Co., Ltd.",504-81-21433,,,신태노,건설,"조경시설,통신,포장공사,토목건축공사,주택사업외",4232,28C,정보통신시설의 공사,Construction of Telecommunication Works,"경상북도 경주시 충현로 13, 4호 (충효동)","13, Chunghyeon-ro, Gyeongju-si, Gyeongsangbuk-do, KOREA",,,,0,,,,,,,,True
동서통신㈜,"DONGSEO TELECOM Co., Ltd.",515-81-08648,,,"박영하, 박진형","건설업,도소매,서비스","통신공사,통신기자재,인력공급업,소프트웨어개발및공급",4232,28C,정보통신공사의 설치,Installation of Information Telecommunication Works,경상북도 경산시 와촌면 와천동길 132 (상암리),"132, Wacheondong-gil, Wachon-myeon, Gyeongsan-si, Gyeongsangbuk-do, KOREA",,,,0,,,,,,,,True
주식회사지엔브이,"GNV Co., Ltd.",615-81-83234,,,이용문,"제조업, 부동산업 및 임대업","세라믹코팅,초경코팅,메탈라이징 외",2592,17B,"프라즈마(세라믹)코팅, 초경코팅 및 메탈라징의 처리","Plasma(Ceramic) coating, Carbide coating and Metallizing Processing",경상남도 김해시 한림면 용덕로302번길 96 (한림면),"96, Yongdeok-ro 302beon-gil, Hallim-myeon, Gimhae-si, Gyeongsangnam-do, KOREA ",,,,0,,,,,,,gnv10@daum.net,True
㈜이화인더스,"EHWA INDUS Co., Ltd.",410-81-90052,,,이순희,제조,"고무제품, 금형",2219,14A,"고무제품(자동차용, 가정용, 방진고무 등 산업용)의 생산 ","Manufacture of Rubber Products(Automobile, Electric Home Appliances and Vibration proof Rubber for Industrial)",광주광역시 광산구 장덕동 972-5,"972-5, Jangdeok-dong, Gwangsan-gu, Gwangju, KOREA",,,,0,,,,,,,,True
㈜금강엘엠이,"KUMKANG LME Co., Ltd.",603-81-82270,,,이상원,제조업,"금속열처리,도금및기타 피막처리",2592,17B,용융아연도금의 생산,Production of Hot Dip Galvanizing,부산광역시 사하구 다산로225번길 44(장림동),"44, Dasan-ro 225beon-gil, Saha-gu, Busan, KOREA",,,,0,,,,,,,kk4507@bill36524.com,True
라인테크_,"LINE Tech Co., Ltd.",514-19-58809,,,안미숙,제조업,자동차부품,"2594, 3039","17B,18A",자동차 부품(스프링 및 로드류) 제작,Manufacture of Part a Kind's Spring and Rod for Automobile,대구광역시 달성군 하빈면 하목정길 10 (하산리),"10, Hamokjeong-gil, Habin-myeon, Dalseong-gun, Daegu, KOREA",,,,0,,,,,,,ssan0706@daum.net,True
동일통신㈜,"DONG IL TELECOM Co., Ltd.",515-81-08411,,,황보 유,건설업외,"통신공사, 전기공사 외","4232, 4231",28C,통신공사 및 전기공사의 시공 ,Construction of Communication Works & Electric Works,경상북도 경산시 화랑로 126 (갑제동),"126, Hwarang-ro, Gyeongsan-si, Gyeongsangbuk-do, KOREA",,,di7724@hanmail.net,0,,,,,,,di7724@hanmail.net,True
태연산업전기,TAE-YEON INDUSTRIAL ELECTRIC,135-11-88991,,,임동영,"제조업,도소매",전기경보및신호장치 외,2842,19A,"방폭기기(내압, 비점화, 안전증, 분진), LED등기구(가로등, 보안등, 터널등)의 설계, 개발 및 생산","Design, Development, Manufacturing of Explosion Protect Instruments(Flameproof Enclosure, Non Sparking, Increased Safety, Dust), LED Lighting Fixtures(Street Lighting, Safety Lighting, Tunnel Lighting)",경기도 광주시 초월읍 동막골길 112-29,"112-29, Dongmakgol-gil, Chowol-eup, Gwangju-si, Gyeonggi-do, KOREA ",,,,0,,,,,,,tyie2013@naver.com,True
사회복지법인 성만원,Social Welfare Foundation Sungmanwon,142-82-03461,,,공성옥,제조업,"조명기구, 배전반",2842,19A,"형광등기구, 매입형 및 고정형 LED등기구, LED 센서등기구, LED 등기구(가로등, 보안등, 터널등, 투광등, 경관조명, 방폭등, 수중조명등 ), 일반조명 등기구(투광등, 경관조명, 가로등, 보안등, 터널등, 탐조등, 센서등, 수중조명등, 다운라이트 설비 ), 컨버터 내장형 LED 램프에 대한 설계, 개발, 생산 ","Design, Development, Manufacturing of Flourescent Lighting Fixture, Recessed and Fixed LED Luminaires, LED sensor Luminaires, LED Lighting Luminaire(Street light, Security light, Tunnel light, Flood light, Scenery light, Explosion proof light, Under water light), Light Apparatus(Fiood light, Down light fixture, Scenery light, Street light, Security light, Tunnel light, sensor light, search light, Under water light)",경기도 용인시 처인구 백암면 죽양대로912번길 78 (백암면),"78, Jugyang-daero 912beon-gil, Baegam-myeon, Cheoin-gu, Yongin-si, Gyeonggi-do, KOREA",,,we03461@naver.com,0,,,,,,,kdogyun@hanmail.net,True
삼화㈜,"SAMHWA Co., Ltd.",606-86-41287,,,고봉석,제조업 도매 도소매,"플라스틱,플라스틱산업기계외",2221,14B,플라스틱 제품의 제조(가공) ,Manufacture(Processing) of Plastic Product,부산광역시 사상구 모덕로 38 (삼락동),"38, Modeok-ro, Sasang-gu, Busan, KOREA",,,sh3191890@naver.com,0,,,,,,,sh3191890@naver.com,True
플럭스라이트㈜,"Fluxlite Co., Ltd.",131-81-90576,,,이활,제조업.도매업,조명기기.등기구 외,2842,19A,"LED 등기구(가로등, 보안등, 터널등, 투광등), 매입형 및 고정형 LED 등기구(LED 다운라이트, LED 실내조명등)에 대한 개발/설계, 생산 ","Design, Development, Manufacturing of LED Lighting Luminaires(Street light, Security light, Tunnel light, Flood light), Recessed and Fixed LED Lumianires(LED down light, LED indoor light).",강원도 횡성군 공근면 아이티밸리길 17 (초원리),"17, IT valley-gil, Gonggeun-myeon, Hoengseong-gun, Gangwon-do, KOREA ",,,,0,,,,,,,sun@fluxlitekorea.co.kr,True
㈜하이텍검사,"HIGHTEC INSPECTION Co., Ltd.",609-86-12855,,,정양우,"서비스업, 제조업","기술시험검사및분석업, 금속열처리업",7291,34A,선박에 대한 비파괴 검사 및 분석,Non-destructive inspection and analysis of ships,"경상남도 창원시 진해구 신항4로 58, 409호 (용원동,오송스퀘어)","58, Sinhang 4-ro, Jinhae-gu, Changwon-si, Gyeongsangnam-do, KOREA ",,,,0,,,,,,,hightec1@hanmail.net,True
㈜에스티라이팅,"ST Lighting Co., Ltd.",125-86-13579,,,이홍년,"제조업,도소매","일반용전기조명장치, LED조명등기구","2842, 2841, 2811",19A,"가로등기구(가로등, 보안등, 터널등), 경관조명등기구, 고압방전등용안정기 및 고압방전램프, LED램프(컨버터 내장형), LED 등기구( 가로등, 보안등, 투광등, 터널등, 경관등), 신재생에너지 가로등(태양관, 하이브리드), 가로등주(철재, 스테인레스, 테퍼형, 복합형, 가로등주 부속자재), 조명타워에 대한 설계, 개발 및 생산 ","Design, Development & Manufacturing of Street lighting fixtures( Street lighting, Security lighting, Tunnel lighting), Landscape lighting, High Intensity Discharge Ballast and Lamp(Sodium, Metal halide, Mercury).  LED Lamp(Converter internal orgns type), LED Street lighting  fixtures(Street lighting, Security lighting, Tunnel lighting, Flood lighting,  Landscape lighting ), New regeneration energy Street lighting fixtures(solar energy, hybrid),  Street Lighting Pole(Steel, Stainless, Tapper, Combine type, Accessory Meterial), Ligting Tower.",충청남도 아산시 신창면 순천향로 223-13 ,"223-13, Soonchunhyang-ro, Sinchang-myeon, Asan-si, Chungcheongnam-do, KOREA ",,,,0,,,,,,,stlig@naver.com,True
㈜이앤앤이,"ENNE Co., Ltd.",314-81-61638,,,주숙희,"건설업, 건설,도소매","건축,토목공사,전기공사 외","4122, 4212, 4213, 4240","28B,28C","토목공사, 조경공사, 실내인테리어공사, 보링그라우팅공사 및 철근 콘크리트 공사","Public work, Landscaping work, Interior work, boring grouting work, Ferroconcrete construction","서울특별시 송파구 송파대로 201, A동 1101(문정동, 송파테라타워2)","201, Songpa-daero, Songpa-gu, Seoul, KOREA ",,,,0,,,,,,,2020enne@daum.net,True
GS팩킹,GS Packing,609-03-53251,,,김중열,제조업,"제재소,목상자",1623,06A,"포장, 운반 용기(목재 파렛트)의 제조","Manufacture of Packing, Transportation, Container(Wool Palet)",경상남도 창원시 의창구 동읍 동읍로 691,"691, Dongeup-ro, Dong-eup, Uichang-gu, Changwon-si, Gyeongsangnam-do, KOREA",,,yyl8034@nate.com,0,,,,,,,gusanpacking@naver.com,True
지오라이팅,GEO LIGHTING CO.,125-16-93191,,,배형구,"제조, 도소매","산업용 등기구, LED조명등 외",2842,19A,"가로등기구(가로등, 보안등, 터널등), 경관조명등기구, 고압방전등용안정기 및 고압방전램프, LED램프(컨버터 내장형), LED 등기구(매입형 및 고정형, 가로등, 보안등, 투광등, 터널등, 경관등), 신재생에너지 가로등(태양관, 하이브리드), 가로등주(철재, 스테인레스, 테퍼형, 복합형, 가로등주 부속자재), 조명타워에 대한 설계, 개발 생산 및 부가서비스","Design, Development, Manufacturing & Service of Street lighting fixtures(Street lighting, Security lighting, Tunnel lighting), Landscape lighting, High Intensity Discharge Ballast and Lamp(Sodium, Metal halide, Mercury).  LED Lamp(Converter internal orgns type), LED Street lighting  fixtures(Recessed and Fixed lighting, Street lighting, Security lighting, Tunnel lighting, Flood lighting,  Landscape lighting), New regeneration energy Street lighting fixtures(solar energy, hybrid),  Street Lighting Pole(Steel, Stainless, Tapper, Combine type, Accessory Meterial), Ligting Tower",경기도 안성시 미양면 마산길 99-10,"99-10, Masan-gil, Miyang-myeon, Anseong-si, Gyeonggi-do, KOREA",,,,0,,,,,,,sklighting@naver.com,True
비엔에프테크 주식회사,"B&F Technology Co., Ltd.",610-81-81022,,,이종운,제조업,자동차부품(자동차엔진부품),3031,18A,자동차 부품(엔진부품)에 대한 제조,Manufacturing of an engine parts for automobiles,울산광역시 울주군 두서면 반구대로 1635-14 (서하리),"1635-14, Bangudae-ro, Duseo-myeon, Ulju-gun, Ulsan, KOREA",,,king76x@naver.com,0,,,,,,,,True
코리아갈바㈜,"KOREA GALVA Co., Ltd.",615-81-18922,,,허혁필,제조,"용융아연도금,열처리",2511,17B,그레이팅의 제조 ,Production of Grating,경상남도 김해시 주촌면 서부로1637번길 344 (덕암리),"344, Seobu-ro 1637beon-gil, Juchon-myeon, Gimhae-si, Gyeongsangnam-do, KOREA ",,,kgg0173@naver.com,0,,,,,,,,True
한국신축관,CES(Corea Expansion Sts-piping Corp.),126-20-83164,,,진영기,"제조, 도소매","조인트,플렉시블 외","2919, 2221","14B,18A","금속주름관, 소화용스프링쿨러, 플렉시블조인트, 래듀사, 가스용플렉시블호스, 진동흡수용펌프이음, 플렉시블 및 익스팬션 조인트의 생산 및 부가서비스","Production and Servicing of Corrugated Metal Tube, Flexible, Joints Including Fitting & Reducers for Sprinkler Systems, Fllexible Tubing Including Fittings for Gas & Water Supply Systems, Flexible Metal Pump Connectors, Flexible Joints and Expansion Joints","경기도 성남시 중원구 사기막골로62번길 37 (상대원동, 스타타워)","37, Sagimakgol-ro 62beon-gil, Jungwon-gu, Seongnam-si, Gyeonggi-do, KOREA ",,,babyjin85@naver.com,0,,,,,,,,True
㈜예성전기통신,"YESUNG ELECTRONIC & COMMUNICATION Co., Ltd.",508-81-10020,,,"최홍철, 최용재","건설,제조업 외",전기공사 외,"4232, 4231, 4220","28C,28D","정보통신공사, 전기공사, 소방시설공사 및 서비스","Information and communication construction, electrical construction, firefighting facility construction and service",대구광역시 북구 유통단지로24길 11 (산격동),"11, Yutongdanji-ro 24-gil, Buk-gu, Daegu, KOREA ",,,,0,,,,,,,,True
주식회사 세우스틸,"Saewoo Still Co., Ltd.",150-88-00716,,,김형근,제조업,"건설자재, 자동차부품",2413,17A,파이프 서포트 생산,Manufacture of Pipe Supports,경상남도 사천시 곤양면 경충로 1666 (맥사리),"1666, Gyeongchung-ro, Gonyang-myeon, Sacheon-si, Gyeongsangnam-do, KOREA ",,,,0,,,,,,,,True
미래금속㈜,"MIRAE METAL Co., Ltd.",606-86-52479,,,전두진,제조,"숏트, 열처리외","2421, 2592","17A,17B",쇼트 및 금속열처리,Shot and Metal Heat Treatment,부산광역시 사상구 장인로 77 (학장동),"77, Jangin-ro, Sasang-gu, Busan, KOREA ",,,,0,,,,,,,,True
㈜성진프린텍,"SUNGJIN PRINTEC Co., Ltd.",135-86-37904,,,전병관,제 조 업,전 자 부 품,1790,07A,"라벨, 스티커 및 발포 시트류에 대한 설계, 생산 및 부가서비스","Design, Development and Production for Labels, Stickers and Foam sheets",경기도 화성시 안녕길 50-15,"50-15, Annyeong-gil, Hwaseong-si, Gyeonggi-do, KOREA",,,,0,,,,,,,sungjin@hanmail.net,True
티에스마린㈜,"TS MARINE Co., Ltd.",602-81-60201,,,이기태,제조업.서비스,선박부품구성품.선박임가공,2911,18A,선박용 철구조물 및 부품류의 생산 및 서비스,Production and Service of Steel Structure and Parts for Marline  ,부산광역시 사하구 구평로 21-4,"21-4, Gupyeong-ro, Saha-gu, Busan, KOREA ",,,,0,,,,,,,,True
주식회사 미래금속테크,"MIRAE METAL TECH Co., Ltd.",516-86-01376,,,전두진,제조업,"표면처리, 비철금속","2421, 2592","17A,17B","금속표면처리, 쇼트 및 전해연마","Metal Surface Treatment, Shot and Electrolytic Polishing",부산광역시 사상구 새벽로17번길 55 (학장동),"55, Saebyeok-ro 17beon-gil, Sasang-gu, Busan, KOREA",,,,0,,,,,,,msus0054@naver.com,True
(주)유성,"U-Sung Co., Ltd.",505-81-20927,,,양주열,제조업,자동차 부품,2224,14B,"플라스틱 성형부품(INST Panel, Bumper, Glove Box, Spoiler, Skid 및 Mudguard)에 대한 생산","Manufacturing of Plastic Forming Parts such as INST Panel, Bumper, Glove Box, Spoiler, Skid and Mudguard",경상북도 영천시 대창면 금박로 937 (사리리),"937, Geumbak-ro, Daechang-myeon, Yeongcheon-si, Gyeongsangbuk-do, KOREA ",,,,0,,,,,,,,True
한길산업조명,Hangil Industrial Lighting Co.,312-31-37419,,,길희섭,제조업,"방전등용안정기, 방전램프 외","2841, 2842, 2811",19A,"가로등기구, 터널등기구, 보안등기구, 경관조명등기구, 고압방전등용안정기 및 고압방전램프(메탈할라이드, 나트륨), LED등기구(가로등, 보안등, 투광등, 터널등), 가로등주(철재, 스테인레스, 복합형, 가로등주 부속자재)에 대한 설계, 개발 및 생산 ","Design, Development, Manufacturing of Street lighting fixtures, Security lighting fixtures, Tulnnel lighting fixtures, Landscape lighting fixtures, High Intensity Discharge Ballast and Lamp(Sodium, Metal halide). LED Street lighting  fixtures(Street lighting Security lighting, Tunnel lighting, Flood lighting), Street Lighting Pole(Steel, Stainless, Combine type, Accessory Meterial).",충청남도 아산시 탕정면 탕정면로339번길 26 (호산리),"26, Tangjeongmyeon-ro 339beon-gil, Tangjeong-myeon, Asan-si, Chungcheongnam-do, KOREA",,,,0,,,,,,,loadhee@hanmail.net,True
㈜창신테크,"CHANG-SIN TECH Co., Ltd.",606-86-46623,,,이수균,제조 외,주형 및 금형 외,2929,18A,"몰드 베이스의 설계, 개발, 생산 및 서비스","Design, development, production and service of mold base",부산광역시 강서구 화전산단5로 102 (화전동),"102, Hwajeonsandan 5-ro, Gangseo-gu, Busan, KOREA",,,,0,,,,,,,cstax@cstmold.co.kr,True
(주)경부통신,"Kyeongbu Telecommunication Co., Ltd.",182-87-00787,,,김형재,"건설,제조,도소매","통신공사,CCTV,방송장비,영상감시장비,통신자재판매",4232,28C,정보통신공사의 시공,Construction of Information Telecommunications Works,"부산광역시 사하구 낙동대로 319, 4층 (괴정동)","319, Nakdong-daero, Saha-gu, Busan, KOREA",,,,0,,,,,,,kbtelco@daum.net,True
㈜대성,"DAESEONG Co., Ltd.",615-81-55306,,,김칠만,제조,자동차부품,2591,17B,"자동차용 센스 Case, Fitting 및 Joint 류의 생산","Production of Sense Case, Fitting and Joint for Automobile",경상남도 김해시 안곡로 106 (삼계동),"106, Angok-ro, Gimhae-si, Gyeongsangnam-do, KOREA",,,,0,,,,,,,,True
도성산업,DOSUNG IND. Co.,622-01-79513,,,김칠만,제조,전자제품,"2591, 2592",17B,자동차용 Joint류의 생산,Production of Joint for Automobile ,경상남도 김해시 안곡로 106(삼계동),"106, Angok-ro, Gimhae-si, Gyeongsangnam-do, KOREA",,,,0,,,,,,,,True
신해화학,Shin Hae Chemical Company,605-15-58316,,,정해숙,제조,프라스틱부품,2224,14B,"플라스틱 사출품(중장비 우레탄 Sealing, 고무)의 생산","Preoduction of Injection Molding Products(Heavy Equipment Urethane Sealing, Rubber)",부산광역시 부산진구 동성로30번길 26,"26, Dongseong-ro 30beon-gil, Busanjin-gu, Busan, KOREA ",,,,0,,,,,,,,True
(주)런텍,Run Tech Corporation,606-86-46036,,,김종남,제조업 외,"열교환기, 압력용기 외","2917, 2512, 2915","18A,17B","열교환기, 압력용기, 에어히터, 에어쿨러(Plate Fin Type)의 설계, 개발, 생산 및 설치","Design, Development, Production and Installation  of Heat Exchanger, Pressure Vessel, Air Heater, Air Cooler(Plate Fin Type)",부산광역시 강서구 미음산단4로 26 (미음동),"26, Mieumsandan 4-ro, Gangseo-gu, Busan, KOREA ",,,,0,,,,,,,rtc@chol.com,True
주식회사 수우,"SUWOO Co., Ltd.",607-81-49216,,,박철수,건설,전기공사 외,"2622, 2642, 2811, 2812, 2842, 4122, 4242, 4231, 4232, 4220","19B,19A,28B,28C 28D","1. 전기, 정보통신공사 및 전문소방시설 공사, 금속구조물창호온실공사
2. 감시, 탐지장비(보안용카메라, 영상감시장치, 출입통제시스템), 구내방송장치의 생산 및 설치
3. 태양광 발전장치의 설계, 생산 및 시공
4. 태양광 발전용 접속함, PCB회로, 현황판 및 모니터링시스템의 생산
5. LED조명기구(실내조명등, 다운라이트, 가로등, 보안등, 투광등기구)의 생산 및 설치
6. 전광판, 표식장비, 수•배전, 조정장치(분전반, 폐쇄형배전반, 전동기제어반)의 생산 및 설치
7. ESCO사업(신재생에너지)의 설계, 생산 및 시공","1. Electricity, information and communication construction and professional firefighting construction, Metal Structure Window Heating System
2. Production and installation of surveillance and detection equipment(security cameras, video surveillance devices, access control systems) and premises broadcasting equipment
3. Design, production, construction of photovoltaic system
4. Production of Photovoltaic combiner box, PCB circuits, status boards and monitoring systems
5. Production and installation of LED luminaires(indoor lighting, down lights, street lights, security lights, flood lights)
6. Production and installation of electronic display panels, marking equipments, Receive/distribution electricity, adjustment devices(distribution boards, enclosed switchgear, motor control center)
7. ESCO business(Design, production, construction of new renewable energy)",부산광역시 동래구 쇠미로217번길 22 (온천동),"22, Soemi-ro 217beon-gil, Dongnae-gu, Busan, KOREA ",,,,0,,,,,,,,True
동광금속,DONG GWANG METAL Co.,603-11-16670,,,김미옥,제조업,도장및기타피막처리,2592,17A,"인산염피막, 흑착색, 테프론 및 몰리브덴 코팅","Parkerizing, Black fast, PTFE and Molybdenum Coating",부산광역시 사하구 보덕포1길 110(장림동),"110, Bodeokpo 1-gil, Saha-gu, Busan, KOREA ",,,,0,,,,,,,,True
한국금속,KOREA MATAL Co.,321-28-00236,,,최용일,제조업 ,착색 ,2592,17B,"금속표면처리(인산염 피막, 사삼산화 피막)","Metal-Surface Finishing(Phosphate Coating, Errosoferric Oxide Coating)",부산광역시 사상구 학장로 237-11(학장동),"237-11, Hakjang-ro, Sasang-gu, Busan, KOREA ",,,,0,,,,,,,wicked69@hanmail.net,True
㈜세림,"SERIM Co., Ltd.",608-81-37367,,,양화용,제조업,선박구성부분품및기타 외,"2511, 2592",17B,"철구조물의 생산, 표면처리 및 도장","Production, Surface Treatment and Coating of Steel Structures",경상남도 밀양시 하남읍 양명길 118-18 (양동리),"118-18, Yangmyeong-gil, Hanam-eup, Miryang-si, Gyeongsangnam-do, KOREA ",,,,0,,,,,,,,True
모스텍 주식회사,"MOS-TECH Co., Ltd.",615-81-44338,,,김종권,제조업 외,발전기정비및제조,2911,18A,"전차, 장갑차(보조발전기, 성능시험장비, 차량용 충전기, 열상유도센서, 조종수열상장비, 열상조준경)의 설계, 개발, 생산 및 정비","Development, Design, Production and Maintenance of Tank, Armored Personal Carrier(Aux Generator, Performance Testing Equipment, Vehicle Charger, Thermal Guide Sensor, Driver Thermal Vision, Thermal Sight)",부산광역시 기장군 정관읍 매곡길 41,"41, Maegok-gil, Jeonggwan-eup, Gijang-gun, Busan, KOREA",,,,0,,,,,,,,True
삼전금속공업사,SAM JEON METAL Co.,606-36-88915,,,김영태,조립금속제품제조업,"볼트, 너트 및 나사제품 외",2594,17B,"볼트, 너트 및 나사제품의 생산","Production of Bolt, Nut and Screw Products",부산광역시 강서구 미음산단로377번길 11(미음동),"(Mieum-dong)11, Mieumsandan-ro 377beon-gil, Gangseo-gu, Busan, KOREA",,,,0,,,,,,,boltone@daum.net,True
주식회사에스비알,"SBR Co., Ltd.",621-81-46710,,,박래옥,제조업,"밸브부품,엔진밸브",2591,17B,산업용 밸브 부품류에 대한 제조,Manufacture of Valve Parts for Industry ,부산광역시 사상구 대동로 285 (감전동),"285, Daedong-ro, Sasang-gu, Busan, KOREA",,,sbr@k-sbr.com,0,,,,,,,sbr@k-sbr.com,True
인티스,Intis Co.,620-07-40130,,,김재선,제조업,자동화설비,"2721, 2919, 2922","18A,19D","자동차부품 자동화시스템, Laser Welding 및 Hydroforming 장치의 설계/개발, 생산 및 설치","Design/Development, Production and Installation of Automobile Parts Automation System, Laser Welding and Hydroforming Device ",경상남도 양산시 산막공단북13길 49 (산막동),"49, Sanmakgongdanbuk 13-gil, Yangsan-si, Gyeongsangnam-do, KOREA",,,intis@intis2007.com,0,,,,,,,,True
한빛솔텍㈜,Hanbit Soltech Corporation,605-81-91848,,,박동옥,제조 외,일반목적용기계 외,2591,17B,"오일정제, 석유화학 및 정밀화학 프랜트(트레이, 인터날, 팩킹, 데미스터)의 설계, 생산 및 서비스","Design, Production and Servicing of Chemical Process Products (Trays, Internals, Packing, Demister) for Oil Refinery, Petro Chemical and Fine Chemical Plant","부산광역시 부산진구 서면문화로 27, 1509 (부전동, 유원골든타워오피스텔)","1509, 27, Seomyeonmunhwa-ro, Busanjin-gu, Busan, KOREA ",,,bhkang@hstco.kr,0,,,,,,,,True
동남기업,DongNam Company,606-35-72153,,,하옥수,제조업 외,자동차부품외,"2721, 2629, 2812","19A,19B,19D","Gauge, Sensor, Relay, Combination Meter, Pressure Switch, Engine Stop Solenoid Switch, Shut-down Electromagnet, Control Panel, Wire Harness의 설계/개발 및 생산","Design/Development and Production of Gauge, Sensor, Relay, Combination Meter, Pressure Switch, Engine Stop Solenoid Switch, Shut-down Electromagnet, Control Panel, Wire Harness",부산광역시 사상구 장인로37번길 47-14 (감전동),"47-14, Jangin-ro 37beon-gil, Sasang-gu, Busan, KOREA ",,,dnks8400@hanmail.net,0,,,,,,,,True
㈜부산워터젯,"BUSAN WATERJET Co., Ltd.",606-86-29755,,,김진수,제조업 외,산업기계제작 외,2429,17A,모재(母材)의 절단,Cutting of Basic Material,부산광역시 강서구 미음산단로 98(구랑동),"98, Mieumsandan-ro, Gangseo-gu, Busan, KOREA ",,,,0,,,,,,,,True
주식회사 한서정밀,"Hanseo Precision Co., Ltd.",615-86-02819,,,강용주,제조 외,금형 외,2929,18A,"금형의 설계, 개발 및 제조","Design, Development and Manufacture of Metal Molds",경상남도 김해시 김해대로2635번길 60-5(안동),"60-5, Gimhae-daero 2635beon-gil, Gimhae-si, Gyeongsangnam-do, KOREA",,,,0,,,,,,,hscast37@chol.com,True
㈜보은전자,Boeun Electronics Technology,615-86-10774,,,안상필,제조,전기전자제품및부품,2622,19B,전기전자제품(PCB ASS'Y)의 생산,Production of Electric and Electronic Products(PCB ASS'Y),경상남도 김해시 서김해산단로 32,"32, Seogimhaesandan-ro, Gimhae-si, Gyeongsangnam-do, KOREA",,,,0,,,,,,,bwbjasp@paran.com,True
㈜에이텍,"A Tech Co., Ltd.",513-81-53360,,,김명호,"제조업,도매",씨앤씨스프링머신 외,2922,18A,"스프링 관련설비, Wire Bending 설비, 기타 Wire 관련 전용설비 제작 및 부가서비스","Spring-related M/C, the Wire Bending M/C, and other Wire dedicated M/C and value-added services",경상북도 칠곡군 왜관읍 2산업단지2길 188-1,"188-1, 2saneopdanji 2-gil, Waegwan-eup, Chilgok-gun, Gyeongsangbuk-do, KOREA",,,,0,,,,,,,atechspring@naver.com,True
㈜삼보인더스트리,"SAMBO PRECISION Co., Ltd.",603-81-73709,,,박병길,제조 외,기계배관부품(프렌지) 외,2413,17A,"철, 비철 파이프 피팅류 및 프랜지의 생산",Production of Pipe Fittings and Flange for Ferrous and Nonferrous,부산광역시 강서구 대저중앙로 360-8 (대저1동),"360-8, Daejeojungang-ro, Gangseo-gu, Busan, KOREA",,,,0,,,,,,,sambo2011@hanmail.net,True
㈜디엠텍,"DM Tech Co., Ltd.",305-81-92608,,,장승환,제조업,"카메라,영상모니터",2642,19A,"CCTV, 감시 카메라, 영상처리 장치의 제조 및 서비스","Manufacture and Service of CCTV, Monitoring Camera, Image Processing Device","대전광역시 대덕구 선비마을로5번길 13(송촌동, 거성빌딩 2층)","13, Seonbimaeul-ro 5beon-gil, Daedeok-gu, Daejeon, KOREA ",,,www.dmtav.com,0,,,,,,,,True
한강산업 주식회사,"HANGANG INDUSTRIAL Co., Ltd.",130-86-27890,,,이성희,제조,압력용기,2512,17B,"압력용기의 설계, 개발 및 제조","Design, Development and Manufacture of Pressure Vessels",경기도 화성시 팔탄면 온천로165번길 75-26 (팔탄면),"75-26, Oncheon-ro 165beon-gil, Paltan-myeon, Hwaseong-si, Gyeonggi-do, KOREA",,,,0,,,,,,,sunlee@ehgi.kr,True
㈜정원엔지니어링,"JUNG WON ENGINEERING Co., Ltd.",307-81-10830,,,류 완 희,"제조업,건설업","철구조물,산업장비,각종탱크제조, 철물공사업","2511, 4213","17B,28C","강구조물의 설계, 개발,제조, 설치 및 시공
","Desine, Development, Manufacture, Installation and Construction of Steel structures ",충청남도 공주시 우성면 금계터길 122,"122, Geumgyeteogil, Wooseongmyeon, Gongju-si, Chungcheongnam-do, KOREA",,,,0,,,,,,,97jungwon@hanmail.net,True
삼성발레오써멀시스템스㈜,"Valeo Samsung Thermal Systems Co., Ltd.",609-81-06625,,,고호곤외 1명,제조업,"자동차부품, 차체",3039,18A,"자동차부품(라디에이터, 오일쿨러, 차지에어쿨러, EGR쿨러 및 ATF WARMER), 중장비부품(EGR쿨러) 및 농기계부품(EGR쿨러)의 설계, 개발 및 생산","Design, development and production of auto parts (radiator, oil cooler, charge air cooler, EGR cooler and ATF WARMER), heavy equipment parts (EGR cooler) and agricultural machinery parts (EGR cooler)",경상남도 창원시 성산구 정동로62번길 28 (성주동),"28, Jeongdong-ro 62beon-gil, Seongsan-gu, Changwon-si, Gyeongsangnam-do, KOREA",,,,0,,,,,,,,True
삼성발레오써멀시스템스㈜,"Valeo Samsung Thermal Systems Co., Ltd.",609-81-06625,,,고호곤외 1명,제조업,"자동차부품, 차체",3039,18A,"라디에이터, 오일쿨러, 차지에어쿨러, 히터, EGR 쿨러 및 콘덴서의 개발 및 제조","Design, Development and Manufacture of Radiator, Oil Cooler, Charge Air Cooler, Heater, EGR Cooler and Condensor",경상남도 창원시 성산구 정동로62번길 28 (성주동),"28, Jeongdong-ro 62beon-gil, Seongsan-gu, Changwon-si, Gyeongsangnam-do, KOREA",,,,0,,,,,,,,True
동서열처리 주식회사 (미음지점),"Dongseo Heat Treatment Co., Ltd. (Mieum Branch)",606-85-48338,,,구태회,제조업,금속열처리외,2592,17B,"금속제품에 대한 열처리 및 서비스(자동차 부품, 중장비 부품, 농기계부품, 방산 부품, 조선기자재부품 등)","Heat Treatment of the Metal Products and Services(Auto Parts, Heavy Equipment Parts, Agricultural machinery parts, defense parts, Shipbuilding Equipment Parts, etc.)",부산광역시 강서구 미음산단3로 5 (미음동),"5, Mieumsandan 3-ro, Gangseo-gu, Busan, KOREA",,,,0,,,,,,,dongseoht@naver.com,True
동서열처리 주식회사,"Dongseo Heat Treatment Co., Ltd. (Noksan Branch)",606-86-01378,,,구문서,"제조업, 부동산",열처리. 기계부품 외,2592,17B,"금속제품에 대한 열처리 및 서비스(자동차 부품, 중장비 부품, 산업기계 부품, 조선기자재부품 등)","Heat Treatment of the Metal Products and Services(Auto Parts, Heavy Equipment Parts, Industrial Machinery, Shipbuilding Equipment Parts)",부산광역시 강서구 녹산산업중로 265,"265, Noksansaneopjung-ro, Gangseo-gu, Busan, KOREA ",,,,0,,,,,,,,True
현대엔지니어링,Hyundai Engineering Inc,138-02-23374,,,이상천,제조,"닥트기구, 철구조물",2511,17B,덕트류에 대한 생산,Manufaturing of Duct,경기도 군포시 당정로 5 (당정동),"5, Dangjeong-ro, Gunpo-si, Gyeonggi-do, KOREA",,,,0,,,,,,,hdeg6648@naver.com,True
㈜세원시스템,"Sewon System Co., Ltd.",776-88-00105,,,서현동,제조업,전자기기,"2830, 2622, 2592","19A,19B,17B","1. 전기 전자부품(케이블, 와이어하네스, 인쇄회로기판 등)에 대한 생산
2. 방산부품에 대한 정밀가공(Housing, Cover)
","1. Production of Electric Electronic Parts(Cable, Wire Harness, PCB etc)
2. Precision Processing of Defense Part(Housing, Cover)
",경상남도 창원시 의창구 팔용로 359번길15 (팔용동),"15, Paryong-ro 359beon-gil, Uichang-gu, Changwon-si, Gyeongsangnam-do, KOREA ",,,,0,,,,,,,esp1018@hanmail.net,True
성광씨앤비,Seong Kwang C&B,305-10-38865,,,조성구,"도매,제조,소매","철물,철근밴딩기,적재다이",2922,18A,"철근다이, 절단기, 절곡기의 제조 및 서비스","Manufacture and Service of Rebar Roller, Rebar Cutter, Rebar Bender",충청북도 옥천군 군북면 비야대정로 293-10 (증약리),"293-10, Biyadaejeong-ro, Gunbuk-myeon, Okcheon-gun, Chungcheongbuk-do, KOREA",,,,0,,,,,,,,True
㈜서원수출포장,"Seowon Export Packing Co., Ltd.",125-81-27971,,,윤선업,목제품제조업,목재 외,1722,07A,판지 상자 및 용기의 제조,Manufacture of Paperboard Boxes and containers,경기도 안성시 원곡면 지문로 120-64 (지문리),"120-64, Jimun-ro, Wongok-myeon, Anseong-si, Gyeonggi-do, KOREA ",,,,0,,,,,,,sw126257@hometax.go.kr,True
서원테크,Seowon Tech.,125-22-86309,,,윤선업,제조 외,자동판매기부품 외,"2841, 2812, 2830",19A,"전기전자부품(램프, 스위치류 및 케이블)에 대한 생산","Production of Electric Electronic Parts(Lamp, S/W and Cables)",경기도 안성시 원곡면 지문로 187 (지문리),"187, Jimun-ro, Wongok-myeon, Anseong-si, Gyeonggi-do, KOREA ",,,,0,,,,,,,se5589@naver.com,True
㈜지오엔에너지,"GON Energy Co., Ltd.",305-81-42898,,,박동기,제조업,태양열발전기 외,2811,19A,태양광발전장치의 설계 및 제조,Design and manufacture of photovoltaic devices,"대전광역시 동구 옛신탄진로 55번길 17-27, 1층 (홍도동)","17-27, Yetsintanjin-ro 55beon-gil, Dong-gu, Daejeon, KOREA",,,,0,,,,,,,,True
건우이앤지㈜,"GUNWOO ENG Co., Ltd.",312-86-36443,,,김만중 ,"건설업,제조업",전기공사외,4231,28C,전기 공사의 시공,Construction of Electric Works,충청남도 천안시 서북구 2공단3로 96-6 (업성동),"96-6, 2gongdan 3-ro, Seobuk-gu, Cheonan-si, Chungcheongnam-do, KOREA ",,,,0,,,,,,,gweng001@naver.com,True
㈜곡천산업 ,"GOKCHUN IND Co., Ltd.",124-81-43833,,,이민재,제조업,"전동기및발전기,변압기 외",2629,19B,"전기전자 제품용 세라믹(산업용 HIC, Power Module, 전장용 Sensor, 방산용 Sensor, LED용 HIC, 알루미나 Module 등), 압전 세라믹(산업용 세척기, 용접기, 유량계, 비파괴 검사용 Module 및 피에조 스피커, 의료용 초음파 등) 및 이동통신용 Module에 대한 생산","Production of ceramics for electrical and electronic products (industrial HIC, power modules, sensors for battlefields, sensors for defense, HIC for LED, alumina modules, etc.), piezoelectric ceramics (industrial washing machines, welders, flow meters, modules for non-destructive testing, piezo speakers, medical ultrasound, etc.) and modules for mobile communications",경기도 수원시 팔달구 장다리로229번길 21 (인계동),"21, Jangdari-ro 229beon-gil, Paldal-gu, Suwon-si, Gyeonggi-do, KOREA ",,,www.gokchun.co.kr,0,,,,,,,master@gokchun.co.kr,True
㈜성광옵틱,"Sungkwang optic Co., Ltd.",504-81-77562,,,김응철,제조업,안경케이스 외,2731,19D,"안경케이스, 안경크리너, 선글라스, 돋보기의 설계, 개발 및 제조

","Design, Development, Manufacturing of Glasses Case, Glasses Cleaner, Sunglasses & Reading Glasses
",경상북도 칠곡군 지천면 신동로2길 91-31,"91-31, Sindong-ro 2-gil, Jicheon-myeon, Chilgok-gun, Gyeongsangbuk-do, KOREA ",,,optshop@naver.com,0,,,,,,,,True
일오삼하이테크,153 HIGH TECH Co.,312-31-39867,,,엄정용,제조업,산업기계,"2911, 2916",18A,"산업용(세정기, 에칭기, 충진기) 설비 및 치공구류의 설계, 개발, 설치 및 유지보수","Design, Development, Installation and Maintenance of Industrial Equipments(Tube Clraner, Spray Etcher, Filler) & Tooling(Jig)",충청북도 청주시 청원구 오창읍 중부로 1373 (일신리),"1373, Jungbu-ro, Ochang-eup, Cheongwon-gu, Cheongju-si, Chungcheongbuk-do, KOREA ",,,,0,,,,,,,jy.eom@153hightech.com,True
㈜동언테크,DONG EUN TECH,620-81-23320,,,권정옥,제조업,자동차부품,2229,14B,"자동차용 내장재 및 기타 산업용 제품의 도장, 플라스틱 사출물 제조","Manufacture of interior parts Painting for Automobile and other Industry, Manufacture of plastics injection",울산광역시 울주군 웅촌면 와지공단1길 9-5 (고연리),"9-5, Wajigongdan 1-gil, Ungchon-myeon, Ulju-gun, Ulsan, KOREA",,,,0,,,,,,,de2521@hanmail.net,True
㈜ 하이윈,"HYWIN Co., Ltd.",615-81-85251,,,강용희,제조업,산업기계,2912,18A,"유압시스템 및 산업용 기계에 대한 설계, 개발 및 제조","Design, Development and Manufacture of Hydraulic systems and industrial machinery",경상남도 김해시 주촌면 서부로1293번길 17-71,"17-71, Seobu-ro 1293beon-gil, Juchon-myeon, Gimhae-si, Gyeongsangnam-do, KOREA",,,,0,,,,,,,,True
㈜ 하이윈,"HYWIN Co., Ltd.",615-81-85251,,,강용희,제조업,산업기계,2912,18A,"유압시스템 및 산업용 기계에 대한 설계, 개발 및 제조","Design, Development and Manufacture of Hydraulic systems and industrial machinery",경상남도 김해시 주촌면 서부로1293번길 17-71,"17-71, Seobu-ro 1293beon-gil, Juchon-myeon, Gimhae-si, Gyeongsangnam-do, KOREA",,,,0,,,,,,,,True
주식회사 이삭그레이팅,"ISAAC GRATING Co., Ltd.",124-86-89436,,,조은상,"제조업,도소매",스틸그레이팅외,2593,17B,스틸 그레이팅에 대한 생산,Manufacturing of Steel Grating,경기도 화성시 비봉면 주석로 447,"447, Juseok-ro, Bibong-myeon, Hwaseong-si, Gyeonggi-do, KOREA ",,,,0,,,,,,,,True
동서열처리-,DONG SEO HEAT TREATMENT Co.,609-22-34992,,,김진선,제조업,금속 열처리업,2592,17B,산업용 배관 및 부속품에 대한 열처리,Heat treatment of Industrial Pipes and accessories,경상남도 함안군 군북면 유전1길 110,"110, Yujeon 1-gil, Gunbuk-myeon, Haman-gun, Gyeongsangnam-do, KOREA",,,,0,,,,,,,kjs4096@hanmail.net,True
(주)부건이엔지,"Bugun ENG Co., Ltd.",608-86-08789,,,김은진,제조,"방산부품,항공부품",2591,17B,방위산업 및 항공용부품(금속 보관함 및 브라켓류)에 대한 생산,"Production of Metal Parts for defense industry and Aviation such as Metal box, bracket etc.",경남 창원시 마산회원구 내서읍 용담리 495-1,"495-1.Yongdam-ri,Naeseo-eup,MasanHoewon-guChangwon-si,Gyeongsangnam-do,KOREA",,,jwbuguneng@daum.net,0,,,,,,,,True
㈜태양기전,"TAEYANG MECHATRONICS Co., Ltd.",606-86-12763,,,박석배,제조업,선박구성부분품,"2912, 2721, 3111","18A,19D,20A","엔진제어장비류, 전기 제어반, 압력 및 온도지시 계측기류, 프로렐러 회전 지시계기, Electrical Shaft System, Azimuth, 공압밸브, 엔진텔레그레프시스템, 선박평형수처리장치용 제어반 및 소방설비의 설계, 개발 및 생산","Design, Development, Production of Engine Control Equipment(Pneumatic Manoeuvring System, Manoevring Handle, Emergency Console, Solenoid Valve Box), Electricity Panel, Pressure and Temperature Measuring Instrument(Pressure Gauge Panel, Pressure Indicator), Propeller Revolution Indicator, Electrical Shaft System, Azimuth, Pneumatic Valve, Engine Telegraph System and Control Panel for BWTS(Ballast Water Treatment System) and Fire Fighting",부산광역시 강서구 과학산단2로3번길 40 (지사동),"40, Gwahaksandan 2-ro 3beon-gil, Gangseo-gu, Busan, KOREA ",,,,0,,,,,,,,True
㈜다성하이테크,"DASUNG HIGH TECH Co., Ltd.",314-86-39714,,,유덕희,제조업,"산업기계(기계제작 및 가공,레이저 가공)외",2592,17B,"금속 제품의 설계, 개발, 절단가공 및 제조","Design, Development, Cutting Processing and Manufacture of Metal Product",대전광역시 유성구 테크노7로 32-20(용산동),"32-20, Techno 7-ro, Yuseong-gu, Daejeon, KOREA ",,,,0,,,,,,,dasong9310423@esero.go.kr,True
㈜오성파워텍,"Osung Power Tech Co., Ltd.",606-86-26554,,,"이문기, 이인숙, 김태진",제조업,금속원료 재생업,2421,17A,알루미늄 합금용 베이스 메탈(점보괴) 및 제강용 부산물의 제조,Manufacture of Base Metal for alluminum alloy(jumbo ingots) and Steel making by-Product,충청남도 보령시 웅천읍 산업단지길 10-38,"10-38, Saneopdanji-gil, Ungcheon-eup, Boryeong-si, Chungcheongnam-do, KOREA ",,,opo9069@hanmail.net,0,,,,,,,,True
㈜다성테크놀로지,"DASUNG TECHNOLOGY Co., Ltd.",314-81-93649,,,"초은석,전유만",제조,기계제작및부품가공,"2929, 2916, 3120","18A,22B","반도체 부품, 스크린 골프 장치 부품, 장애인 휠체어 승강기리프트, 철도차량 관련 부품 및 장비의 제조","Manufacture of semiconductor parts, screen golf device parts, wheelchair lifts for the disabled, and railway vehicle-related parts and equipment",대전광역시 대덕구 문평동로 41-32 (문평동),"41-32, Munpyeongdong-ro, Daedeok-gu, Daejeon, KOREA ",,,dst07010@hanmail.net,0,,,,,,,dst07010@hanmail.net,True
주식회사 나노화학,"Nano Chemical Co., Ltd.",305-81-81547,,,장영세,제조업,계면활성제의 제조,2043,12B,계면활성제 및 비산방지제의 제조,Manufacturing of Surfactant and Dust Guard,대전광역시 중구 단재로 426-29 (어남동),"426-29, Danjae-ro, Jung-gu, Daejeon, KOREA",,,,0,,,,,,,,True
㈜드림,"Dream Co., Ltd.",307-81-42929,,,김하운,제조업,자동차부품,3039,18A,점화코일의 제조,Manufacture of Ignition Coil,세종특별자치시 연서면 부국길 143,"143, Buguk-gil, Yeonseo-myeon, Sejong-si, KOREA ",,,,0,,,,,,,kimha1207@hometax.go.kr,True
주식회사 세진테크원,"SE JIN TECHONE Co., Ltd.",609-86-06085,,,김병진 ,제조업,"자동차부품, 금속가공업",2591,17B,"정밀 부품 가공에 대한 생산 및 서비스(자동차부품, 공작기계부품, 산업기계 부품 등)","Precision parts production and services for the processing (auto parts, machine tool parts, industrial machinery parts, etc.)",경상남도 창원시 의창구 대산면 주남로434번길 1 (제동리),"1, Junam-ro 434beon-gil, Daesan-myeon, Uichang-gu, Changwon-si, Gyeongsangnam-do, KOREA",,,,0,,,,,,,sbh22222@hometex.go.kr,True
금강정밀공업사,KEUM KANG PRECISION,606-05-26517,,,박원수,제조,자동차부품,"3039, 2591","18A,17B",자동차용 갤리퍼 부품 및 산업용 밸브의 생산, Manufacture of Valves for Industrial use and Caliper Parts for Automobiles,경상남도 양산시 어곡공단3길 14 (어곡동),"14, Eogokgongdan 3-gil, Yangsan-si, Gyeongsangnam-do, KOREA",,,,0,,,,,,,keumkang@paran.com,True
(주)진보정밀,Jin Bo Precision Co.,608-11-97057,,,진인호,제조업,"셀룰라우드패널및 유사패널, 기타가공공작기계","3039, 2629, 2652","18A,19B","자동차부품, 전기전자 및 중장비부품에 대한 생산 및 부가서비스(프레스 성형제품)","Production and Servicing of Automobile Parts, Electro Parts Electronic Parts & Heavy Automobile Parts(Press molding products)",경상남도 창원시 마산회원구 내서읍 수곡로 43 (용담리),"43, Sugok-ro, Naeseo-eup, Masanhoewon-gu, Changwon-si, Gyeongsangnam-do, KOREA ",,,jb0387@hanmail.net,0,,,,,,,jb0387@hanmail.net,True
주식회사 컨트로맥스,"Contromax Co., Ltd.",318-81-05088,,,하덕주,제조업,기기용자동측정및제어장치외,2914,18A,전기식 구동장치의 제조,Manufacturing of Electro-mechanical actuator & controller,"대전광역시 유성구 은구비로 52 (지족동, 2층)","52, Eungubi-ro, Yuseong-gu, Daejeon, KOREA",,,djha@contromax.com,0,,,,,,,djha@contromax.com,True
(주)모아,"Moa Co., Ltd.",130-86-55116,,,김정연 ,제조업,"전자부품, 자동차부품",2811,19A,"전기자동차용 배터리팩 설계, 개발 및 생산","Design & Development, Manufacturing of battery packs for electric vehicle",대전광역시 유성구 국제과학로 11 (신동),"11, Gukjegwahak-ro, Yuseong-gu, Daejeon, KOREA ",,,club1028@moa-green.com,0,,,,,,,jykim@moa-green.com,True
수성피앤티㈜,"SOOSUNG P&T Co., Ltd.",112-87-00416,,,김봉길,제조업,"반도체 배관설비 제조, 설치","2927, 2612","18A,19B","반도체 장비부품(배관류, 프레임류 등)에 대한 생산 및 설치","Manufacture & Installation of Semiconductor Machine Parts(Piping, Frame etc.)",경기도 평택시 진위면 지산로175번길 200 (마산리),"200, Jisan-ro 175beon-gil, Jinwi-myeon, Pyeongtaek-si, Gyeonggi-do, KOREA ",,,wklee@sspnt.co.kr,0,,,,,,,wklee@sspnt.co.kr,True
㈜아이도요,"I DOYO Co., Ltd.",738-88-00286,,,황종식,"제조업,도소매",가구붙박이씽크 외,2511,17B,"드레스룸(알루미늄 시스템) 및 가구부속(알루미늄 손잡이, 옷걸이 등)에 대한 설계, 개발 및 생산","Design, development and manufacture of aluminum handle and hanger for dress room and furniture","경기도 김포시 통진읍 애기봉로662번길 22-14, 22-18 (귀전리)","22-18, 22-14, Aegibong-ro 662beon-gil, Tongjin-eup, Gimpo-si, Gyeonggi-do, KOREA",,,www.gagujangsik.co.kr,0,,,,,,,sumin1500@naver.com,True
다인,DAIN Co.,317-01-43637,,,윤석중,"제조업,서비스",기타 가공공작기계 제조업,2629,19B,"전력기기 조작기, 기계부품, 기계장비의 설계, 개발, 생산 및 부가서비스","Electric power equipment operation, machine parts, mechanical equipment design, development, production and value-added services",충청북도 청주시 청원구 오창읍 신평중신1길 76 (중신리),"76, Sinpyeongjungsin 1-gil, Ochang-eup, Cheongwon-gu, Cheongju-si, Chungcheongbuk-do, KOREA ",,,hjy@dainet.co.kr,0,,,,,,,hjy@dainet.co.kr,True
㈜로토텍,"ROTOTEC. Co., Ltd.",301-81-42746,,,송 재 구,제조업,금형외,"2511, 4250, 2222","17B,28D,14B","1. 운동시설물,조경시설물,조합놀이대,퍼걸러,그네,시소,미끄럼틀,옥외용벤치의 설계/개발, 제조 및 시공
2. 폴리에틸렌 물탱크의 제조 ","1. Desine, Development, Manufacture, Installation and Construction of Sports facilities, combined facilities and swings, seesaw, pergola, swings, slides
2. Manufacturing of polythene water tanks
","충청북도 청주시 흥덕구 서현북로 42(가경동,2층)","42,Seohyunbuk-ro, Heungdeok-gu, Cheongju-si, Chungbuk, KOREA, (Gagyeong-dong, second floor)
",,,http://www.rototec.co.kr,0,,,,,,,rototec05@naver.com,True
가보테크㈜,"GABO TECH Co., Ltd.",215-81-63703,,,김성환,제조업,종이 및 종이제품의 제조업,1790,07A,종이 및 종이제품의 제조업,Manufacturing of Paper and Paper Products,전라북도 남원시 송동면 노송로 715-24 (신평리),"715-24, Nosong-ro, Songdong-myeon, Namwon-si, Jeollabuk-do, KOREA ",,,gabo1997@daum.net,0,,,,,,,gabo1997@daum.net,True
㈜상일전기,"SANGIL Co., Ltd.",305-86-19771,,,송상헌,제조업,"수배전반, 분전반의 제조",2812,19A,"수배전반, 분전반 및 자동제어 판넬의 제조","Manufacture of switchgear, distribution boards and automatic control panel",대전광역시 대덕구 오정로76번길 33 (오정동),"33, Ojeong-ro 76beon-gil, Daedeok-gu, Daejeon, KOREA",,,ssh6333019@hanmail.net,0,,,,,,,ssh6333019@hanmail.net,True
영신전기,YOUNGSHIN ELECTRIC Co.,305-24-44632,,,유영신,제조업,수배전반및 분전반의 제조,2812,19A,"수배전반, 분전반 및 자동제어 판넬의 제조","Manufacture of switchgear, distribution boards and automatic control panel",세종특별자치시 조치원읍 신흥고샅길 2,"2, Sinheunggosatgil, Jochiwon-eup, Sejong-si, KOREA",,,ssh6333019@hanmail.net,0,,,,,,,yysin0921@hanmail.net,True
가네마츠 주식회사,"KANEMATTSU Co., Ltd.",839-87-00205,,,김성환,제조업,종이 및 종이제품의 제조업,1790,07A,종이 및 종이제품의 제조업,Manufacturing of Paper and Paper Products,전북특별자치도 남원시 송동면 노송로 715-24 ,"715-24, Nosong-ro, Songdong-myeon, Namwon-si, Jeonbuk-do, KOREA",,,gabo1997@daum.net,0,,,,,,,gabo1997@daum.net,True
㈜신진커넥터,"Sin Jin Co., Ltd.",615-81-63596,,,이경덕,제조,"유,공업부품","2591, 2592, 2912","17B,18A","1. 자동차부품에 대한 절삭 가공 및 부가서비스
2. 유압부품에 대한 프레스, 가공, 조립 및 부가서비스","1. The cutting and serviceing for auto parts
2. Press working on the hydraulic part, assembly and servicing",부산광역시 강서구 미음국제4로 50 (미음동),"50, Mieumgukje 4-ro, Gangseo-gu, Busan, KOREA ",,,,0,,,,,,,dw450@naver.com,True
주선산업 주식회사,"JOOSUN Co., Ltd.",314-81-66536,,,김기봉,"건설업,제조업","철골 및 철근공사,비철금속,창호,철물,유리 등","4213, 2511","28C,17B","금속, 알루미늄, PVC 창호의 설계, 개발, 제작 및 시공","Design, Development, Manufacture and Construction of Metal, Aluminum, PVC Windows and Doors",충청남도 금산군 진산면 웡골길 21,"21, Wonggol-gil, Jinsan-myeon, Geumsan-gun, Chungcheongnam-do, KOREA ",,,jusun1166@hanmail.net,0,,,,,,,jusun1166@hometax.go.kr,True
주식회사 금성하이텍,"Geumseong Hitech Co., Ltd.",608-86-04935,,,제현규,제조업,주형및금형,"2591, 2629","17B,19B","자동차부품, 전기전자 및 중장비부품에 대한 생산 및 부가서비스(프레스 성형제품)","Automobile parts, Production and servicing of Electrical and electronic components sand heavy equipment parts. (press-molded products)",경상남도 창원시 마산회원구 내서읍 중리공단로5길 14,"14, Jungnigongdan-ro 5-gil, Naeseo-eup, MasanHoewon-gu, Changwon-si, Gyeongsangnam-do, KOREA",,,2312753@naver.com,0,,,,,,,2312753@naver.com,True
㈜세원정공,"SEWON MINUTENESS Co., Ltd.",314-81-64315,,,김남수,제조업,금속 절삭기계 제조업,2591,17B,"금속가공품(공작기계부품, 산업기계부품)에 대한 제조","Manufacturing of Processed(Machine tool parts, Industrial mechanical components)",대전광역시 유성구 테크노2로 76 (관평동),"76, Techno 2-ro, Yuseong-gu, Daejeon, KOREA ",,,kp0206@naver.com,0,,,,,,,kp0206@naver.com,True
주식회사 엘프시스템,"ELF System Co., Ltd.",519-87-00733,,,정병수,"제조업, 도매업","레이저용접장비,연료전지 프레스기",2432,17A,레이저 용접가공품 및 연료전지용 STACK에 대한 생산,Manufacture of laser Welding Processed Goods and Stack for Fuel Cell,경상남도 창원시 성산구 상복산단1로 10 (신촌동),"10, Sangboksandan 1-ro, Seongsan-gu, Changwon-si, Gyeongsangnam-do, KOREA",,,elfsystem@elfsystem.co.kr,0,,,,,,,elfsystem@elfsystem.co.kr,True
㈜성산,"SEONG SAN CONSTRUCTION Co., Ltd.",610-81-21913,,,차정현,"건설, 제조","설비공사, 철물공사","4122, 4220, 2511","28B,28D,17B","1. 플랜트 기계 설비 공사(배관, 단열, 도장, 기계 설치, 철 구조물 생산 및 설치) 및 전문소방시설 공사
2. 발전환경설비의 제작, 설치 및 보수
3. 비계·구조물 해체공사","1. Construction of Plant machinery (piping, insulation, coating, machine installation, steel structure production and installation) and Professional firefighting facility construction
2. Fabrication, installation and maintenance of power generation and environmental facilities
3. Construction of Scaffolding and Structural Demolition",울산광역시 남구 두왕로154번길 28 (선암동),"28, Duwang-ro 154beon-gil, Nam-gu, Ulsan, KOREA ",,,ulsca076@naver.com,0,,,,,,,ulsca076@naver.com,True
경남포장,Gyeong Nam Packing,609-13-77039,,,김유림,제조,목재포장,"1721, 1623","07A,06A","포장, 운반 용기의 제조","Manufacture of Packing, Transportation, Container",경상남도 함안군 칠북면 화천길 289,"289, Hwacheon-gil, Chilbuk-myeon, Haman-gun, Gyeongsangnam-do, KOREA ",,,knpacking@naver.com,0,,,,,,,hj109499@chol.com,True
알파테크,ALPHA TECH Co.,124-38-70241,,,김재균,제조업,판금가공,"2599, 2922","17B,18A","1) 반도체 장비의 프레임, 커버, 부품에 대한 개발, 제조 및 부가서비스  
2) 레이저 가공 및 판금 임가공","1) Development, Manufacture and Servicing of Frame, Cover and Components for Semiconductor 
 2) Laser Processing and Toll Processing of Metal Plate","경기도 화성시 정남면 만년로 635-22 (1동, 2동)","635-22, Mannyeon-ro, Jeongnam-myeon, Hwaseong-si, Gyeonggi-do, KOREA ",,,www.alpha1215.co.kr,0,,,,,,,alpha1215@hanmail.net,True
주식회사 터보만이엔에스,"TurboMann ENS Co., Ltd.",101-88-00276,,,김동준,제조업,산업용관련장비제조업,2917,18A,"터보블로워, 터보컴프레서, 터보냉동기의 제조 및 설치","Manufacture and Installation of Turbo Blowers,Turbo Compressors and Turbo Chillers System ",충청북도 청주시 청원구 팔결로 315 (외하동),"315,Palgyeol-ro, Cheongwon-gu, Cheongju-si, Chungbuk, KOREA, (Oehadong)",,,ttakji3@naver.com,0,,,,,,,kimdj-go@nate.com,True
유토피아정보기술㈜,UTOPIA Information Technology,114-86-76763,,,안종섭,"건설업, 도소매, 서비스","전문건설하도급, 전기통신서비스, 유지보수",4232,28C,"정보통신공사의 설계, 시공, 설치 및 부가서비스","Design, Installation and Service of Information Communication Construction","서울특별시 서초구 방배천로 8길 15, 2층 201호(방배동 유성빌딩)","15, Bangbaecheon-ro 8-gil, Seocho-gu, Seoul, KOREA",,,ajs@utopia-it.com,0,,,,,,,ajs4918@utopia-it.net,True
삼성산업㈜,"SAM SUNG INDUSTRIAL Co., Ltd.",417-81-13584,,,조삼성,제조업,금속 조립구조재 제조,"2914, 2917",18A,"EXPANSION JOINT, STRAINER, SILENCER, FLEXIBLE HOSE에 대한 설계 및 생산 ","Manufacturing, Design of EXPANSION JOINT, STRAINER, SILENCER, FLEXIBLE HOSE",전라남도 여수시 어항로 40,"40, Eohang-ro, Yeosu-si, Jeollanam-do, KOREA",,,bellows4870@hanmail.net,0,,,,,,,,True
㈜지유테크,"GU Tech Co., Ltd.",312-86-64110,,,김성민,제조업,자동제어반 제작 등,"2812, 2721","19A,19D","자동제어 시스템의 설계, 개발 및 제조","Design, Development and Manufacture of Automatic Control System",충청남도 천안시 서북구 직산읍 신갈2길 25 (신갈리),"25, Singal 2-gil, Jiksan-eup, Seobuk-gu, Cheonan-si, Chungcheongnam-do, KOREA",,,lhj@gutech.co.kr,0,,,,,,,ysm1@gutech.co.kr,True
㈜아진전력,"A JIN ELECTRICity Co., Ltd.",417-81-19462,,,배철휴,건설 및 제조,"전기공사업, 판넬제조",4231,28C,전기공사의 시공,The construction of Electrical engineering,전라남도 여수시 봉계1길 27 (주삼동),"27, Bonggye 1-gil, Yeosu-si, Jeollanam-do, KOREA",,,ajin6963@naver.com,0,,,,,,,ajin6963@naver.com,True
㈜경우,"Kyung woo Co., Ltd.",513-81-09976,,,문제희,제조업 외,"전기점연체, 자동차부품, LED조명 외",2621,19B,"비디오폰, 도어카메라, 핸드폰용 무선 및 고속 충전기, LED 조명기구, 오토바이 및 자전거용 전기배터리 팩 및 충전기, 프레스 제품류의 설계, 개발, 생산 및 부가서비스","Videophone, Door Camera, Charger(High Speed & Wireless) for Phones, LED Lighting Fixtures, Electric Battery Packs and Chargers for Bicycles and Motorcycles, Parts of Press Products Design, Development, Production and value-Added Services",경상북도 구미시 3공단3로 55-6 (시미동),"55-6, 3gongdan 3-ro, Gumi-si, Gyeongsangbuk-do, KOREA",,,dudekf0@naver.com,0,,,,,,,8864dong@hanmail.net,True
㈜에어사운드,AIRSOUND Inc.,318-81-00647,,,백민호,제조,"정보통신제품,전기전자,방송통신기기","2641, 2652",19B,"음향, 통신장비의 개발 및 제조 ",Development and manufacture of audio and communication equipment,"대전광역시 유성구 테크노1로 75 (관평동, 한밭대학교 대덕산학융합캠퍼스내)","(Daeduk campus of Hanbat National University) 75, Techno 1-ro, Yuseong-gu, Daejeon, KOREA",,,,0,,,,,,,,True
㈜열림정보기술,"Yeollim Information Technology Co., Ltd.",215-81-92566,,,고동민,"건설,제조 외","통신공사,컴퓨터및주변기기 외",4232,28C,"Q: 정보통신공사 설계 및 설치
O: 정보통신공사","Q: Design, Development, Installation of Information & Communication
O: Information and Communication Corporation","서울특별시 성동구 아차산로17길 48, 1동 1312-1314호(성수SK V1센터) (성수동2가)","#1312-1314, 48, Achasan-ro 17-gil, Seongdong-gu, Seoul, KOREA",,,www.yeollim.com,0,,,,,,,bokbok@yeollim.com,True
㈜우리원에너지,"Urioneenergy Co., Ltd.",314-86-53623,,,신문식,도매업,기초 금속 및 조립금속제품,"2851, 2512","18A,17B","농업용 전기온풍기, 하이브리드인덕션보일러의 설계, 개발 및 생산 ","Design/development and production of agricultural Electric boilers, Induction Hybrid boilers.","대전광역시 유성구 테크노1로 75, 101호(관평동)","75, Techno 1-ro, Yuseong-gu, Daejeon, KOREA",,,mmmsik@nate.com,0,,,,,,,mmmsik@nate.com,True
㈜대한테크,"DAEHAN TECH Co., Ltd.",513-81-70340,,,강민구,제조업,자동화 설비,2922,18A,"자동화 설비의 설계, 개발 및 제조","Design, Development and Manufacture Of Automation Equipment",충청남도 아산시 음봉면 아산밸리로459번길 35 (신휴리),"35, Asanbaelli-ro 459beon-gil, Eumbong-myeon, Asan-si, Chungcheongnam-do, KOREA",,,www.dh-tec.co.kr,0,,,,,,,daehan2613@hometax.go.kr,True
대화산업㈜,"Dae Hwa industry Co., Ltd.",305-86-29361,,,김유권,제조업,차량용 부품 제조,3039,18A,차량용 부품(머리받침 및 팔걸이)의 제조,Manufacture of automotive parts(Headrest and Armrest),대전광역시 대덕구 대화로 32번길 145 (대화동),"145, Daehwa-ro 32beon-gil, Daedeok-gu, Daejeon, KOREA",,,morning2011@hanmail.net,0,,,,,,,mtm75mtm@hometax.go.kr,True
닥터하스킨 주식회사,"Dr. HASKIN Co., Ltd.",444-87-00031,,,한남규,제조업,화장품,2042,12B,향수 및 기초 화장품 제조,Manufacture of Perfumes and Basic Cosmetics,대전광역시 대덕구 대덕대로1448번길 210 (신일동),"210, Daedeok-daero 1448beon-gil, Daedeok-gu, Daejeon, KOREA",,,cos5130@hanmail.net,0,,,,,,,cos5130@hanmail.net,True
㈜광천,"KAONG CHEN Co., Ltd.",402-81-70337,,,김종옥,제조업,의류,"1412, 1322","04C,04A",내의류 및 방한마스크의 제조,"Manufacture of Underclothing
& Cold Weather Mask",전북 전주시 덕진구 초포다리로 43(호성동1가),"43, Chopodari-ro, Deokjin-gu, Jeonju-si, Jeollabuk-do, KOREA",,,kakc2@naver.com,0,,,,,,,kakc2@naver.com,True
(주) 유진에코씨엘 ,"YUJIN ECOCIEL. Co., Ltd.",120-87-32210,,,오영미,제조업,산업용 재생재료,2593,17B,SC BALL의 생산,Production of SC BALL,"서울특별시 송파구 백제고분로 75(잠실동, 올림피아빌딩508호)","(Olympia B/D Room #508, Jamsil-dong) 75, Baekjegobun-ro, Songpa-gu, Seoul, KOREA",,,ujin3663@hanmail.net,0,,,,,,,ujin3663@hanmail.net,True
㈜엔지니어스톡,"ENGSTOK Co., Ltd.",559-87-00124,,,김성환,제조업외,전자부품제조외,"2612, 2622",19A,산업용 단말기의 제조,Manufacture and Additional of Industrial Data Terminal Equipment,"대전광역시 유성구 문지로 272-16, 412호 (문지동)","#412, 272-16, Munji-ro, Yuseong-gu, Daejeon, KOREA",,,,0,,,,,,,shkim@engstok.com,True
㈜아이티앤컴퍼니,"I.T. & COMPANY Co., Ltd.",123-86-20230,,,장명란,제조업,플라스틱 사출성형,"2222, 2223",14B,"플라스틱 용기의 설계, 개발 및 제조","Design, Development and Manufacture of Plastic Bottle",경기도 군포시 고산로126번길 10(당정동),"10, Gosan-ro 126beon-gil, Gunpo-si, Gyeonggi-do, KOREA",,,si8428@hanmail.net,0,,,,,,,itn3662@naver.com,True
비케이 주식회사,"Brand Knight Co., Ltd.",301-86-28619,,,손권희,건설업,"기계설비,소방설비",4220,28D,기계설비 공사(설치) 및 서비스,Construction(Installation) of Machine Equipments,"충청남도 보령시 주교면 대천방조제로 751, 2층 ","751, Daecheonbangjoje-ro, Jugyo-myeon, Boryeong-si, Chungcheongnam-do, KOREA",,,,0,,,,,,,bk9310224@naver.com,True
이앤이 주식회사,"ENE Co., Ltd.",609-86-22052,,,김유중,제조업,유공압시스템및부품제조업,"2912, 2812","18A,19A","유공압시스템 및 전기전자제어시스템의 설계, 개발 및 제조","Design, Development and Manufacture of Hydraulic System and Electronic Control System",경상남도 창원시 의창구 대산면 가술산단로 52,"52, Gasulsandan-ro, Daesan-myeon, Uichang-gu, Changwon-si, Gyeongsangnam-do, KOREA",,,Doku1000@empas.com,0,,,,,,,2014ene@naver.com,True
팸텍주식회사,Pamtek Corparation ,124-86-35639,,,김재웅,제조 외,반도체장비외,2927,18A,"자동화장비(반도체, 전자부품)의 설계, 개발, 생산 및 설치","Design Development, Manufacture and Installation of Manufacturing Automation Equipment(Semiconductor, Electronic Parts)",경기도 화성시 동탄면 동탄산단9길 9-22 (동탄면),"9-22, Dongtansandan 9-gil, Dongtan-myeon, Hwaseong-si, Gyeonggi-do, KOREA",,,www.pamtek.com,0,,,,,,,,True
팸텍주식회사,Pamtek Corparation ,124-86-35639,,,김재웅,제조 외,반도체장비외,2927,18A,"자동화장비(반도체, 전자부품)의 설계, 개발, 생산 및 설치","Design Development, Manufacture and Installation of Manufacturing Automation Equipment(Semiconductor, Electronic Parts)",경기도 화성시 동탄면 동탄산단9길 9-22 (동탄면),"9-22, Dongtansandan 9-gil, Dongtan-myeon, Hwaseong-si, Gyeonggi-do, KOREA",,,www.pamtek.com,0,,,,,,,,True
㈜스카이텍,"Sky Tech Co., Ltd.",788-88-00414,,,이정숙,제조업,연구시설장비 및 과학기기,"3031, 5822","18A,33B",무인항공기(드론)의 제조 및 소프트웨어의 개발,Manufacturing of unmanned aerial vehicles (drone) and development of software,"대전광역시 유성구 테크노9로 35, 206호","206ho, 35, Techno 9-ro, Yuseong-gu, Daejeon, KOREA",,,,0,,,,,,,jungsuk@nate.com,True
㈜이노티아이에이,"INNO T.I.A Co., Ltd.",314-86-12340,,,권찬호,제조업,"기계장비설비, 전지 전자기기",7212,34A,자동제어시스템의 설계 및 구현,Design and Implementation of Automatic Control System,대전광역시 유성구 테크노1로 57(관평동),"57, Techno 1-ro, Yuseong-gu, Daejeon, KOREA",,,,0,,,,,,,seonmi.lee@innotk.com,True
㈜보성특수농산,"Bo seong Co., Ltd.",416-81-33404,,,정병찬,"제조업, 도소매","도정업, 농산물가공식품",1061,03A,곡물 가공품의 제조,Manufacture of processed grain products,전라남도 보성군 득량면 공룡로 1273-6,"1273-6, Gongnyong-ro, Deungnyang-myeon, Boseong-gun, Jeollanam-do, KOREA",,,,0,,,,,,,lsyjsw0705@hometax.go.kr,True
㈜삼보씨엠티,"SAMBO C.M.T Co., Ltd.",301-86-11350,,,김대길,제조업,기타 도금업,2592,17B,금속 표면처리의 도금 ,Plating of Metal surface treatment ,충청북도 청주시 흥덕구 사운로374번길 48(신봉동),"48, Saun-ro 374beon-gil, Heungdeok-gu, Cheongju-si, Chungcheongbuk-do, KOREA",,,,0,,,,,,,sombo7342@naver.com,True
금강테크㈜,"Kumkang Tech Co., Ltd.",301-81-83150,,,임연수,제조업,윤활유 급유장치의 제조,"2913, 3039","18A,22D","Water Pump, Electric Grease Pump, 프로펠러샤프트, Breaker 급유장치, 그리스 분배구의 설계, 개발 및 제조","Design, Development and Manufacturing of Water Pump, Electric Grease Pump, Propeller shaft, Breaker Lubrication Device, Greece volleyball",충청북도 청주시 흥덕구 옥산면 오송가락로 732 (옥산면),"732, Osonggarak-ro, Oksan-myeon, Heungdeok-gu, Cheongju-si, Chungcheongbuk-do, KOREA",,,limys7@nate.com,0,,,,,,,limys70@nate.com,True
이조산업,IEECHO INDUSTRIAL Co.,130-32-76480,,,조계래,제조업,기타전자관 및 기타전자부품,2830,19A,Harness에 대한 생산,"Manufacture of Harness
","인천광역시 연수구 갯벌로 129, 402호 (송도동, 산업기술연구집적센터)","129, Gaetbeol-ro, Yeonsu-gu, Incheon, KOREA ",,,leecho1994@hanmail.net,0,,,,,,,leecho1994@hometax.go.kr,True
첨단엔진주식회사,"CHUM DAN ENGINE Co., Ltd.",609-81-83409,,,이남숙,제조,자동차부품,2914,18A,"베어링 부품(내륜, 외륜, 슬리브)에 대한 생산","Manufacture of Bearing Ring Parts(Inner, Outer, Sleeve)",경상남도 창원시 마산회원구 자유무역2길 110 (양덕동),"110, Jayumuyeok 2-gil, Masanhoewon-gu, Changwon-si, Gyeongsangnam-do, KOREA",,,www.chum-dan.com,0,,,,,,,chumdan-qc@chum-dan.com,True
㈜피케이엘앤에스,"PK LNS Co., Ltd.",131-86-55161,,,박성우,제조업 외,전자부품 외,"2629, 2812, 2632","19A,19B"," 전자교탁, 전자칠판, 태블릿 모니터, 컨트롤러의 설계, 개발, 제조 및 유지보수","Design, Development, Manufacture and Maintenance of Electric Teacher's Desk, Electronic Blackboard, Table Moniter, Controller","인천광역시 남동구 남동서로113번길 48, 3층(고잔동)","48, Namdongseo-ro 113beon-gil, Namdong-gu, Incheon, KOREA",,,www.pklns.com,0,,,,,,,yhj@pklins.com,True
㈜21하이테크,"21 Hi-Tech Co., Ltd.",124-81-68038,,,김재진,제조업 외,기계제작 외,2916,18A,"자동화설비, 정밀기계, 유증기액화장비에 대한 설계, 개발 및 제작","Design, Development and Manufacture of Automatic Facilities Equipment, Precision Machinery and Vapor Recovery System",경기도 화성시 향남읍 발안공단로4길 81 (향남읍),"(Balan Industry Complex) 81, Barangongdan-ro 4-gil, Hyangnam-eup, Hwaseong-si, Gyeonggi-do, KOREA",,,21hitech@daum.net,0,,,,,,,21hitech@hanmail.net,True
㈜두원전기소방,"DOOWON EF Co., Ltd.",307-81-23499,,,김동욱,제조업 외,태양광발전장치 외,"2811, 4122","19A,28B","태양광발전장치의 제조, 개발, 시공 및 유지보수"," Manufacture, Development, Construction and Mainterance of Solar Power System ",충청북도 증평군 증평읍 단지바우로2길 41,"41, Danjibau-ro 2-gil, Jeungpyeong-eup, Jeungpyeong-gun, Chungcheongbuk-do, KOREA ",,,dwkim119@hanmail.net,0,,,,,,,dwkim119@hanmail.net,True
㈜세명폴리텍,"SEMYUNG POLYTECH Co., Ltd.",301-81-94341,,,조혜숙,제조업,투명 방음판,"2511, 2221, 4213, 4242","17B,14B,28C","투명 방음판, 흡음방음판, 플라스틱 표면 강화, 합성수지 시트 및 아크릴 휠타 가공업, 조경시설물 설치 공사업, 창호 철물에 대한 설계/개발, 제조, 무역 및 유지보수","Designe, Development, Manufactur, Trade and Maintenance of Transparent Soundproofing Plate, Sound Absorption Soundproofing  Plate, Strengthen of Plastic Surface, Processing for Synthetic Resins Sheet and Acrylic Filter, Scagliola, Installation Landscape, Window & Doors Works",충청북도 청주시 흥덕구 덕암로 14 (봉명동),"14, Deokam-ro, Heungdeok-gu, Cheongju-si, Chungcheongbuk-do, KOREA ",,,ch625@hanmail.net,0,,,,,,,smpoly0613@hanmail.net,True
씨엔에스,C&S,301-26-38369,,,최헌식,제조업,투명 방음판,"2511, 2221, 4213, 4242","17B,14B,28C","1. 접합유리, 파워그라스에 대한 조립, 설치 및 유지보수
2. 창호철물에 대한 조립, 설치 및 판매 유지보수
3. 투명방음판에 대한 설계/개발, 제조 및 유지보수","1. Laminated glass, glass assembly for power, installation and maintenance
2. Boiled for windows and doors hardware, installation, maintenance and sales
3. Designed for transparent sound insulation board/ developing, manufacturing and maintenance",충청북도 청주시 흥덕구 덕암로 16 (봉명동),"16, Deokam-ro, Heungdeok-gu, Cheongju-si, Chungcheongbuk-do, KOREA ",,,ch625@hanmail.net,0,,,,,,,ch625@hanmail.net,True
㈜유인프라웨이,"Uifraway Co., Ltd.",129-86-24990,,,정병화,제조업외,"전기회로개폐,보호및접속외","2842, 2629",19A,"가로등용, 보안등용 자동점멸기 및 스마트 RTU에 대한 설계, 개발 및 생산","Design, Development & Manufacture of Smart RTU and Electronic Controller(Street Lighting, Security Lighting)","경기도 수원시 영통구 영통로241번길 12-35 (신동, 민교빌딩)","12-35, Yeongtong-ro 241beon-gil, Yeongtong-gu, Suwon-si, Gyeonggi-do, KOREA",,,,0,,,,,,,,True
신대정식품,SHINDAEJEONG FOODS Co.,307-04-81033,,,정재선 ,제조업,단무지,1030,03A,"절임류(단무지, 쌈무, 오이지)의 생산","The Manufacture of Saited Foods(Pickled Radish, Pickled Sliced Radish and Salted Cucumber Pickle) ",충청남도 공주시 의당면 송정길 118,"118, Songjeong-gil, Uidang-myeon, Gongju-si, Chungcheongnam-do, KOREA ",,,jiae-7777@hanmail.net,0,,,,,,,,True
주식회사 타미드,"Tamiyd Co., Ltd.",163-88-00634,,,김효환,제조업,"골프용품(골프공), 자동차부품","3201, 3330, 3039","23A,23C,22D","자동차부품(헤드레스트, stay 가공) 및 골프용품(골프공)의 제조","Manufacturer of Automotive parts(Headrest, process stay) & Golfthings(golf ball)",울산광역시 울주군 언양읍 반천산업로 80-62 ,"80-62, Bancheonsaneop-ro, Eonyang-eup, Ulju-gun, Ulsan, KOREA ",,,daehung98@daum.net,0,,,,,,,tamid2017@naver.com,True
농업회사법인 ㈜백제,"BAEKJE CORPORATION Co., Ltd.",310-81-25339,,,15+C+DH170:EE170,제조업,"면류, 떡류 제조업",1073,03A,"면류(쌀국수, 쫄면, 냉면 등), 당면, 떡류, 냉동면류의 제조 ","Manufacture of Noodle, Dangmyeon, Rice Cake, Frozeon Noddle",충청남도 홍성군 광천읍 오서길 209-7 (광천읍),"209-7, Oseo-gil, Gwangcheon-eup, Hongseong-gun, Chungcheongnam-do, KOREA ",,,qc78@daum.net,0,,,,,,,baekje@esero.go.kr,True
씨엔비산업주식회사,"C&B Industrial Co., Ltd.",305-81-94590,,,김종구,제조업,"산업기계,산업프랜트","2923, 2929, 4122","18A,28B","산업 기계, 플랜트의 설계/개발, 제작, 판매 및 유지보수","Design/Development, Manufacture, Sales and Maintenance of Industrial Machine, Plant","충청남도 금산군 추부면 신평공단1로 69, 1층","69, Sinpyeonggongdan 1-ro, Chubu-myeon, Geumsan-gun, Chungcheongnam-do, KOREA ",,,cnb1725@cnbind.com,0,,,,,,,cnb1725@cnbind.com,True
(주)건강마을,"Health Fitness Co., Ltd.",305-81-68976,,,김은경,제조업 외,혼합음료제조 외,"1079, 1120, 1074, 2919","03A,18A","1) 홍삼제품류, 혼합음료, 다류, 야채과일주스, 장류의 제조 및 판매
2) 스파우트충진기의 설계, 개발 및 생산","1) Manufacture and Sales of Red Ginseng, Mixed Beverage, Teas, Vegetable, Fruit Juice and Korean Traditional Paste
2) Desigin, Development and Manufacture of Spout Filling Machine",충청남도 논산시 연무읍 양지길 45-41,"45-41, Yangji-gil, Yeonmu-eup, Nonsan-si, Chungcheongnam-do, KOREA ",,,www.i-health.kr,0,,,,,,,i-health@i-health.kr,True
(주)성신테크,"SungShin tech Co., Ltd.",305-81-92194,,,김범규,제조업,반도체 제조용 기계 제조업,"2927, 2513","18A,17B","반도체 기계 장비, 핵융합 발전기계용 부품의 제조","Manufacturing of Semiconductor machinery equipment, Parts for Fusion Machine",대전광역시 대덕구 대덕대로1448번길 190(신일동),"190, Daedeok-daero 1448beon-gil, Daedeok-gu, Daejeon, KOREA ",,,mctjjang@hanmail.net,0,,,,,,,,True
승일미디어그룹 주식회사,"Seung-il Media Group Co., Ltd.",314-86-48362,,,정재원,"제조업, 서비스외","인쇄, 현수막제조, 광고물제조외","1811, 1812",09A,"정기간행물, 기타인쇄물의 생산",Manufacturing of periodicals and other printed matter,"대전광역시 서구 계룡로326번길 3 (갈마동, 승일미디어타워)","3, Gyeryong-ro 326beon-gil, Seo-gu, Daejeon, KOREA",,,no1green@naver.com,0,,,,,,,no1green@naver.com,True
㈜멀티테크,"Multi Tech Co., Ltd.",317-81-41908,,,임택근,제조업,자동차 부품,3201,23A,자동차 부품(카시트)의 제조,Manufacturing of automobile parts (car seat),충청북도 청주시 흥덕구 오송읍 연제길 183-8 ,"183-8, Yeonje-gil, Osong-eup, Heungdeok-gu, Cheongju-si, Chungcheongbuk-do, KOREA ",,,ylim0419@naver.com,0,,,,,,,ylim4190@hometax.go.kr,True
(주)엠알티인터내셔널,"MRT International Co., Ltd.",109-86-44236,,,길완제,제조업 등,"전자부품, 교육용로봇및교육키트","2652, 2928, 2929","19B,18A","전자부품, 로봇, 금형의 설계, 개발 및 제조","Design, Development and Manufacture of Electronics Parts, Robot & Mold","서울특별시 마포구 성암로 330, 420호 (상암동, DMC첨단산업센터)","330, Seongam-ro, Mapo-gu, Seoul, KOREA",,,zkemap@naver.com,0,,,,,,,mrtinternational@hometax.go.kr,True
스코아 주식회사,"SCOA Co., Ltd.",620-81-53692,,,전학수,제조업,자동차부품,"3201, 2928","23A,18A",자동차용 헤드레스트 어셈블리의 제조,"Manufacture of Esembeulli's, Head restraint  ",울산광역시 북구 매곡산업6길 24 (매곡동),"24, Maegoksaneop 6-gil, Buk-gu, Ulsan, KOREA ",,,0,0,,,,,,,scoa0701@naver.com,True
㈜써키트플렉스,"CIRCUIT FLEX Co., Ltd.",134-81-54282,,,"윤기찬, 강도희","제조, 부동산업","전자부품, 임대",2622,19A,연성 인쇄회로기판(Flexible Printed Circuit Board)에 대한 생산,Manufacture of Flexible Printed Circuit Boards,"경기도 안산시 단원구 범지기로141번길 79, 1층(원시동)","79, Beomjigi-ro 141beon-gil, Danwon-gu, Ansan-si, Gyeonggi-do, KOREA ",,,jhjeon@f-pcb.co.kr,0,,,,,,,jhjeon@f-pcb.co.kr,True
주식회사 콤델코리아,"COMDEL Korea Co., Ltd.",142-81-71754,,,주민수,"제조, 도매 및 소매업외","전자관제조업, 플라즈마발생용장치 외","2629, 2641","19A,19B","Power supply, Power transistor, RF generator, Impedance Matching unit, ESC power supply 및 RF filter에 대한 설계, 개발, 생산 및 부가서비스","Design, Development, Manufacture, Services of Power supply, Power transistor, RF generator, Impedance Matching unit, ESC power supply and RF filter","경기도 용인시 기흥구 흥덕중앙로 120 (영덕동, 흥덕UTOWER)","120, Heungdeokjungang-ro, Giheung-gu, Yongin-si, Gyeonggi-do, KOREA ",,,www.comdelkorea.com,0,,,,,,,eric_joo@comdelkorea.com,True
(주)수성공조,"SooSung Industrial Co., Ltd.",126-86-02056,,,이택수,제조업 등,공조용 덕트,"2512, 4220","17B,28D","공조용 덕트류의 설계, 개발, 생산 및 설치 ","Design, Development, Manufacture and Installation of Duct",경기도 이천시 백사면 청백리로 181-20,"#181-20,  Cheongbaekri-ro, Baeksa-myeon, Icheon-si, Gyeonggi-do, KOREA",,,soosungduct@daum.net,0,,,,,,,,True
㈜예인디자인그룹,"YEIN Co., Ltd.",301-86-00232,,,황석정,건설업,실내건축업,"4241, 7211","28C,34A","실내 건축물 인테리어 디자인, 시공 및 감리","Design, Construction and Supervision of Indoor Building Interior",충청북도 청주시 서원구 2순환로 1490(성화동),"1490, 2sunhwan-ro, Seowon-gu, Cheongju-si, Chungcheongbuk-do, KOREA",,,yein2015@hanmail.net,0,,,,,,,,True
주식회사 하다,"HADA Co., Ltd.",403-81-70868,,,하종우,제조 외,농업용 기계 및 장비,"2921, 3039, 3020","18A,22A","땅속작물수확기(HADA-MH1200B),마늘쪽선별기(HADA-JKGS4M),통마늘선별기(HADA-GS4), 마늘쪽분리기(HADA-GSB4-4), 농산물선별기(HADA-GBSW), 탈망기(HADA-GSS), 마늘파종기(JK-GPS7T, HADA-GPS9T, HADA-CSPG2,HADA-CSPG6, HADA-KTG6, HADA-KTG8), 줄기절단기(HADA-STD1500), 동력수확기(HADA-SGC850B), 두둑성형기(HADA-BM1100), 건조기(HADA-D2W, HADA-D4W), 자동조향키트(FJNBD-2.5RD), 로봇방제기(HADA-SR300S, HADA-SR300A), 고소작업차(HADA-HL35), 수확대차(HADA-HT25)의 설계, 개발 및 제조","Design, Development, Manufacture of Underground crop harvester(HADA-MH1200B), Garlic Separator(HADA-JKGS4M), Whole Garlic Separator(HADA-GS4), Garlic Separator(HADA-GSB4-4), Agricultural products sorting machine(HADA-GBSW), Demagnetizer(HADA-GSS), Garlic sowing machine(JK-GPS7T, HADA-GPS9T, HADA-CSPG2,HADA-CSPG6, HADA-KTG6, HADA-KTG8), Stem Cutter(HADA-STD1500), Power harvester(HADA-SGC850B), Thickness forming machine(HADA-BM1100), Dryer(HADA-D2W, HADA-D4W), Auto Steering Kit(FJNBD-2.5RD), Robot control system(HADA-SR300S, HADA-SR300A), Aerial work vehicle(HADA-HL35), Harvest cart(HADA-HT25)","전라북도 전주시 덕진구 오공로 123, 1009호 (만성동)","#1009, 123, Ogong-ro, Deokjin-gu, Jeonju-si, Jeollabuk-do, KOREA",,,ltw@ksf2005.com,0,,,,,,,help@hada-korea.com,True
(유)충무타올,"CHUNGMU TOWEL Co., Ltd.",617-87-00342,,,김상범,섬유제품제조업,타올,"1399, 1340",04A,타월의 개발 및 제조,Development and Manufacture of Towel,대전광역시 대덕구 방두말3길 8 (평촌동),"8, Bangdumal 3-gil, Daedeok-gu, Daejeon, KOREA ",,,www.clauman.com,0,,,,,,,cmtowel@hanmail.net,True
한진타올,Hanjin Towel Co.,301-39-66604,,,김보경,제조업,"타올, 면직물의 제조","1399, 1321",04A,"타월, 면직물의 제조",Manufacturing of towels and cotton fabrics,충청북도 청주시 서원구 현도면 현도시동길 76 (현도면),"76, Hyeondosidong-gil, Hyeondo-myeon, Seowon-gu, Cheongju-si, Chungcheongbuk-do, KOREA ",,,hjtowel@hanmail.net,0,,,,,,,hjtowel@hanmail.net,True
티오피,TOP Co.,312-26-51834,,,장인환,제조업,반도체장비부품가공,"2432, 2612","17A,19B","반도체 장비 부품, LCD 장비 부품 및 금형 부품의 제조","Manufacture of semiconductor equipment parts, LCD equipment parts and mold parts",충청남도 아산시 음봉면 월산로 192-148 ,"192-148, Wolsan-ro, Eumbong-myeon, Asan-si, Chungcheongnam-do, KOREA ",,,,0,,,,,,,jin2002@hanmail.net ,True
성동연마공업주식회사,SUNGDONG GRINDING WHEEL IND.INC.,621-86-14173,,,강천희,제조,연마지석,2399,15A,"연마지석 설계, 개발 및 제조","Design, Development, Manufacture of Grinding Wheel",부산광역시 기장군 정관읍 산단7로 7-6 (정관읍),"7-6, Sandan 7-ro, Jeonggwan-eup, Gijang-gun, Busan, KOREA",,,,0,,,,,,,tristone@hanmail.net,True
주식회사 타스코엔지니어링,"Tasco Engineering Co., Ltd.",283-81-00415,,,유영주,제조,"자동제어시스템제작, 배전함, 전동기제어반",2812,19A,수배전반 및 자동제어시스템의 제조,Manufacturing of switchboards and automatic control systems,충청북도 청주시 흥덕구 문암로 144(송절동),"144, Munam-ro, Heungdeok-gu, Cheongju-si, Chungcheongbuk-do, KOREA",,,changeguys@naver.com,0,,,,,,,,True
㈜고려제지판지사업부 성주공장,"KOREA PAPER SEONGJU FACTORY Mfg Co., Ltd.",257-85-00321,,,류진호,제조업,골판지및골판지상자 제조업,1721,07A,골판지 상자에 대한 생산,Manufacturing of corrugated boxes,경상북도 성주군 성주읍 성주산업단지로3길 89,"89, Seongjusaneopdanji-ro 3-gil, Seongju-eup, Seongju-gun, Gyeongsangbuk-do, KOREA",,,,0,,,,,,,sybyun@koreapaper.co.kr,True
㈜대원테크,"DAEWONTECH Co., Ltd.",244-87-00483,,,한용운,제조,산업기계제작,2921,18A,"산업용기계의 설계, 개발 및 제조","Design, Development and Manufacturing of Industrial Machinery",대전광역시 대덕구 대화로 32번길 132(대화동),"132, Daehwa-ro 32beon-gil, Daedeok-gu, Daejeon, KOREA ",,,daewon001tech@daum.net,0,,,,,,,daewon001tech@daum.net,True
(주)티비원," TB1 Co., Ltd.",301-86-29791,,,모영민,제조업,건설기계,2924,18A,"콘크리트 펌프트럭 기계장치의 설계, 개발 및 제조","Design, Development and Manufacture of Machinery for Concrete Pump Truck",충청북도 진천군 문백면 문진로 292-15,"292-15, Munjin-ro, Munbaek-myeon, Jincheon-gun, Chungcheongbuk-do, KOREA ",,,moleea@hanmail.net,0,,,,,,,moleea@hanmail.net,True
주식회사 닥터이엘,"Doctor EL. Co., Ltd.",529-81-00572,,,이도훈,제조업,수프균질화식품. 건강보조용액화식품,1079,03A,건강기능식품의 제조,Manufacturing of Health Functional Foods,"대전광역시 대덕구 신탄진로 782, 1층(신탄진동)","782, Sintanjin-ro, Daedeok-gu, Daejeon, KOREA ",,,elmeditec@naver.com,0,,,,,,,,True
쏘빛,SSOBIT,127-35-24463,,,임창옥,제조업,"안정기,형광등기구,LED등기구",2842,19A,"LED 모듈전원공급용컨버터, 매입형 및 고정형 LED 등기구, 컨버터내장형 LED 램프, LED 센서등기구에 대한 설계, 개발 및 생산","Design, Development and Manufacture of Electronic control gear for LED modules, Recessed and Fixed LED Luminaires, Self ballasted LED Lamps & LED sensor Luminaires.",경기도 남양주시 오남읍 진건오남로896번길 9 (오남읍),"9, Jingeononam-ro 896beon-gil, Onam-eup, Namyangju-si, Gyeonggi-do, KOREA ",,,,0,,,,,,,ssobit@naver.com,True
알앤비시스템,R&B System Co.,606-33-56348,,,배문승,제조업,"고무제품(산업용,자동차,방산용)","2219, 2229","14A,14B","방산용 고무제품 및 산업용 고무제품(개스킷, 씰, 오링, 패킹, 패드류)에 대한 생산","Manufacture of Rubber Products for Defense industry and Industrial Parts such as Gasket, Seal, O-ring, Packing and Pad",부산광역시 강서구 대저중앙로233번길 26 (대저1동) ,"26, Daejeojungang-ro 233beon-gil, Gangseo-gu, Busan, KOREA ",,,rnb_system@hanmail.net,0,,,,,,,rnb_system@hanmail.net,True
㈜커넥스정보,"CONEX INFORMATION. Co., Ltd.",134-81-56067,,,강석동,"제조, 도소매",전자부품,"2812, 2830",19A,"커넥터 및 하네스에 대한 설계, 개발 및 생산","Design, Development and Manufacture of connector and harness",경기도 안산시 상록구 성안길 78-2 (사동),"78-2, Seongan-gil, Sangnok-gu, Ansan-si, Gyeonggi-do, KOREA ",,,kds1002@daum.net,0,,,,,,,,True
장스인젝션,Jangs Injection Co.,515-06-90291,,,장석동,제조업,자동차부품,2224,14B,자동차용 플라스틱 사출품에 대한 생산 및 조립,Manufacture and assembly of Automobiles Plastic Injection Parts,경상북도 경산시 진량읍 공단4로40길 9 (진량읍),"9, Gongdan 4-ro 40-gil, Jillyang-eup, Gyeongsan-si, Gyeongsangbuk-do, KOREA",,,sihs11@naver.com,0,,,,,,,sedjang@daum.net,True
태화툴(주),"TAE HWA CUTTINGTOOL Co., Ltd.",609-81-69668,,,변계환,제조업,절삭공구류,2593,17B,"정밀 절삭 공구(드릴, 탭, 밀링카타)에 대한 설계, 개발 및 생산","Design, Development, Manufactur of Precision Cutting Tools(Drill, Tap, Milling Cutter)",경상남도 창원시 의창구 평산로78번길 21 (팔용동),"21, Pyeongsan-ro 78beon-gil, Uichang-gu, Changwon-si, Gyeongsangnam-do, KOREA ",,,bgh4799@naver.com,0,,,,,,,love7524@nate.com,True
한림지기,HANLIMJIGI,403-02-44900,,,정권윤,제조업,지함,1722,07A,칼라박스의 제조,Manufacture of Color Box,전라북도 군산시 서수면 청룡로 348(서수면),"348, Cheongnyong-ro, Seosu-myeon, Gunsan-si, Jeollabuk-do, KOREA ",,,,0,,,,,,,hanlim7034@daum.net,True
한국타피㈜,"Hanguk TAPI Co., Ltd.",314-81-14625,,,빈창범,제조,민원증명발급기,"2918, 2629, 6209, 5821","19A,33A,33B","1) 키오스크, 키오스크부스, 본인확인장치, 자동편철기의 설계, 개발, 제조, 설치 및 유지보수
2) 소프트웨어의 개발 및 유지보수","1) Design, Development, Manufacture, Installation and Maintenance of Kiosk, Kiosk Booth, System for Certifying One's Identity & Automatic Stapling Device
2) Development and Maintenance of Software",충청북도 청주시 흥덕구 강내면 청주역로 188-4 ,"188-4, Cheongjuyeok-ro, Gangnae-myeon, Heungdeok-gu, Cheongju-si, Chungcheongbuk-do, KOREA",,,tapi1@tapi.co.kr,0,,,,,,,tapi1.co.kr,True
㈜이앤이켐,"E&E Chem Co., Ltd.",711-88-00336,,,김도수,제조업,"화장품, 화학물질및화학제품제조업",2042,12B,화장품의 개발 및 제조,"Design, Development, Manufacturing of Base Cosmetics.",대전광역시 유성구 테크노2로 120-7 (용산동),"120-7, Techno 2-ro, Yuseong-gu, Daejeon, KOREA ",,,www.enechems.com,0,,,,,,,,True
㈜티시스틸,"TC STEEL Co., Ltd.",506-81-65719,,,손영준,제조업,철강재,2419,17B,"조선외판 곡가공품 및 Tank 부품(Head, Shell)에 대한 생산",Manufacture of Shipbuilding Outside Plate Curved Surface Processed Products and Tank Parts such as Head and Shell,경상북도 포항시 남구 대송면 철강산단로66번길 88 (옥명리),"88, Cheolgangsandan-ro 66beon-gil, Daesong-myeon, Nam-gu, Pohang-si, Gyeongsangbuk-do, KOREA",,,elixar@tc.co.kr,0,,,,,,,tcsteel@tc.co.kr,True
고려종합기술 주식회사,"KORYEO GENERAL TECHNOLOGY Co., Ltd.",417-81-44559,,,한현석,건설업,"기계설비, 비계, 구조물해체공사","4122, 4220","28B,28D","1. 기계설비 및 난방설비 공사, 비계 및 구조물해체 공사
2. 산업기계 및 설비의 설치, 유지보수(세정,수리) 및 서비스","1. Construction of Machinery Facilities and Heating Apparatus, Scaffolding and Structure Demolition
2. Installation, Maintenance(Cleaning and Repair) and Services of Industrial Machinery and Equipment",전라남도 여수시 소라면 봉두로 322,"322, Bongdu-ro, Sora-myeon, Yeosu-si, Jeollanam-do, KOREA ",,,,0,,,,,,,koryogt@hanmail.net,True
덕신기술주식회사,"DUKSHIN TECH Co., Ltd.",121-81-95365,,,한응규,건설업,"산업기계, 설비, 세정",4220,28D,산업기계 및 설비의 설치 및 유지보수 서비스,Installation and Maintenance Services for Industrial Machinery and Equipment,전라남도 여수시 소라면 여순로 172,"172, Yeosun-ro, Sora-myeon, Yeosu-si, Jeollanam-do, KOREA",,,dstech2080@hanmail.net,0,,,,,,,dstech2080@hanmail.net,True
덕신기술주식회사,"DUKSHIN TECH Co., Ltd.",121-81-95365,,,한응규,건설업,"산업기계, 설비, 세정",4220,28D,산업기계 및 설비의 설치 및 유지보수 서비스,Installation and Maintenance Services for Industrial Machinery and Equipment,전라남도 여수시 소라면 여순로 172,"172, Yeosun-ro, Sora-myeon, Yeosu-si, Jeollanam-do, KOREA",,,dstech2080@hanmail.net,0,,,,,,,dstech2080@hanmail.net,True
농업회사법인주식회사 청정팜,"Chungjung farm Co., Ltd.",647-87-00246,,,전병익,도소매,"사료, 계란","4620, 4631, 4721",29A,계란 및 사료의 판매,Sales of eggs and feed,전라북도 익산시 왕궁면 푸드폴리스로 191 (동촌리),"191, Foodpolis-ro, Wanggung-myeon, Iksan-si, Jeollabuk-do, KOREA ",,,jbi7777777@daum.net,0,,,,,,,,True
(주)비에이치에너지,"BH ENERGY Co., Ltd.",120-88-25787,,,김상범,제조업,태양광전기발전,"4112, 4122","28A,28B","태양광발전장치의 개발, 시공 및 부가서비스 ","Manufacture, Development, Construction and Service of Solar Power System ","서울특별시 송파구 송파대로 167 (문정동, 문정역테라타워)","167, Songpa-daero, Songpa-gu, Seoul, KOREA ",,,bhekkim@naver.com,0,,,,,,,,True
농업회사법인 까름 주식회사,"karum Agricultural Co., Ltd.",569-87-00456,,,"송병선,황영준",제조업,농업용멀칭제,2221,14B,친환경 자연 분해 멀칭제(재)의 개발 및 제조,"Design and Development, Manufacturing of  Enviromentally friendly nature Mulching Material",전라북도 군산시 중가도길 43 (오식도동),"43, Junggado-gil, Gunsan-si, Jeollabuk-do, KOREA",,,mobilee@hanmail.net,0,,,,,,,,True
㈜큰솔,"KunSol Co., Ltd.",620-81-10882,,,김수경,제조업,자동차부품,3039,22D,"자동차용 시트부품(시트 커버링, 헤드레스트)에 대한 제조",Manufacture of seat parts for automobile such as seat covering and Head rest,울산광역시 동구 화암10길 16 (방어동),"16, Hwaam 10-gil, Dong-gu, Ulsan, KOREA ",,,kunsol58@daum.net,0,,,,,,,,True
주식회사 엘에스티,"LST Co., Ltd.",609-86-09267,,,정기환,제조업 외,자동차부품 외,2592,17B,산업기계부품에 대한 정밀가공 ,"Precision Processing for industial machinery parts(gear box, casing etc)","경상남도 함안군 가야읍 남문길 43, B블록동","B Block-dong, Nammun-gil, Gaya-eup, Haman-gun, Gyeongsangnam-do, KOREA",,,inholim1@daum.net,0,,,,,,,master@lstmro.co.kr,True
㈜바이오프랜즈,BIO FRIENDS Inc.,192-86-00453,,,조원준,"서비스업, 제조업","화장품, 청정에너지",2012,12A,"DME(에어로졸, 냉매, 에너지)의 제조","Manufacture of DME(aerosol, refrigerant, energy)","대전광역시 유성구 테크노2로 187, 512호 (용산동, 미건테크노월드)","#512, 187, Techno 2-ro, Yuseong-gu, Daejeon, KOREA",,,,0,,,,,,,hjkwon@bfi.co.kr ],True
㈜바이오프랜즈,BIO FRIENDS Inc.,192-86-00453,,,조원준,"서비스업, 제조업","화장품, 청정에너지","2042, 7011","12B,34A",화장품의 제조 및 청정에너지 연구개발,Manufacture of cosmetics and clean energy research and development,"대전광역시 유성구 테크노2로 160, 404호 (용산동, 충남대학교창업지원센터)","404, 160, Techno 2-ro, Yuseong-gu, Daejeon, KOREA",,,heileyyu@bfi.co.kr,0,,,,,,,,True
㈜부린,"BOORIN Co., Ltd.",555-88-00298,,,강흥식,제조업,플라스틱제품,2223,14B,플라스틱 박스 가공 생산 ,"Manufacture, Processing of Plastic Box",경상북도 칠곡군 가산면 심곡1길 7 (심곡리),"7, Simgok 1-gil, Gasan-myeon, Chilgok-gun, Gyeongsangbuk-do, KOREA ",,,okt1215@naver.com,0,,,,,,,boorin3244@hanmail.net,True
주식회사 고려필터,"KOREA FILTER Co., Ltd.",621-81-93187,,,박병근,제조업,산업용필터,2917,18A,"산업용필터(스트레이너)의 설계,개발 및 생산","Design, Development and Production of Industry Filter (Strainer)",부산광역시 기장군 정관읍 산단7로 65 (정관읍),"65, Sandan 7-ro, Jeonggwan-eup, Gijang-gun, Busan, KOREA ",,,http://www.korea-filter.co.kr,0,,,,,,,filter@bill36524.com,True
대림종합식품,DAELIM TOTOL FOOD Co.,306-50-61268,,,서홍원,제조업,"절임식품,튀김식품","1022, 1061, 1071",03A,"﻿조미김, 튀김, 과자류의 개발, 제조 및 판매 ","Manufacture of seasoned laver, fries and confectionery",대전광역시 동구 산내로 1280-1 (낭월동),"1280-1, Sannae-ro, Dong-gu, Daejeon, KOREA",,,,0,,,,,,,tjwlsdk897@naver.com,True
주식회사 성심산업,"SUNG SIM INDUSTRIES Co., Ltd.",312-86-08627,,,이건택,제조외,산업기계 외,"2916, 2929, 4220","18A,28D","기계설비(산업기계, 공장자동화설비, 환경산업설비, 시험장비)에 대한 설계, 제작, 설치 및 기계설비공사에 대한 시공","Design, Procuction, Installation of Machinery Equipment (Industrial Machinery, Factory Automation, Environment Industrial Equipment and Test Equipment), Construction of Machinery Equipment Work",충청남도 천안시 동남구 목천읍 응원1길 33-30 (응원리),"33-30, Eungwon 1-gil, Mokcheon-eup, Dongnam-gu, Cheonan-si, Chungcheongnam-do, KOREA",,,sungsim@ssmachine.co.kr,0,,,,,,,,True
㈜미성모터스,"Misung Motors Co., Ltd.",314-86-33423,,,차종근,제조업,차체 제조업,9521,29B,"자동차 수리, 판금 및 도색","Automobile repair, sheet metal and paint",대전광역시 서구 도산로 169 (변동),"169, Dosan-ro, Seo-gu, Daejeon, KOREA",,,yyh4477@hanmail.net,0,,,,,,,yyh4477@hanmail.net,True
㈜두비원,"Doobiwon Co., Ltd.",311-81-14117,,,김영애,제조,비료,"2031, 1080","12B,03A","폐기물(음식물 폐기물 등)을 활용한 복합비료, 사료의 생산","Production of compound fertilizer and feed using waste (food waste, etc.)",충청남도 예산군 덕산면 남은들로 167-25(광천리),"167-25, Nameundeul-ro, Deoksan-myeon, Yesan-gun, Chungcheongnam-do, KOREA",,,kkim@doobiwon.com,0,,,,,,,,True
㈜지티에스,"GTS Co., Ltd.",550-87-00132,,,김종시,제조,빨래건조대  및 생활용품 지함의 제조,"1720, 1722, 2511","07A,17B",빨래건조대 및 생활용품 지함의 제조,Manufacture of Clothes Hangers and Household Items,세종특별자치시 연동면 명학산단서로 10-12 ,"10-12, Myeonghaksandanseo-ro, Yeondong-myeon, Sejong-si, KOREA ",,,taesan8979@naver.com,0,,,,,,,,True
와이지테크,YGTECH,124-31-89076,,,허윤만,제조,전자부품,2721,19D,광학 렌즈 모듈용 기구물 부품의 제조,Manufacture of Mechanical Parts for Optical Lens Modules,경기도 수원시 권선구 서수원로 15 (오목천동),"15, Seosuwon-ro, Gwonseon-gu, Suwon-si, Gyeonggi-do, KOREA",,,lovespart@naver.com,0,,,,,,,hygdd13@naver.com,True
㈜세종하이텍,"SEJONG HITECH Co., Ltd.",317-81-36837,,,정인자,제조업,음식료품가공용기계류 등,2599,17B,"식품가공기계(절단기,세절기,탈피기)의 제조
","Manufacture of Food Processing Machinery(Cutting machine,Slicer,Stripper)",충청북도 청주시 서원구 남이면 부용외천2길 13-15,"13-15, Buyongoecheon 2-gil, Nami-myeon, Seowon-gu, Cheongju-si, Chungcheongbuk-do, KOREA ",,,seamart24@naver.com,0,,,,,,,,True
㈜한국엔텍,"KOREA ENTEC Co., Ltd.",596-81-00719,,,최창락,제조업,반도체장비및부품,2927,18A,"산업기계(반도체장비)의 설계, 개발 및 제조","Design, Development and Manufacture of Industrial Machinery (Semiconductor Equipment)",대전광역시 대덕구 신탄진로 577,"577, Sintanjin-ro, Daedeok-gu, Daejeon, KOREA ",,,,0,,,,,,,hk8819@daum.net,True
신화기업㈜,"SHIN-HWA Co., Ltd.",612-81-19257,,,박정현,제조,"철구조물,선박기자재",3111,20A,"철구조물, 철의장품의 설계, 제작 및 도장(비철포함)","Design, manufacture and painting of steel structures and steel fittings (including non-ferrous metals)",경상남도 거제시 사등면 두동로 193-3 (사곡리),"193-3, Dudong-ro, Sadeung-myeon, Geoje-si, Gyeongsangnam-do, KOREA ",,,,0,,,,,,,,True
㈜네오하나텍,"NEO HANA TECH Co., Ltd.",124-86-62121,,,최병일,제조,자동화설비,"2929, 2592, 2224","18A,17B,14B","산업용 자동화설비, MCT가공부품, 모바일 렌즈, 사출품의 설계, 개발, 제조, 설치 및 유지보수","Design, Development, Manufacture, Installation and Maintenance of industrial automation equipment, MCT Machined parts, Mobile lenses, and Injection Mold Parts",경기도 화성시 정남면 만년로98번길 49-26 (귀래리),"49-26, Mannyeon-ro 98beon-gil, Jeongnam-myeon, Hwaseong-si, Gyeonggi-do, KOREA ",,,www.neohanatech.com,0,,,,,,,,True
주식회사 덕양정밀,"DEOK YANG PRECISION Co., Ltd.",246-86-00497,,,오기수,제조,자동차부품,2591,17B,자동차용 프레스 및 용접부품의 제조,Manufacture of Press and Welding Patts for Automobile,인천광역시 서구 백범로 687 (가좌동),"687, Baekbeom-ro, Seo-gu, Incheon, KOREA ",,,,0,,,,,,,,True
태경산업,TAEKYUNG,514-04-68701,,,이일노외 1명,제조,사출성형,2224,14B,플라스틱 사출품의 제조 ,Manufacture of plastic articles,경상북도 경산시 압량면 의송길 109 (의송리),"109, Uisong-gil, Amnyang-myeon, Gyeongsan-si, Gyeongsangbuk-do, KOREA ",,,,0,,,,,,,,True
주식회사신화볼트,"SHINHWA BOLT Co., Ltd.",606-86-42520,,,정영훈,제조업,"볼트,너트,나사,금속파스터,철선,스프링",2594,17B,"볼트 및 너트(자동차용, 산업용)에 대한 생산 ",Manufacture of bolt and nut for automotive and Industry,부산광역시 강서구 화전산단6로66번길 13 (화전동),"13, Hwajeonsandan 6-ro 66beon-gil, Gangseo-gu, Busan, KOREA",,,,0,,,,,,,shinhwabolt@daum.net,True
㈜세양,"SEYANG Co., Ltd.",622-81-11586,,,박순달,제조,엘이디조명기기,2842,19A,"조명기구(형광등기구, LED등기구, 투광등, 무전극등기구)에 대한 설계, 개발 및 제조 ","Design Development, Manufacture of Lighting equipment(Fluorescent lighting fixtures, LED fixtures, Flood light, Electrodeless luminaires)",경상남도 김해시 주촌면 소망길 22-16 (망덕리),"22-16, Somang-gil, Juchon-myeon, Gimhae-si, Gyeongsangnam-do, KOREA ",,,,0,,,,,,,sundal52@hanmail.net,True
㈜이에스알,"ESR. Co., Ltd.",140-81-90721,,,윤영훈,제조업,"실리콘가공, 자동차부품",2219,14A,엘리베이터용 고무제품의 제조,Manufacture of rubber products for elevators,경기도 시흥시 미산로127번길 13-14,"13-14, Misan-ro 127beon-gil, Siheung-si, Gyeonggi-do, KOREA",,,Dkrr1707@hanmail.net,0,,,,,,,dkrr1707,True
㈜디앤에이치아이,"DNHI Co., Ltd.",107-86-74151,,,진갑선,제조업,건설장비의 제조 및 유지보수,2924,18A,"건설장비의 설계, 개발, 제조 및 유지보수","Design, development, manufacture and maintenance of construction equipment","충청북도 진천군 이월면 산수산단2로 255-10 (삼용리, (주)대종공장)","255-10, Sansusandan 2-ro, Iwol-myeon, Jincheon-gun, Chungcheongbuk-do, KOREA",,,mirinae9088@dnhi.kr,0,,,,,,,,True
㈜뉴한시스,"New Han Sys Co., Ltd.",301-86-07079,,,한태성,제조,컴퓨터및 POS,"2918, 5822","19A,33B",POS 시스템의 개발 및 생산,Development and Production of POS(Point-of-Sales)System,"충청북도 청주시 청원구 오창읍 중심상업2로 48, 103호 (양청리, 중소기업청)","48, Jungsimsangeop 2-ro, Ochang-eup, Cheongwon-gu, Cheongju-si, Chungcheongbuk-do, KOREA ",,,0,0,,,,,,,h1036236@korea.com,True
㈜태우산업,"TAEWOO INDUSTRY Co., Ltd.",547-81-01185,,,오경숙,제조업,"그외 기타 전자부품,산업기계,프레스금형제작",2591,17B,프레스에 대한 제조,Manufacture of Press Parts,경상남도 김해시 주촌면 서부로1499번길 113-17 (내삼리),"113-17, Seobu-ro 1499beon-gil, Juchon-myeon, Gimhae-si, Gyeongsangnam-do, KOREA ",,,,0,,,,,,,taewoo9625@hanmail.net,True
유한회사 일마니,"ILMANI Co., Ltd.",412-81-43647,,,김영훈,건설업,"시설물유지관리, 시설경비","7410, 7531, 4250","35C,28E",시설물유지관리서비스,Facilities maintenance service industry,전라남도 나주시 남평읍 남평1로 36 (남평리),"36, Nampyeong 1-ro, Nampyeong-eup, Naju-si, Jeollanam-do, KOREA",,,kyh7899@hanmail.net,0,,,,,,,kyh7899@hanmail.net,True
(주)한일진공,"Hanil Vacuum Co., Ltd.",107-87-33496,,,"이청균, 이희신",제조업,"진공장치, 광학부품",2592,17B,진공증착기를 이용한 코팅 및 서비스,Coating by Vacuum Evaporator and Service,인천광역시 남동구 남동동로183번길 30 (고잔동),"30, Namdongdong-ro 183beon-gil, Namdong-gu, Incheon, KOREA ",,,0,0,,,,,,,hanilvacuum@bill36524.com,True
㈜만세특장,"MANSE SPECIAL VEHICLE Co., Ltd.",698-88-00799,,,임재춘,제조업,특장차,3020,22A,"캠핑카, 카라반 및 탑차(윙바디, 냉동탑, 냉장탑)에 대한 생산","Manufacturing of Camping Car, Caravan and Wing Body, Refrigerator Van and Dry Van for Vehicle Van",경상남도 밀양시 부북면 사포공단2길 8 (전사포리),"8, Sapogongdan 2-gil, Bubuk-myeon, Miryang-si, Gyeongsangnam-do, KOREA ",,,oasis0211@naver.com,0,,,,,,,oasis0211@naver.com,True
㈜정코스메틱,"JUNG COSMETIC Co., Ltd.",309-88-00093,,,배세철,제조업,화장품,2043,12B,"기초화장품, 기능성화장품의 개발 및 생산","Development and Production of skin care cosmetics, functional cosmetics","충청남도 아산시 신창면 행목로 11-19, 1동","1dong, 11-19, Haengmok-ro, Sinchang-myeon, Asan-si, Chungcheongnam-do, KOREA ",,,www.jungco.co.kr,0,,,,,,,dom2002@nate.com,True
㈜디.에스.인더스트리,"D.S. INDUSTRY Co., Ltd.",135-81-42305,,,박원중,"제조, 도매",후렉시블닥트호스,2413,17A,"후렉시블 덕트호스, 스파이럴 덕트 및 부속품, 덕트 기구류(댐퍼, 공기디퓨저 등)에 대한 생산","Manufacture of Flexible Duct Hoses, Spiral Ducts and Fitting, Ducts(Dampers, Air Diffusers etc.)",경기도 화성시 남양읍 주석로 202,"202, Juseok-ro, Namyang-eup, Hwaseong-si, Gyeonggi-do, KOREA ",,,www.dsduct.co.kr,0,,,,,,,,True
㈜성본테크,"Sungbon Tech Co., Ltd.",125-86-28413,,,박성만,제조업,"기타건축용플라스틱조립제품, 금속조립구조재","2222, 2511","14B,17B","건축용플라스틱 조립제품 / 금속조립구조재 설계, 개발 및 제조","Design / development, manufacture and maintenance of construction equipment.",경기도 평택시 청북읍 고잔2길 51-6 (청북읍),"51-6, Gojan 2-gil, Cheongbuk-myeon, Pyeongtaek-si, Gyeonggi-do, KOREA",,,sungbon21@naver.com,0,,,,,,,sbtc7001@naver.com,True
e지엠테크(주),"e-GMTech Co., Ltd.",134-81-61444,,,"조선장, 조희장","제조, 도매","주방기구,음식물쓰레기처리기",2851,19A,"음식물쓰레기처리기의 설계, 개발 및 제조","Design, Development and Manufacture of Food Waste Disposal Machine.","경기도 시흥시 마유로238번길 33, 3나-208 (정왕동, 시화공단)","33, Mayu-ro 238beon-gil, Siheung-si, Gyeonggi-do, KOREA",,,,0,,,,,,,,True
보인이앤지㈜,"boineng. Co., Ltd.",312-86-73604,,,윤은경,제조업,"철문,건축부착물,금속공작물","2411, 2412",17A,"형강 구조물, Pipe support 및 자동 장력 조절 장치의 제조","Manufacture of steel structure, pipe support and automatic tension control",충청남도 천안시 동남구 목천읍 천정1길 55,"55, Cheonjeong 1-gil, Mokcheon-eup, Dongnam-gu, Cheonan-si, Chungcheongnam-do, KOREA ",,,hosu0181@naver.com,0,,,,,,,hosu0181@naver.com,True
㈜상진기공,"Sangjin Co., Ltd.",732-88-00575,,,송윤달,제조업,"산업기계,진동기,쇼트브라스트","2929, 2923",18A,"산업용 기계설비(주조설비, 쇼트브라스트)의 설계 및 제조","Design and manufacture(Casting equipment, Short brast)of industrial machinery",인천광역시 서구 거북로 24번길 19 (석남동),"19, Geobuk-ro 24beon-gil, Seo-gu, Incheon, KOREA",,,sjdp@hanmail.net,0,,,,,,,sjdp8085@naver.com,True
영재열처리,Young Jae Heat Treatment. Co.,606-17-87588,,,조영근,제조업,금속의 열처리,2592,17B,금속의 열처리,Heat-Treatment of Metals,부산광역시 사상구 사상로439번길 20 (모라동),"20, Sasang-ro 439beon-gil, Sasang-gu, Busan, KOREA ",,,youngjae8688@naver.com,0,,,,,,,youngjae8688@naver.com,True
사운드백신 주식회사,Sound Vaccine Inc.,533-87-00438,,,곽은이,제조업 외,음향장비 제조및 판매,2890,19A,역치신호조절기의 제조 ,Manufacture of threshold signal regulator,"대전광역시 유성구 테크노4로 17, 에이동 703호(관평동, 대덕비즈센터)","17, Techno 4-ro, Yuseong-gu, Daejeon, KOREA  ",,,www.soundsmithy.com,0,,,,,,,ghddlsgo@naver.com,True
㈜유진타올,"YOUJIN TOWEL Co., Ltd.",543-86-00215,,,엄만진,제조,타올,1399,04A,"타월의 설계, 개발, 제조, 판매 및 사후관리 서비스","Design, Development, Manufacture, After Service and Sales of Towel",대전광역시 대덕구 신탄진로756번안길 17 (신탄진동),"17, Sintanjin-ro 756beonan-gil, Daedeok-gu, Daejeon, KOREA",,,http://www.youjintowel.co.kr,0,,,,,,,yjt6543@daum.net,True
주식회사 금진정밀,"GEUMJIN PRECISION Co., Ltd.",420-86-01115,,,차승언,제조업,금형,2929,18A,금형 및 전기차 충전기 부품(BUSBAR)에 대한 생산,Production of Molds and electric vehicle charger parts (BUSBAR),부산광역시 사상구 사상로355번길 48 (덕포동),"48, Sasang-ro 355beon-gil, Sasang-gu, Busan, KOREA",,,,0,,,,,,,gjpmd@hanmail.net,True
명우네오텍 주식회사,"MYOUNG WOO NEOTECH Co., Ltd.",311-81-26781,,,이효원,"건설업,제조업","가스시설시공,기계설비공사,가스기기,일반기계,냉난방시공업 등","4220, 2592, 2915, 2917","28D,17B,18A","1. 가스시설, 플랜트 설비, 소형버너의 시공 및 유지보수
2. 철판(프라즈마,포타블,기중기)에 대한 가공
3. 밸브스탠드의 설계 및 제작
4. 특정설비(압력용기, 냉동기, 반응기, 탑류, 드럼유, 열교환기류)의 제조","1. Construction and Maintenance of Gas Facility, Plant Equipment, Small Burners
2. Machining of Iron Plate (Plasma, Portable, Crane)
3. Design and Manufacture of Valve Stand
4. Manufacture of High Pressure Gas Specific Equipment(Receiver Tank, Refrigerator, Reactor, Tower Flow, Drum Oil, Heat Exchanger Flow)",충청남도 당진시 송산면 녹동로 210-1 (부곡리),"210-1, Nokdong-ro, Songsan-myeon, Dangjin-si, Chungcheongnam-do, KOREA ",,,,0,,,,,,,mw5910@hanmail.net,True
디자인 펜슬,Design pencil Co.,301-31-87700,,,오미순,"제조업, 도소매","인쇄업, 학습교구",1812,09A,유아용 보드 및 인쇄물 제작 서비스,Production service of infant boards and printed materials,충청북도 청주시 서원구 수영로35번길 42-2 (수곡동),"42-2, Suyeong-ro 35beon-gil, Seowon-gu, Cheongju-si, Chungcheongbuk-do, KOREA ",,,www.dpen.co.kr,0,,,,,,,n4852030@nate.com,True
주식회사 현성티에스,"HyunsungTS Co., Ltd.",772-88-02213,,,송성한,제조업외,판넬 외,2812,19A,콘트롤박스의 제작 및 설치,Production and installation of control box,부산광역시 강서구 녹산산단261로13번길 42 (송정동),"42, Noksansandan 261-ro 13beon-gil, Gangseo-gu, Busan, KOREA",,,,0,,,,,,,hyunsungts@hsts.co.kr,True
주식회사 부국,"Bukook Co., Ltd.",444-86-00859,,,이세훈,제조업,금형,2929,18A,"금형의 설계, 개발 및 제조","Design, Development and Manufacture of molds",경상남도 창원시 성산구 월림로39번길 63-23 (신촌동),"63-23, Wollim-ro 39beon-gil, Seongsan-gu, Changwon-si, Gyeongsangnam-do, KOREA ",,,,0,,,,,,,,True
주식회사 더하임,"THE heim Co., Ltd.",641-86-00348,,,서경진,제조,3D프린터,2929,18A,3D프린터의 제조,Manufacture of 3D printer,"대전광역시 유성구 테크노8로 49, 407호(용산동)","49, Techno 8-ro, Yuseong-gu, Daejeon, KOREA ",,,https://designdbs.modoo.at/,0,,,,,,,starq75@naver.com,True
대양인쇄㈜,"DAE YANG Printing Co., Ltd.",103-88-00777,,,원종국,제조업,인쇄 및 지가공 / 미장골판지상자제조업,1722,07A,제품 포장용 내부 및 외부 종이 상자 생산 ,Manufacturing of cartoon boxes ,경기도 안산시 단원구 범지기로 36 (목내동),"36, Beomjigi-ro, Danwon-gu, Ansan-si, Gyeonggi-do, KOREA",,,,0,,,,,,,dyp9344@naver.com,True
㈜영진산업,"YOUNGJIN INDUSTRIL Co., Ltd.",505-81-26538,,,정일봉,제조,자동차부품,2219,14A,자동차용 방진고무 및 고무부품의 제조,Manufacture of Vibration-Proof Rubber and Rubber Parts for Automobile,경상북도 경주시 외동읍 문산공단안길 35 (모화리),"35, Munsangongdanan-gil, Oedong-eup, Gyeongju-si, Gyeongsangbuk-do, KOREA ",,,,0,,,,,,,yeungjin01@bill36524.com,True
(주)엔텍코아,"Entechcore Co., Ltd.",314-86-16744,,,안병주,제조,"제어시스템,제어장치",2721,19D,발전/산업설비용 제어시스템 장치(IDS)의 제조,Manufacturing of Control system device(IDS) for power plant and industrial equipment ,"대전광역시 유성구 지족로148번길 5-34 (지족동), 엔텍타워 3층","5-34, Jijok-ro 148beon-gil, Yuseong-gu, Daejeon, KOREA",,,www.etch.co.kr,0,,,,,,,,True
주식회사 호그린에어,"HogreenAir Co., Ltd.",271-81-00479,,,홍성호,제조업,드론,5822,33B,소프트웨어(드론)의 개발,Development of the software(drone),"광주광역시 북구 첨단과기로 123, 창업진흥센터비동 104호 (오룡동, 광주과학기술원)","104, Building B, GIST Startup Promotion Center, 123, Cheomdangwagi-ro, Buk-gu, Gwangju, KOREA",,,www.hogreen.com/,0,,,,,,,,True
예원금속,YEWON METAL,136-08-69828,,,마명철,제조업,기타제조업,2599,17B,"알루미늄 접시의 설계, 개발 및 제조","Design, Development and Manufacture of Aluminum Pan",경기도 김포시 양촌읍 황금로128번길 41 (학운리),"41, Hwanggeum-ro 128beon-gil, Yangchon-eup, Gimpo-si, Gyeonggi-do, KOREA",,,,0,,,,,,,mmc663@hanmail.net,True
주식회사엔피엑스,"NPX Co., Ltd.",615-81-71441,,,박기용,"제조, 도매","전기판넬 및 하네스, 모터, 전기전자제품","2511, 2830, 2811","17B,19A","전기전자 부품에 대한 생산(전기 판넬, 하니스, 모터)","Production for Electrical and electronic parts (Electric Panel, Harness, Motor)","경상남도 김해시 번화1로44번길 32, 205호 (대청동)","32, Beonhwa 1-ro 44beon-gil, Gimhae-si, Gyeongsangnam-do, KOREA ",,,,0,,,,,,,alva2000@naver.com,True
퓨어만 주식회사,PureMann Inc.,302-81-24794,,,이민석,제조업,산업용냉장및냉동장비제조업,2012,12A,친환경 혼합냉매의 제조,Manufacture of ECO-Friendly Mixed Refrigerant,충청북도 보은군 장안면 매화구인로 332-13 (구인리),"332-13, Maehwaguin-ro, Jangan-myeon, Boeun-gun, Chungcheongbuk-do, KOREA ",,,www.puremann.com/,0,,,,,,,,True
㈜쌍마산업,"Ssangma Industial Co., Ltd.",307-81-31927,,,심상용,제조업,"스텐레스선,수세미",2594,17B,"스텐레스 수세미, 스텐레스선, 압연선, 연선의 개발 및 제조","Development and Manufacture of Stainless Steel Scrubber, Stainless Steel Wire, Rolled Wire, Lead Wire",충청남도 공주시 우성면 지게실길 100 (단지리),"100, Jigesil-gil, Useong-myeon, Gongju-si, Chungcheongnam-do, KOREA ",,,,0,,,,,,,sm5061@hanmail.net,True
㈜신성하이텍,"SINSUNG HIGHTECH Co., Ltd.",615-81-75035,,,이재하,제조,전자부품,2591,17B,"냉장고 및 냉동공조시스템 부품(Accumulator, Oil Separator, Tube Assembly)에 대한 생산 ","Manufacture of Accumulator ,Vacuummm, Oil Separator and Tube Assembly for Refrigerator and Air Conditioning System Parts",경상남도 김해시 진례면 테크노밸리1로 88 (고모리),"88, Tekeunobaelli 1-ro, Jillye-myeon, Gimhae-si, Gyeongsangnam-do, KOREA ",,,www.sinsunght.co.kr,0,,,,,,,sinsung100@hometax.go.kr,True
주식회사 중원,"Joongwon Co., Ltd.",301-86-29506,,,박기화,제조업,"컨테이너하우스, 이동주택",2511,17B,이동주택(태양광 발전기기 포함)의 제작 및 설치,Manufacture and installation of mobile houses(including Photovoltaic equipment),충청북도 청주시 서원구 가장로313번길 95 (장암동),"95, Gajang-ro 313beon-gil, Seowon-gu, Cheongju-si, Chungcheongbuk-do, KOREA ",,,blog.naver.com/kiwhazang,0,,,,,,,kiwhazang1@hometax.go.kr,True
(주)아이피에스테크놀로지스,"IPS Technologies Co., Ltd.",235-81-00338,,,김호권,"제조업, 도매업","자동화부품, 모터, 자동화 설비외",2914,18A,"감속기의 개발, 제조 및 유지보수","Development, Manufacture and Maintenance of Hollow Rotary Reducers","경기도 군포시 공단로140번길 46, 913호 (당정동, 엠테크노)","#913, 46, Gongdan-ro 140beon-gil, Gunpo-si, Gyeonggi-do, KOREA ",,,www.ips-korea.com,0,,,,,,,ips_tax@naver.com,True
알엔케이블㈜,"RN Cable Co., Ltd.",101-81-52722,,,장재홍,"제조업, 도소매","통신(동축)케이블, 통신장비부품",2830,19A,동축 케이블 및 통신 기자재의 제조,Manufacture of Coaxial Cable Communication Equipment,충청북도 음성군 삼성면 대덕로 272 (대정리),"272, Daedeok-ro, Samseong-myeon, Eumseong-gun, Chungcheongbuk-do, KOREA ",,,www.rncable.co.kr,0,,,,,,,hjp1414@naver.com,True
㈜미래G&C,"Mirae Global & Cleanup Co., Ltd.",117-81-30683,,,양준모,서비스,환경컨설팅 및 엔지니어링서비스,4122,28B,"수처리설비, 상하수도설비, 폐기물처리설비, 지하수처리설비, 토양오염처리설비, 공조설비(에너지절약형), 산업설비플랜트의 설계/개발, 생산, 설치 및 시공","Design & Development, Production, Installation and Construction of Water Treatment System, Water Supply & Sewerage System, Solid Waste Treatment System, Groundwater Treatment System, Soil Remediation System, Ventilation(Energy Saving Type) Equipment and Industrial Plant & Equipment","경기도 광명시 하안로 60, E동 806호 (소하동, 광명테크노파크)","60, Haan-ro, Gwangmyeong-si, Gyeonggi-do, KOREA",,,www.mrgnc.co.kr,0,,,,,,,mirae24@bill36524.com,True
엘케이테크,LK Tech,138-10-29688,,,이현,제조업,자동제어장치,2721,19D,자동제어장치 제조,Manufacturing of automatic control equipment ,"경기도 군포시 공단로140번길 46, 506호 (당정동, 엠테크노당정지식산업센터)","#506, 46, Gongdan-ro 140beon-gil, Gunpo-si, Gyeonggi-do, KOREA ",,,,0,,,,,,,ehyun@lk-tec.com,True
주식회사 이우고솔루션스,"IUGO SOLUIONS Co., Ltd.",597-81-00750,,,이재성,"제조, 도소매","조명기기 및 장치, 전구램프, 자동점멸기 및 조명제어, 축전지, 통신/방송기기",2842,19A,"LED 가로등기구 및 보안등기구, LED 터널등기구, LED 투광등기구에 대한 설계, 개발 및 생산 ","Design, Development & Manufacturing of LED luminaires for road, street and area lighting, LED tunnel luminaires, LED flood-lighting luminaires","인천광역시 남동구 앵고개로490번길 107, 2층(고잔동)","107, Aenggogae-ro 490beon-gil, Namdong-gu, Incheon, KOREA",,,,0,,,,,,,donghony4734@naver.com,True
주식회사 브이텍,"V TECH Co., Ltd.",314-86-11884,,,양호식,서비스,정보통신컨설팅,6202,33A,정보통신시스템구축 및 컨설팅,Establishment of Information Network System and consulting,"대전광역시 유성구 북유성대로 303, 7층 701호 (반석동)","303, Bugyuseong-daero, Yuseong-gu, Daejeon, KOREA ",,,www.value-tech.co.kr,0,,,,,,,jeweller11@hometax.go.kr,True
리빙해피,LIVINGHAPPY Co. ,104-12-12062,,,허현구,제조업,"주방용품, 생활용품","2229, 2599","14B,17B",플라스틱 및 금속(생활 및 주방용품)제품의 제조,Manufacture of plastic and metal (life and kitchenware) products,경기도 김포시 양촌읍 대포산단로 25,"25, Daeposandan-ro, Yangchon-eup, Gimpo-si, Gyeonggi-do, KOREA",,,www.livinghappy.co.kr,0,,,,,,,user1552@daum.net,True
㈜대주금속,"DAEJU METAL Co., Ltd.",446-88-00806,,,김선호,제조업,반도체 부품 제작업,2422,17A,"알미늄 프로파일에 대한 생산(자동화기계부품용, 반도체크린룸부품용, 산업기계부품용)","Manufacturing of Aluminum profile(for automation machine parts, for semiconductor clean room parts, Industrial machine parts)",경상남도 함안군 함안면 봉수로 711 ,"711, Bongsu-ro, Haman-myeon, Haman-gun, Gyeongsangnam-do, KOREA ",,,,0,,,,,,,angle74@daum.net,True
미래메탈테크㈜,Mirae Metal Tech,514-81-32581,,,이은희,제조업,자동차부품,2591,17B,"1. 자동차 부품의 주조에 대한 제조(Disc)
2. 자동차 부품의 기계가공에 대한 제조(Vane-ring, Disc, Wgv, Rotor Housing)","1. Manufacturing for Casting of Automotive Parts (Disc)
2. Manufacture of Machining of Automotive Parts (Vane-ring, Disc, Wgv, Rotor Housing)",대구광역시 달서구 성서로5길 82 (대천동),"82, Seongseo-ro 5-gil, Dalseo-gu, Daegu, KOREA ",,,,0,,,,,,,mmttax@mmt-global.com,True
우진농산,Woojin Agricultural Products Co.,317-04-93803,,,김경애,"제조업, 도소매",식용정제유및기공유제조업,1074,03A,조미료 및 향미료의 제조,Manufacture of Flavings and Seasoning.,충청북도 청주시 흥덕구 오송읍 오송1길 26 ,"26, Osong 1-gil, Osong-eup, Heungdeok-gu, Cheongju-si, Chungcheongbuk-do, KOREA ",,,www.목원푸드몰.kr,0,,,,,,,kkkong0327@naver.com,True
주식회사 코아콤,"COACOM Co., Ltd.",301-86-15337,,,김숙일,서비스업,"시스템통합 및 DB구축,정보통신공사 외","6202, 4232","33A,28C","1. 지리정보 관련 데이터베이스에 대한 개발 및 구축 
2. 정보통신공사에 대한 시공","1. Development and Construction of the Relevant Geographic Information Database 
2. Construction of the Information Communication Works","충청북도 청주시 흥덕구 신성로108번길 9-16, 2층(신성동)","9-16, Sinseong-ro 108beon-gil, Heungdeok-gu, Cheongju-si, Chungcheongbuk-do, KOREA ",,,,0,,,,,,,coacom0206@nate.com,True
카프자동차정비㈜,"CAF Automotive Maintenance Co., Ltd.",312-86-39979,,,"이효종,유영옥","제조업,서비스","자동차재생업,자동차종합수리업",9521,29B,자동차 종합 수리 및 서비스,Total Repair & Service Automotive,충청남도 천안시 서북구 음봉로 909-33(백석동),"909-33, Eumbong-ro, Seobuk-gu, Cheonan-si, Chungcheongnam-do, KOREA ",,,,0,,,,,,,jina1126611@naver.com,True
㈜디지털프론티어,"Digital Frontier Co., Ltd.",312-81-88650,,,오성구,제조,반도체테스트장비,2612,19B,"번인 시스템 및 테스트 시스템의 설계, 개발 및 제조","Design, Development and Manufacture of Burn-In System and Test System","경기도 화성시 동탄첨단산업1로 51-9, 1301호(영천동, 엠타워지식산업센터) ","#1301, 51-9, Dongtancheomdansaneop 1-ro, Hwaseong-si, Gyeonggi-do, KOREA",,,,0,,,,,,,,True
㈜노바바스,"NOVABATH Co., Ltd.",306-87-00200,,,정민,제조업,욕실장,3209,23A,욕실용 수납장의 제조,Manufacture of storage cabinets for bathrooms,충청남도 논산시 은진면 매죽헌로 355 ,"355, Maejukheon-ro, Eunjin-myeon, Nonsan-si, Chungcheongnam-do, KOREA ",,,,0,,,,,,,,True
주식회사 케이스코,"K.SCO Co., Ltd.",517-88-00151,,,박수분,도소매,화장품,"4644, 4783",29A,화장품의 유통 및 공급,Distribution and supply of cosmetics,"대전광역시 동구 우암로 159, 105호 (성남동)","159, Uam-ro, Dong-gu, Daejeon, KOREA ",,,,0,,,,,,,ty7104@hanmail.net,True
㈜엠스페이스,"M Space Co., Ltd.",417-88-00394,,,장경숙,"제조업,도소매","통신기기,전자부품,LED등기구,전자상거래",2842,19A,"실외용 LED등기구(LED 가로등기구, LED 터널용 등기구, LED 보안등기구, LED 투광등기구, LED경관조명기구), 실내용 LED등기구(LED 다운라이트, LED실내조명등, 매입형 및 고정형 LED등기구)에 대한 설계, 개발 및 생산","Design, Development & Manufacturing of  LED luminaires for outdoor(LED luminaires for road, LED tunnel luminaires, LED for Security luminaires, LED  Flood luminaires, LED Landscape luminaires), LED luminaires for indoor(LED down lighting, LED indoor lighting, Recessed and Fixed LED Luminaires)","인천광역시 남동구 승기천로 134, 씨동 1층(고잔동)","134, Seunggicheon-ro, Namdong-gu, Incheon, KOREA",,,www.the-lux.net,0,,,,,,,mspace0807@naver.com,True
주식회사 다모아패키지,"Damoapackage Co., Ltd.",644-87-00586,,,"임정현, 김일남",제조업,포장용재,"1721, 2225, 2223, 2229","07A,14B","포장용재(골판지, 스티로폼, 아이스팩, 박스테이프)의 제조","Manufacture of packing materials (corrugated board, styrofoam, ice pack, box tape)",충청북도 청주시 청원구 북이면 충청대로 1257-22,"1257-22, Chungcheong-daero, Bugi-myeon, Cheongwon-gu, Cheongju-si, Chungcheongbuk-do, KOREA ",,,www.damoapackage.com,0,,,,,,,damoapackage@naver.com,True
주식회사 국도특장,"Gukdo special equipmet Co., Ltd.",460-87-00523,,,김재영,제조,특장차,3020,22A,"특장차의 설계, 개발 및 제조","Design, development and manufacture of specially designed vehicles",전라북도 김제시 백구면 백구공단길 23 ,"23, Baekgugongdan-gil, Baekgu-myeon, Gimje-si, Jeollabuk-do, KOREA ",,,,0,,,,,,,gukdo3266@naver.com,True
㈜경원알미늄,KYEONGWON ALUMINUM Inc.,314-81-30678,,,양동철,제조,"창호,철물,철골,조립식",2511,17B,"창세트(알류미늄 합금) 설계, 개발 및 제조
 
","Design, development and manufacture of window set (aluminum alloy) ",대전광역시 유성구 교촌대정로 202 (대정동),"202, Gyochondaejeong-ro, Yuseong-gu, Daejeon, KOREA",,,www.kw202.co.kr,0,,,,,,,kw907@hanmail.net,True
㈜드림오토,Dream Auto Corp.,312-86-14089,,,이태승,제조업,"자동차부품, 이동용수송기기",3039,22D,자동차 부품(파노라마 썬루프)의 제조,Manufacture of Automotive Parts(Panorama Sunroof),충청남도 아산시 도고면 도고면로 48-12,"48-12, Dogomyeon-ro, Dogo-myeon, Asan-si, Chungcheongnam-do, KOREA ",,,,0,,,,,,,dreamauto10@naver.com,True
주식회사 에센,SN-ENG Inc.,858-81-00733,,,정성룡,제조,"반도체, OLED설비,LCD설비",2927,18A,"반도체, OLED,LCD의 자동화설비 제조","Manufacture of automation equipment for semiconductor, OLED, LCD","경기도 수원시 영통구 신원로 88, 103-1401 (신동, 디지털엠파이어2) ","103-1401, 88, Sinwon-ro, Yeongtong-gu, Suwon-si, Gyeonggi-do, KOREA ",,,www.sn-eng.co. kr,0,,,,,,,,True
예송미디어,Yesong Media,651-49-00243,,,정수진,제조업,인쇄,"1811, 1812",09A,"정기간행물, 기타인쇄물의 생산",Manufacture of Periodicals and Other Printed Matter,"대전광역시 동구 태전로 59, 3층 (삼성동)","59, Taejeon-ro, Dong-gu, Daejeon, KOREA ",,,,0,,,,,,,nhk3673@naver.com,True
하나로타올,Hanaro Towel Co.,301-01-42915,,,윤태용,제조업,타올,1321,04A,타올 및 면직물의 제조,Manufacturing of towels and cotton fabrics,"충청북도 청주시 서원구 현도면 시목외천로 178-4 (중삼리, 하나로타올)","178-4, Simogoecheon-ro, Hyeondo-myeon, Seowon-gu, Cheongju-si, Chungcheongbuk-do, KOREA ",,,,0,,,,,,,k52824313@hanmail.net,True
주식회사 키오떼이앤씨,"KIODDE Co., Ltd. ",417-88-00924,,,이충구,"제조업, 도매 및 소매업",가스레인지,2852,18B,가스레인지의 생산,Development of Gas range,대전광역시 대덕구 신일동로 101 (신일동),"101, Sinildong-ro, Daedeok-gu, Daejeon, KOREA ",,,www.kiodde.com,0,,,,,,,,True
㈜공한전자,"Gonghan electron Co., Ltd.",314-86-31139,,,김형득,제조업,일반전자기기 및 공장자동화용.방위산업,"2890, 2721","19A,19D","수중음파탐지기, 신관류, 시한장입기, 점검장치(전자기기 등)의 설계, 개발 및 제조","Design, Development and Manufacture of Sonar, Fuze, Time Setter, Test Set(electronics Equipment, etc.)",대전광역시 유성구 온천서로 95 (장대동),"95, Oncheonseo-ro, Yuseong-gu, Daejeon, KOREA ",,,,0,,,,,,,,True
㈜경동이엔지,"Kyungdong ENG Co., Ltd.",271-87-00127,,,노희석,제조,소형건설기계,"2922, 2924",18A,"소형건설기계(도로절단기, 아스콘콤팩타, 휘니샤)의 제조","Manufacture of small construction machines (road cutters, ascon compactors, finishing machines)",대구광역시 중구 북성로 34-7 (서야동),"34-7, Bukseong-ro, Jung-gu, Daegu, KOREA ",,,,0,,,,,,,kdeng01@naver.com,True
(주)일우이앤지,"IL WOO ENG Co., Ltd.",301-81-94318,,,황성훈,제조업,"LED조명장치, 금속구조물, 광고판","2842, 2511","19A,17B","1. LED조명장치(등기구, 센서등,가로등, 투광등)의 제조
2. 금속 조립식 구조물(버스승강장)의 제조","1. Manufacture of LED lighting equipment (luminaire, sensor, street lamp, floodlight)
2. Manufacture of metal prefabricated structures (bus platform)",충청북도 청주시 청원구 내수읍 묵방국동로 137-11,"137-11, Mukbanggukdong-ro, Naesu-eup, Cheongwon-gu, Cheongju-si, Chungcheongbuk-do, KOREA",,,,0,,,,,,,tmj1000@naver.com,True
㈜아이케이씨,IL KWANG CORPORATION,620-81-41162,,,이원우,제조업,자동차부품,3039,18A,시트용 벨크로의 생산,Production of velcro for seat,울산광역시 울주군 언양읍 반천반송산업로 125 (반천리),"125, Bancheonbansongsaneop-ro, Eonyang-eup, Ulju-gun, Ulsan, KOREA",,,,0,,,,,,,ilkwang12@daum.net,True
㈜아이케이씨,IL KWANG CORPORATION,620-81-41162,,,이원우,제조업,자동차부품,3039,18A,시트용 벨크로의 생산,Production of velcro for seat,울산광역시 울주군 언양읍 반천반송산업로 125 (반천리),"125, Bancheonbansongsaneop-ro, Eonyang-eup, Ulju-gun, Ulsan, KOREA",,,,0,,,,,,,ilkwang12@daum.net,True
㈜서일테크,"SEOIL TECH Co., Ltd.",354-88-00526,,,강미화,제조,철구조물,"2511, 2592, 2916","17B,18A","도장 및 도장설비(공해 방지시설, 건조로), 컨베이어에 대한 생산 ","Production for coating and painting equipment (pollution prevention facility, drying furnace), conveyor",인천광역시 남동구 남동대로 71,"71, Namdong-daero, Namdong-gu, Incheon, KOREA ",,,,0,,,,,,,seoil4716@naver.com,True
주식회사 도광,"Do-Kwang Co., Ltd.",418-81-36668,,,전성미,"도매, 건설",조경자재,4122,28B,조경시설물(조경식재)의 설치 및 시공,Installation and Construction of Landscape Facilities(Landscape planting),"세종특별자치시 갈매로 351, B동 5116호 (어진동, 에비뉴힐)","351, Galmae-ro, Sejong-si, KOREA ",,,,0,,,,,,,jinzaimin@do-kwang.co.kr,True
㈜아이넴,"INEM Co., Ltd.",305-86-08842,,,김현섭,"제조 및 도,소매","원자력발전소용내방사선실링제 및 패킹제, 자동차부품, 사넙용고기능성실링제및패킹제, 기계,미싱부품",2219,14A,"원자력, 일반 산업용 고기능성 고무소재 및 관련제품(실링, 패킹, 각종부품)의 설계, 개발 및 생산","Design,development and production of high performance rubber materials for nuclear power&general industrial equipment and related products(sealing, packing, ect.)",대전광역시 유성구 테크노2로 235 (탑립동),"235, Techno 2-ro, Yuseong-gu, Daejeon, KOREA ",,,,0,,,,,,,mad@inem.co.kr,True
에스텍아이앤씨㈜,"STECHINC Co., Ltd.",305-81-50966,,,박길현,제조업,"자동제어반, 시스템, 장치제조, 과학기자재, 전지형에너지저장장치, 계장제어장치, CCTV, 영상감시장치, 정보통신기기, 전광판","2812, 2641, 2642","19A,19B","자동제어반, 계장제어반, 정보통신기기, 빌딩자동제어장치, 전광판의 설계, 개발, 제조 및 설치","Design, Development, Manufacturing and Installation of Automatic Control Unit, Instrument Control Unit, IT and Electronic Display Unit, Building Automation Control System ","대전광역시 유성구 테크로2로 187, B동 2층 217호 (용산동, 미건테크노월드 2차)","#217, 187, Techno 2-ro, Yuseong-gu, Daejeon, KOREA ",,,www.stechinc.co.kr,0,,,,,,,,True
주식회사 에르코스 농업회사법인,"Ercohs Agricultural Co., Ltd.",305-86-34656,,,김슬기,"제조업,도소매,수출입,소매업,부동산","신발,식품제조,유아용품,식품,유아용품,전자상거래업,임대","1079, 1071, 1012",03A,"베이비푸드(이유식), 과자류, 육가공의 개발 및 제조","Development and Manufacture of Baby food, Snack, Meat processing",대전광역시 유성구 도안동로 329 (원신흥동),"329, Doandong-ro, Yuseong-gu, Daejeon, KOREA ",,,,0,,,,,,,ctstudy@naver.com,True
(주)비엠웍스,"BMWORKS Co., Ltd.",314-86-32725,,,배광식,제조업,정밀기계제작,"2922, 2721","18A,19D",산업용 레이저기기 및 정밀기기 제조,Manufacture of industrial laser instruments and precision instruments,"대전광역시 유성구 테크노2로 199, 310호 (용산동, 미건테크노월드)","#310, 199, Techno 2-ro, Yuseong-gu, Daejeon, KOREA ",,,,0,,,,,,,bmworksco@hametax.go.kr,True
터보만 주식회사,"Turbomann Co., Ltd.",314-86-35886,,,김정민,제조업,산업용냉장및냉동장비,2917,18A,"터보블로워, 터보컴프레서, 터보냉동기 시스템의 제조","Manufacture of Turbo Blowers, Turbo Compressors, Turbo Chillers System",충청북도 청주시 청원구 사천로152번가길 53-12 (사천동),"53-12, Sacheon-ro 152beonga-gil, Cheongwon-gu, Cheongju-si, Chungcheongbuk-do, KOREA",,,,0,,,,,,,turbomann@hometax.go.kr,True
충청화학에너지㈜,"Chungcheong Chemical Energy Co., Ltd.",308-81-23089,,,이철학,제조외,"폐유, 폐유기응제정제외",2011,12B,"폐유, 폐유기용제를 이용한 유류, 유기용제의 제조",Manufacture of oil and organic solvents using waste oil and organic solvent,충청남도 논산시 가야곡면 동안로 1274-10 (야촌리),"1274-10, Dongan-ro, Gayagok-myeon, Nonsan-si, Chungcheongnam-do, KOREA ",,,,0,,,,,,,ccc5182@naver.com,True
㈜하이맥스컨설팅,"Hi-Max Consulting Co., Ltd.",116-81-36137,,,서화덕,서비스,"근로자파견, 경비용역, 기타 도급업","7511, 5822","35C,33B","인력아웃소싱, 시설관리, 도급관리, 행사 프로모션, 소프트웨어 개발의 기획 및 운영 서비스","Planning and Operational Service of Human Resource Outsourcing, Facility Management, Contract Management, Event Promotion, Software Development","서울시 서초구 반포대로 20길 61, 동성빌딩 2층","61, Banpo-daero 20-gil, Seocho-gu, Seoul, KOREA",,,,0,,,,,,,,True
㈜원진글로벌,"WONJIN GLOBAL Co., Ltd.",615-81-51479,,,조창규,제조 외,"철강,철강절단 외",2592,17B,"자동차용, 산업설비용 및 중장비용 기계가공 부품에 대한 제조","Manufacture of machinery parts for automotive, industrial and heavy industry",경상남도 김해시 생림면 여차로 21 (사촌리),"21, Yeocha-ro, Saengnim-myeon, Gimhae-si, Gyeongsangnam-do, KOREA ",,,,0,,,,,,,wjsteel1@hanmail.net,True
㈜아이티에스비,"ITSB Co., Ltd.",311-81-46545,,,김대한,"건설업, 제조업외","정보통신공사, CCTV제조, 수배전반외","4231, 4232, 2812","28C,19A","1. 전기 및 정보통신공사의 시공 
2. CCTV, 자동제어, 통합배전반, 공장자동화시스템의 설치 ","1. Construction of Electricity and Information and Communication Corporation
2. CCTV, automatic control, integrated switchboard, installation of factory automation systems",세종특별자치시 장군면 대교길 156-16 (봉안리),"156-16, Daegyo-gil, Janggun-myeon, Sejong-si, KOREA",,,,0,,,,,,,vkdh1004@naver.com,True
(주)명진하이텍,"MYEONGJIN HI TECH Co., Ltd.",621-86-13738,,,박종봉,제조업,자동화기계및장비설치,2929,18A,공장 자동화기계 제조 및 설치,Manufacture and installation of automation machinery,경상남도 양산시 산막공단북11길 37 (산막동),"37, Sanmakgongdanbuk 11-gil, Yangsan-si, Gyeongsangnam-do, KOREA ",,,,0,,,,,,,jsfa3353@naver.com,True
㈜터보코리아이엔에스,"TurboKorea ENS Co., Ltd.",634-88-00494,,,임동기,제조업,산업용송풍기,2917,18A,"터보블로워, 터보컴프레샤, 터보냉동기의 제조 및 설치","Manufacture and Installation of Turbo Blowers, Turbo Compressors and Turbo Chillers Syste",충청북도 청주시 청원구 팔결로 315 (외하동),"315, Palgyeol-ro, Cheongwon-gu, Cheongju-si, Chungcheongbuk-do, KOREA ",,,,0,,,,,,,vat@turbokorea.com,True
㈜한국테크,"HANKOOK TECH. Co., Ltd.",503-81-48308,,,이종녕,제조 외,"통신기기,케이블트레이",2830,19A,케이블트레이를 포함한 통신부자재 및 태양광 구조물에 대한 제조,Manufacture of telecommunication auxiliary materials and photovoltaic structures including cable trays,경상북도 칠곡군 가산면 경북대로 1772-2 (석우리),"1772-2, Gyeongbuk-daero, Gasan-myeon, Chilgok-gun, Gyeongsangbuk-do, KOREA ",,,http://koreantech.co.kr,0,,,,,,,,True
㈜엘센,"ELSSEN Co., Ltd.",863-87-00042,,,박지만,제조업,"전자부품, 반도체 제조",2629,19A,IoT 센서 디바이스의 제조,Manufacturing of IoT sensor device,"대전광역시 유성구 테크노3로 65, 435호 (관평동, 한신에스메카)","#435, 65, Techno 3-ro, Yuseong-gu, Daejeon, KOREA 
",,,,0,,,,,,,,True
한국노블가스㈜,"KOREA NOBLE GAS Co., Ltd.",314-86-26655,,,송재섭,"제조업, 건설업","고압가스, 가스시설시공","2012, 4220, 7212","12A,28D,34A","1. 특수가스의 혼합 및 충진
2. 가스공급장치의 설치 및 엔지니어링서비스","1. Mixing and Filling of Specialty Gases
2. Installtion and Engineering Service of Gas Supply System

",대전광역시 대덕구 신일서로125번길 26 (신일동),"26, Sinilseo-ro 125beon-gil, Daedeok-gu, Daejeon, KOREA ",,,,0,,,,,,,noblegas96@gmail.com,True
주식회사 대한정유,"Daehan oil refining Co., Ltd.",615-86-00219,,,정종진,제조업,"윤활유(박리제), 임가공",2049,12B,박리제 생산,Production of exfoliants,경상남도 김해시 주촌면 서부로1499번길 22-102 (내삼리),"22-102, Seobu-ro 1499beon-gil, Juchon-myeon, Gimhae-si, Gyeongsangnam-do, KOREA",,,,0,,,,,,,daehan5189@naver.com,True
㈜비지씨,"B.G.C Co., Ltd.",824-88-00423,,,"나채호, 박현수",제조업,기계제작,"2922, 2629","18A,19A","산업용 기계(가공기, 검사기, 자동화 설비, 자동공급장치)의 제조","Manufacture of industrial machines (processing machines, inspection machines, automation equipment, automatic supply equipment)",경상북도 구미시 수출대로 161 (공단동),"161, Suchul-daero, Gumi-si, Gyeongsangbuk-do, KOREA ",,,,0,,,,,,,bgc104@naver.com,True
㈜스타빌엔지니어링,"Star Vill Engineering Co., Ltd.",574-87-00083,,,김웅회,제조업,단열재,"2225, 2593","14B,17B",열교차단재(발포폴리스티렌) 및 열교차단(금속제)브래킷의 제조 및 개발,Manufacture and development of thermal bridge breakers (expanded polystyrene) and thermal bridge breakers (metallic) brackets,"세종특별자치시 장군면 봉안산소골길 7-7, 106-403","106-403, 7-7, Bongansansogol-gil, Janggun-myeon, Sejong-si, KOREA ",,,www.starvilleng.co.kr,0,,,,,,,starvill2014@naver.com,True
㈜서해광업,"SEOHAE MINING Co., Ltd.",305-81-61269,,,강기미,제조,기타비금속광물제품 ,2399,15A,공업용규사의 제조(주물사),Manufacture of Silica (Molding Sand),충청남도 서산시 부석면 무학로 325 (마룡리),"325, Muhak-ro, Buseok-myeon, Seosan-si, Chungcheongnam-do, KOREA ",,,,0,,,,,,,shsand1980@naver.com,True
㈜한국엔지니어링,"KOREA ENGINEERING Co., Ltd.",615-81-09286,,,장성호,제조,선박엔진부품,2912,18A,선박엔진부품(유압TOOL 및 VALVE류)에 대한 생산,Manufacture of Parts for marine Diesel Engine(Hydraulic Tool and Valves),경상남도 밀양시 하남읍 파내2길 8-7,"8-7, Panae 2-gil, Hanam-eup, Miryang-si, Gyeongsangnam-do, KOREA",,,,0,,,,,,,qm@keco1.co.kr,True
바프렉스㈜,"BARFLEX Co., Ltd.",314-81-54419,,,권용호,제조,고분자및신소재제품 외,2221,14B,"차단성필름의설계, 개발 및 제조","Design, Development and manufacture of Barrier Film",대전광역시 유성구 테크노7로 32-1 (용산동),"32-1, Techno 7-ro, Yuseong-gu, Daejeon, KOREA ",,,,0,,,,,,,barflex@bill36524.com,True
㈜자이솜,XISOM Inc.,314-86-45797,,,조창희,제조업,산업처리공정제어장비,2721,19D,산업자동제어 장치의 시스템(SCADA)개발 및 제조 ,Development of SCADA Solutions,대전광역시 유성구 테크노3로 43 (관평동),"43, Techno 3-ro, Yuseong-gu, Daejeon, KOREA ",,,www.xisom.com,0,,,,,,,etax@xisom.com,True
㈜에이온엘에스,"AEON LS Co., Ltd.",349-88-00387,,,오병섭,제조업,화장품,2042,12B,기초 및 색조 화장품의 개발 및 생산,Development and production of foundation and color cosmetics,대전광역시 유성구 유성대로 1646 (전민동),"1646, Yuseong-daero, Yuseong-gu, Daejeon, KOREA ",,,,0,,,,,,,,True
㈜시스웍,"SYSWORK Co., Ltd.",305-81-70225,,,이종원,제조업,산업처리자동측정및제어장비,2721,19D,"감시제어시스템(크린룸, 냉난방 공조시스템)에 대한 개발, 생산, 설치 및 서비스","Development, Manufacture, Installation and Service of monitoring & Control System for Clean Room, Cooling & Heating Air Conditioning System",대전광역시 유성구 테크노7로 32-13 (용산동),"32-13, Techno 7-ro, Yuseong-gu, Daejeon, KOREA ",,,,0,,,,,,,su2609@syswork.co.kr,True
㈜알엔에스,RNS Inc.,314-86-06305,,,김청택,제조업 외,"화장품제조업, 치약, 비누외",2042,12B,"화장품 원료, 일반화장품 및 기능성화장품(미용비누포함)의 제조","Manufacture of cosmetics Raw Materials, general cosmetics and functional cosmetics (Including soap for beauty)","대전광역시 유성구 테크노1로 62-8, 1동(관평동)","62-8, Techno 1-ro, Yuseong-gu, Daejeon, KOREA",,,,0,,,,,,,dan111@biorns.com,True
㈜엔박,ENBAC Inc.,314-86-38904,,,윤정중,"제조업,서비스","유량측정,소프트웨어개발및공급업","2721, 2917, 7212","19D,18A,34A","1. 유량계, 열회수시스템의 설계, 개발, 제조 및 설치
2. 공조냉동기계의 엔지니어링 서비스","1. Design, Development, Manufacture and Installation of Flowmeter & Heat Recovery System
2. Engineering Service of Airconditioning and Refrigerating Machinery",대전광역시 유성구 테크노2로 160 (용산동 충남대창업지원센터(대덕특구)),"#107 CNU-TBI, #160 Techno 2-ro, Yuseong-gu, Daejeon, KOREA",,,http://www.enbac.co.kr/,0,,,,,,,enbac3622@hometax.go.kr,True
엠제이하이테크㈜,"MJ Hi-Tech Co., Ltd.",314-86-07056,,,김기봉,제조,"이동식화장실, 공원시설물, 이동식시설물","2511, 4122","17B,28B","이동식화장실, 공원시설물, 이동식시설물의 개발, 제작 및 설치","Development, Manufacture and Installation of Portable Toilet, Park Facilities, Mobile Facilities","대전광역시 서구 도산로 208, 대전빌딩 302호","#302, 208, Dosan-ro, Seo-gu, Daejeon, KOREA",,,,0,,,,,,,2308809@hanmail.net,True
㈜한국야나세,"KOREA YANASE Co., Ltd.",608-81-13439,,,우영준,제조업,선박 구성 부분품외,2511,17B,"선체구조물(Hatch Cover, Barge, Lashing Bridge)에 대한 생산","Manufacturing of Hull Structures(Hatch Cover, Barge, Lashing Bridge)",경상남도 창원시 마산합포구 진전면 미더덕로 64 (율티리),"64, Mideodeok-ro, Jinjeon-myeon, Masanhappo-gu, Changwon-si, Gyeongsangnam-do, KOREA ",,,www.koreayanase.co.kr,0,,,,,,,koyanase@hanmail.net,True
㈜김앤드이,KIM AND LEE,213-81-04843,,,"김종성, 이준희","건설업, 제조","설비공사,철물구조물제작",4220,28D,"발전소, 일반산업공장, 빌딩, 아파트, 주택의 기계설비, 소방설비, 배관, 냉난방, 닥트공사에 대한 시공 및 서비스","Construction and Servicing of Mechanical, Fire Fighting, Piping, HVAC and Duct Works for Power Plant, Industrial Plant, Building, Apartment & Housing",서울특별시 강남구 논현로57길 30 (도곡동),"30, Nonhyeon-ro 57-gil, Gangnam-gu, Seoul, KOREA",,,Kimandlee.co.kr,0,,,,,,,kal8771@hometax.go.kr,True
㈜현테크,"Hyuntech Co., Ltd.",634-87-00314,,,육영근,"건설업, 제조업","실내건축공사, 가스공급장치",2512,17B,가스공급장치의 제조,Manufacture of Gas supply Equipment,대전광역시 대덕구 대화로32번길 60-21 (대화동),"60-21, Daehwa-ro 32beon-gil, Daedeok-gu, Daejeon, KOREA ",,,,0,,,,,,,hyuntech7558@naver.com,True
씨에스피 주식회사,"CSP Co., Ltd.",312-86-56319,,,"송광호, 이은호",제조업,반도체장비및부품,2927,18A,"반도체 및 디스플레이 제조용 장비의 설계, 개발 및 생산","Design, development and production of semiconductor and display manufacturing equipment",충청남도 천안시 서북구 직산읍 4산단3로 52 (E),"(E) 52, 4sandan 3-ro, Jiksan-eup, Seobuk-gu, Cheonan-si, Chungcheongnam-do, KOREA",,,,0,,,,,,,csp@cspt.co.kr,True
주식회사 성광,"SUNG KWANG Co., Ltd.",139-81-41142,,,진은정,제조,축산용자동급이기,2921,18A,"축산용 자동급이, 급수, 환기시스템에 대한 설계, 개발 및 생산","Design, Development and Production of automatic feeding, water supply and ventilation systems for animal husbandry",인천광역시 남동구 함박뫼로377번길 17 (남촌동),"17, Hambangmoe-ro 377beon-gil, Namdong-gu, Incheon, KOREA",,,www.skls.co.kr,0,,,,,,,skls8@daum.net,True
주식회사 유티즌,"Utizen Co., Ltd.",129-81-71921,,,한충열,"서비스, 제조","자동제어시스템설계, 소프트웨어 개발, 통신전자, 자동제어기기",4232,28C,정보통신공사에 대한 시공 및 부가서비스,Installation and Sevicing of information telecommunication works,"경기도 성남시 분당구 황새울로200번길 28, 401호(수내동, 오너스타워)","28, Hwangsaeul-ro 200beon-gil, Bundang-gu, Seongnam-si, Gyeonggi-do, KOREA",,,,0,,,,,,,,True
㈜메가테크,"MEGA TECH Co., Ltd.",140-81-46074,,,정춘호,제조업,"전자제품, LED부품",2221,14B,"점착, 비점착 Sheet류 설계, 개발 및 타발","Design, development and punching of adhesive and non-adhesive sheets",경기도 시흥시 매화산단3길 44 (매화동),"44, Maehwasandan 3-gil, Siheung-si, Gyeonggi-do, KOREA",,,megathchno1.com,0,,,,,,,ibm17710@megatechno1.com,True
합자회사 보광전기,"Bokwang Electric Co., Ltd.",305-81-12642,,,박희근,"건설업, 제조업","전기공사, 정보통신공사업","4231, 4232",28C,"배전공사, 건축물의 전기공사, 소방공사 및 정보통신공사의 시공","Construction of electric power distribution, construction electric work, fire fighting work, and information and communication work",대전광역시 동구 신기로 157 (가오동),"157, Singi-ro, Dong-gu, Daejeon, KOREA ",,,,0,,,,,,,,True
㈜현우이엔씨,"HyunWoo ENC Co., Ltd.",307-81-40940,,,김수진,제조업 외,배전반 및 분전반제조업 외,"4231, 2812","28C,19A","1. 전기공사의 시공 
2. 수배전반, 분전반, 음향장비 및 영상장비의 제조","1. Construction of electric work 
2. Manufacture of switchgear, distribution board, sound equipment and video equipment",세종특별자치시 금남면 도남1길 77-36 ,"77-36, Donam 1-gil, Geumnam-myeon, Sejong-si, KOREA",,,,0,,,,,,,sht0304@naver.com/hy4172@hometax.go.kr,True
주식회사 비노크,"BENOC Co., Ltd.",314-86-19265,,,조홍주,제조,안경렌즈 제조,"2312, 4649","15A,29A","안경렌즈의 설계, 개발, 제조 및 판매 ","Design, development, manufacture and sales of spectacle lenses",대전광역시 대덕구 신일서로18번길 100,"100, Sinilseo-ro 18beon-gil, Daedeok-gu, Daejeon, KOREA ",,,www.shck.kr,0,,,,,,,ns.kim@shck.kr,True
주식회사 네오프로브,"Neo Probe Co., Ltd.",314-86-17480,,,송광용,제조,올리고 과학기자재 제조,2049,12B,올리고 합성의 제조,The Production of Oligonucleotide Synthesis.,"대전광역시 유성구 테크노4로 17, A702호(관평동)","17, Techno 4-ro, Yuseong-gu, Daejeon, KOREA",,,www.neoprobe.co.kr,0,,,,,,,neo-probe@hanmail.net,True
주식회사 템코,TEMCO Limited,314-81-39626,,,이성구,"제조, 서비스","산업용브레이크및부품, 산업용기계수리","2914, 7212","18A,34A",산업용 동력 전달 장치 및 안전 장치 제조 및 엔지니어링 서비스,manufacturing and engineering service of industrial power transmission and safety devices,대전광역시 유성구 학하남로99번길 14-9 (학하동),"14-9, Hakhanam-ro 99beon-gil, Yuseong-gu, Daejeon, KOREA",,,"www.stromagkorea.co.kr
www.stromagkorea.co.kr

www.stromagkorea.co.kr
www.stromagkorea.co.kr",0,,,,,,,,True
삼광기계,SAM GWANG Co.,613-01-94922,,,최연희,제조,"농기구부품, 중장비부품","2921, 2929",18A,"중장비 부품(Bush, Pin)에 대한 생산","Manufacture of Heavy Equipment Parts (Bush, Pin)",경상남도 진주시 돗골로69번길 20 (상평동),"20, Dotgol-ro 69beon-gil, Jinju-si, Gyeongsangnam-do, KOREA ",,,,0,,,,,,,sam3933@hanmail.net,True
㈜우진아이엔에스,"WOOJIN I&S Co., Ltd.",114-81-33003,,,홍경모,"건설업, 제조","설비공사, 소방가스철물공사외, 구조금속제품, 신재생에너지전문기업, 실내건축공사업, 시설물유지관리업","4220, 2917","28D,18A","본      사: 기계설비(배관, 공조, 가스, 소화)공사에 대한 생산, 시공 및 부가서비스
천안공장: 기계설비시스템(배관, 공조, 가스, 소화)에 대한 설계, 개발, 생산, 설치 및 부가서비스","Head Office: Production, Construction & Services of Mechanical System including piping & Utility, Steel Fabrication, Fire Fighting, Gas Facility
Cheonan Factory: Design, Development, Production, Installation & Services of Mechanical Facility System including piping & Utility, Steel Fabrication, Fire Fighting, Gas Facility",서울특별시 서초구 방배로 166 한승빌딩 3층,"166, Bangbae-ro, Seocho-gu, Seoul, KOREA",,,www.woojini.com,0,,,,,,,minkyu@woojini.com,True
㈜우진아이엔에스,"WOOJIN I&S Co., Ltd.",114-81-33003,,,홍경모,"건설업, 제조","설비공사, 소방가스철물공사외, 구조금속제품, 신재생에너지전문기업, 실내건축공사업, 시설물유지관리업","4220, 2917","28D,18A","본      사: 기계설비(배관, 공조, 가스, 소화)공사에 대한 생산, 시공 및 부가서비스
천안공장: 기계설비시스템(배관, 공조, 가스, 소화)에 대한 설계, 개발, 생산, 설치 및 부가서비스","Head Office: Production, Construction & Services of Mechanical System including piping & Utility, Steel Fabrication, Fire Fighting, Gas Facility
Cheonan Factory: Design, Development, Production, Installation & Services of Mechanical Facility System including piping & Utility, Steel Fabrication, Fire Fighting, Gas Facility",서울특별시 서초구 방배로 166 한승빌딩 3층,"166, Bangbae-ro, Seocho-gu, Seoul, KOREA",,,www.woojini.com,0,,,,,,,minkyu@woojini.com,True
휠러스주식회사,"WHEELERS Co., Ltd.",204-86-08379,,,이성철,"서비스,제조",소프트웨어 개발 및 자동제어시스템 구축,"5822, 6202","33B,33A",소프트웨어개발 및 자동제어시스템 구축,Development of software and Construction of automatic control system ,"경상북도 경주시 양남면 동해안로 656, 1동","1dong, 656, Donghaean-ro, Yangnam-myeon, Gyeongju-si, Gyeongsangbuk-do, KOREA",,,www.wheelers.biz,0,,,,,,,keumsook.jung@wheelers.biz,True
나성산업,"Na Sung Co., Ltd.",130-32-82357,,,송기덕,제조,"의료용리본, 전자부자재",2221,14B,"HOT STAMPING FOIL, 의료용 I.V 솔루션 및 일부인테이프 제조","Manufacture of Hot stamping foil, Medical I.V Solution and Making Tapes
",경기도 화성시 서신면 전곡산단로 154-38,"154-38, Jeongoksandan-ro, Seosin-myeon, Hwaseong-si, Gyeonggi-do, KOREA",,,,0,,,,,,,nasung71508@naver.com,True
㈜두웅,Doo Woong Corporation,609-81-28240,,,이일형,"제조, 도매","쇼트브라스트기계, 산업용로보트기계, 대기환경오염방지기계",2917,18A,쇼트 블라스트 및 대기오염방지 설비의 설계 및 생산,Design and production of shot blast and air pollution prevention equipment,경상남도 창원시 의창구 대산면 가술산단남로54,"54, Gasulsandannam-ro, Daesan-myeon, Uichang-gu, Changwon-si, Gyeongsangnam-do, KOREA",,,www.eagleblast.co.kr,0,,,,,,,doowoong@bill36524.com,True
㈜대정티에스,"Dae Jeong T.S Co., Ltd.",601-88-00873,,,정태준,제조업,"자동화기기, 전기전자장비",2812,19A,전기제어 장치에 대한 생산 ,Manufacture of Electronic control Device,경상남도 김해시 진영읍 본산2로 15-15,"15-15, Bonsan 2-ro, Jinyeong-eup, Gimhae-si, Gyeongsangnam-do, KOREA ",,,,0,,,,,,,jtj2787@hanmail.net,True
(주)위드테크 ,With Tech. Co. ,311-88-01284,,,진성욱,제조업,자동화기계,2927,18A,"자동화 설비(반도체, 전자부품, 소물류분류)의 제조","Manufacture of automation equipment(semiconductor, electronic parts, small logistics)","경상북도 구미시 수출대로 152, 423호 (공단동, 지식산업센터 세원테크노밸리)","152, Suchul-daero, Gumi-si, Gyeongsangbuk-do, KOREA ",,,,0,,,,,,,samson74@daum.net,True
다보,DABO,124-47-40114,,,김태우,"제조업, 도소매",반도체부품 외,2927,18A,"반도체 장비용 부품(HEATER, COMPONENT, VACUUM LINE, GAS TUBE 및 VALVE)의 생산 및 설치","Production and installation of parts for semiconductor equipment (HEATER, COMPONENT, VACUUM LINE, GAS TUBE and VALVE)",경기도 오산시 지곶길 18-7 (지곶동),"18-7, Jigot-gil, Osan-si, Gyeonggi-do, KOREA",,,,0,,,,,,,twkim@dabobox.com,True
에이피에너지㈜,"AP Energy Co., Ltd.",305-81-80999,,,박정욱,"제조업, 건설업",태양광발전장치,"2917, 2852, 4231, 4220","18A,19A,28C,28D","1. 냉난방기기의 개발, 제조 및 시공
2. 전기공사 
3. 신재생에너지에 대한 개발, 제조 및 시공","1. Development, manufacture and construction of heating and cooling equipment
2. Electric Works
3. Development, manufacture and construction of new and renewable energy","대전광역시 대덕구 대화로 160, 17-301 (대화동, 산업용재유통상가) ","17-301, 160, Daehwa-ro, Daedeok-gu, Daejeon, KOREA ",,,http://www.apple-korea.co.kr,0,,,,,,,,True
㈜휴텍스,"FUTECS Co., Ltd.",305-81-47331,,,김기수,제조,과학기자재,2721,19D,HPLC 및 실험용 분석기기의 개발 및 생산,Development and production of HPLC and laboratory analyzers,대전광역시 유성구 테크노1로 62-8 (관평동),"62-8, Techno 1-ro, Yuseong-gu, Daejeon, KOREA",,,,0,,,,,,,tim0521@futecs.com,True
영동테크,YD Tech,608-23-77618,,,최영배 외 1명,제조업,기계부품,2592,17B,자동차부품 및 중장비부품에 대한 정밀가공,Precision machining on automobile parts and heavy equipment parts,"경상남도 창원시 성산구 월림로49번길 2-15 (신촌동, 영동테크)","2-15, Wollim-ro 49beon-gil, Seongsan-gu, Changwon-si, Gyeongsangnam-do, KOREA",,,,0,,,,,,,yb75@naver.com,True
우원중공업㈜,"Woowon Heavy Industry Co., Ltd.",301-86-01298,,,방현복,제조업,운반기계외,2916,18A,"운반기계 및 엘리베이터, 화물용리프트, 테이블리프트의 제조","Manufacture of conveying machine, elevators, cargo lifts and table lifts",충청북도 청주시 청원구 오창읍 농소길 33-42 (농소리),"33-42, Nongso-gil, Ochang-eup, Cheongwon-gu, Cheongju-si, Chungcheongbuk-do, KOREA ",,,,0,,,,,,,,True
대우물류장비㈜,"Daewoo Logistics Equipment Co., Ltd.",312-81-93513,,,"박경훈, 정명영",제조업,"지게차(부품,램프,중기부품가공)",2916,18A,"운반기계 및 지게차용 부품(램프, 중기)의 제조","Manufacture of parts for transportation machines and forklifts (lamps, heavy machinery)",충남 아산시 신창면 학성로 88,"88, Hakseong-ro, Sinchang-myeon, Asan-si, Chungcheongnam-do, KOREA",,,,0,,,,,,,dtfs4733@naver.com,True
한국물류시스템㈜,"KOREA MOVING SYSTEM Co., Ltd.",392-81-00548,,,유흥식,제조업,"지게차,기타운송장비",2916,18A,지게차 및 기타 운송장비의 제조 ,Manufacture of forklift and other transport equipment,충청남도 아산시 영인면 신봉길 62 (신봉리),"62, Sinbong-gil, Yeongin-myeon, Asan-si, Chungcheongnam-do, KOREA ",,,,0,,,,,,,hankook0101@naver.com,True
㈜대신칼라팩,"DAESHIN COLOR PACKAGE Co., Ltd.",308-81-18586,,,최동창,제조,골판지상자,1721,07A,골판지상자의 제조,Manufacture of corrugated boxes,충청남도 논산시 연산면 선비로 672-13 (덕암리),"672-13, Seonbi-ro, Yeonsan-myeon, Nonsan-si, Chungcheongnam-do, KOREA ",,,,0,,,,,,,dscp21@hanmail.net,True
이디안재단 주식회사,"Edien Global Exchange Co., Ltd.",324-81-00604,,,이종국,"제조업, 도매 및 소매업","혼합음료, 공산품, 전자상거래","5822, 1120, 4791","33B,03A,29A","1. 응용소프트웨어 개발 및 공급
2. 혼합음료(식용수,음료수)의 제조
3. 전자상거래(생활잡화, 식품, 의류 등)","1. Application Software Development and Supply
2. Manufacture of mixed drinks (drinking water, beverages)
3. Electronic Commerce (Household Goods, Food, Clothing, etc.)",충청북도 제천시 백운면 천등박달로 996-31," 996-31, Cheondeungbakdal-ro, Baegun-myeon, Jecheon-si, Chungcheongbuk-do, KOREA",,,http://www.kmwl.kr/ ,0,,,,,,,jjlee0123@nate.com,True
다산조명,DASAN LIGHT Co.,301-06-96148,,,박경숙,제조업,조명장치 및 등기구,2842,19A,"LED조명장치(실내조명등, 가로등, 보안등, 투광등)의 제조","Manufacture of LED lighting equipment (indoor lighting, street light, security light, floodlight)",충청북도 청주시 상당구 무심동로 306 (남주동),"306, Musimdong-ro, Sangdang-gu, Cheongju-si, Chungcheongbuk-do, KOREA ",,,,0,,,,,,,dasanlight@naver.com,True
금성정밀,GEUM SEONG PRECISION,608-33-91962,,,제환욱,제조업,자동차부품,3039,18A,"자동차부품, 전기전자부품 및 중장비부품에 대한 생산(오일클러 및 라디에터용 프레스가공부품, Case, Core Assy, Psate Assy, BKT, Stay Assy, Support 등)","Production of Automobile Parts, Electro Parts Electronic Parts & Heavy Automobile Parts(Oil-cooler & Radiator pressed goods, Case, Core Assy Plate Assy, BKT, Stay Assy, Support etc)",경상남도 창원시 마산회원구 내서읍 중리공단로5길 14 (중리),"14, Jungnigongdan-ro 5-gil, Naeseo-eup, Masanhoewon-gu, Changwon-si, Gyeongsangnam-do, KOREA",,,,0,,,,,,,,True
윤슬㈜,"YoonSeul Co., Ltd.",314-86-32555,,,신상교,제조업,"광학기기, 실험장비","2721, 2730",19D,"산업용 설비 및 부품의 설계, 개발 및 제조","Design, development and manufacture of industrial facilities and components",대전광역시 대덕구 대화로32번길 80(대화동),"80, Daehwa-ro 32beon-gil, Daedeok-gu, Daejeon, KOREA",,,www.yoonseul.com,0,,,,,,,yoonseul@yoonseul.com,True
(주)하얀소금,"WHITE SALT Co., Ltd.",140-81-51242,,,전호경,제조업,친환경 제설제,2012,12A,제설제에 대한 생산,Manufacture of Snow Melting Deice,경기도 화성시 서신면 전곡산단로 254 (전곡리),"254, Jeongoksandan-ro, Seosin-myeon, Hwaseong-si, Gyeonggi-do, KOREA ",,,www.sokum.co.kr,0,,,,,,,ghvkfl@naver.com,True
㈜어울림디자인,"Oulim Design Co., Ltd.",647-86-00216,,,"강익하, 강인규",제조업,가구,3202,23A,주방가구 및 일반 수납가구의 제조,Manufacture of Kitchen furniture and General storage furniture,"대전광역시 중구 충무로 159, 2층 (문창동)"," 159, Chungmu-ro, Jung-gu, Daejeon, KOREA ",,,,0,,,,,,,oulim4759@hanmail.net,True
㈜와이씨씨,"YCC Co., Ltd.",417-81-31675,,,조순걸,제조업,무기기초화합물,2012,12A,기초 무기 화합물(액상 제설제)의 제조,Preparation of Basic Inorganic Compounds (Liquid Soil),전라남도 여수시 산단중앙로 87 (화치동),"87, Sandanjungang-ro, Yeosu-si, Jeollanam-do, KOREA ",,,ycc-green.co.kr,0,,,,,,,,True
주식회사 제이에이치테크코리아,"JH TECH KOREA Co., Ltd.",193-81-02672,,,이주현,제조업 외,"휴대폰부품,전자부품외",2229,14B,전자부품(테이프류)에 대한 가공 생산,Machining production for electronic parts (tapes),대구광역시 달서구 성서4차첨단로 376 (대천동) ,"376, Seongseo4chacheomdan-ro, Dalseo-gu, Daegu, KOREA",,,,0,,,,,,,kolla68@hanmail.net,True
유메인㈜,UMAIN Inc.,314-86-34946,,,김영환,제조업,유무선통신기기,"2641, 2642",19B,유무선통신기기의 제조 ,Manufacture of wired and wireless communication equipment,"대전광역시 유성구 대학로 291, 9층 (구성동, 한국과학기술원)","291, Daehak-ro, Yuseong-gu, Daejeon, KOREA ",,,www.umain.co.kr,0,,,,,,,,True
㈜삼인실업,"Sam In Industrial Co., Ltd.",605-81-28739,,,유인철,제조,금속융단및유사절단가공,2591,17B,버스 내장재 및 부품의 가공 및 조립,The Processing and assembly of bus interior parts and other parts.,울산광역시 울주군 상북면 길천산업로 105-10,"105-10, Gilcheonsaneop-ro, Sangbuk-myeon, Ulju-gun, Ulsan, KOREA ",,,,0,,,,,,,samin0304@naver.com,True
가오약품,GAO Pharm.,305-32-55094,,,고명현,"도,소매","의약품,의약외품,건강기능식품",4644,29A,의약품 판매 ,Wholesale and retailing of medicines,"대전광역시 중구 봉소루로 37, 4층(석교동)","37, Bongsoru-ro, Jung-gu, Daejeon, KOREA ",,,http://www.gaopharm.com/,0,,,,,,,gao9995@hanmail.net,True
㈜이룸텍,ERUMTEC,585-88-00945,,,전지현,"도소매, 제조업","전자상거래업, 화학제품, 산업용기자재","2049, 2042",12B,"화학제품(세척제, 방청제, 접착제, 윤활제, 코팅제, 실리콘)의 생산","Production of Chemicals (cleaners, anti-corrosion agents, adhesives, lubricants, coating agents, silicon)",울산광역시 북구 진장16길 4,"4, Jinjang 16-gil, Buk-gu, Ulsan, KOREA",,,http://www.indmall.co.kr/,0,,,,,,,erumt@naver.com,True
주식회사비네아,"Vinea Co., Ltd.",318-81-07150,,,최미숙,서비스,"시스템통합업, 소프트웨어연구개발","5821, 6399, 5822",33B,"시스템통합(SI), 데이터베이스, 빅데이터마이닝, 계량정보분석, 클라우드서비스 플렛폼, 소프트웨어의 설계, 개발, 구축, 운영 및 유지보수","System Integration, Database, Big Data Mining, Metering information Analysis, Cloud Service Platform, Design, Development, Construction, Operation and Maintenance of Software","대전광역시 유성구 죽동로297번길 38, 4층 (죽동, 동일빌딩)","4F, 38, Jukdong-ro 297beon-gil, Yuseong-gu, Daejeon, KOREA",,,,0,,,,,,,woohaha@vinea.co.kr,True
(주)한국후지,"Hangook Fujee Industries Co., Ltd.",305-86-15760,,,최길업,제조업,식품기계,2599,17B,육절기의 제조,Manufacture of Meat Cutting Machinem.,대전광역시 대덕구 오정로90번길 5 (오정동),"5, Ojeong-ro 90beon-gil, Daedeok-gu, Daejeon, KOREA ",,,,0,,,,,,,,True
㈜대원기계,"DEAWON Machinery Co., Ltd.",228-81-04471,,,곽찬원,제조,특수목적용기계,2916,18A,환경 산업 기계(컨베이어)의 제조,Manufacture of environmental industrial machinery (conveyor),대전광역시 대덕구 대전로1019번길 25 (오정동),"25, Daejeon-ro 1019beon-gil, Daedeok-gu, Daejeon, KOREA ",,,,0,,,,,,,,True
에스제이데이타 주식회사,"SJDATA. Co., Ltd.",803-88-00144,,,박상전,서비스업,"S/W 개발 및 공급,정보처리,연구용역 외","5821, 7292","33B,34A","1. 공간정보에 관한 소프트웨어 개발 및 구축
2. 측량업(공공측량, 지하시설물, 수치지도제작업, 지적측량)에 대한 측량 및 공간정보데이터베이스 구축","1.Development and Construction of Software for Spatial Data
2.Measurement of Surveying(public surveying,underground facility,making numerical map, cadastral survey) and Spatial Database Construction",충청북도 청주시 흥덕구 가로수로 1065-1 (비하동),"1065-1, Garosu-ro, Heungdeok-gu, Cheongju-si, Chungcheongbuk-do, KOREA",,,,0,,,,,,,sjdata@nate.com,True
아인열처리 주식회사,"AIN heat treatment Co., Ltd.",246-87-01076,,,하현수,제조업,"금속열처리업, 중장비부품",2592,17B,금속제품 열처리,Heat treatment of metal products,"경상남도 사천시 축동면 오리동길 146 (탑리, 구산열처리)","146, Oridong-gil, Chukdong-myeon, Sacheon-si, Gyeongsangnam-do, KOREA",,,,0,,,,,,,,True
㈜피스월드,"Peace World Co., Ltd.",214-88-22052,,,이명옥,제조업,"주방용인덕션언더렌지, 인덕션","2851, 2642","19A,19B","스마트(언더 및 통)렌지, 인덕션(히터, 보일러) 및 음식물처리기의 설계, 개발, 제조 및 설치
스마트 렌지용 안전패드 및 RF 무선 모듈 제조","Design, development, Manufacture and Installation of smart(under and barrel) range, induction (heater, boiler)and food recycling machine.
Manufacturing of safety pad and wireless remote control RF module for smart range.",경기도 하남시 하남대로 76 (상산곡동),"76, Hanam-daero, Hanam-si, Gyeonggi-do, KOREA ",,,,0,,,,,,,lmo9229@hometax.go.kr,True
주식회사 피코팩,"Picopack Co., Ltd.",440-81-00323,,,오근영,제조업,반도체 및 기타전자부품,2611,19B,"반도체 팩키징( X-RAY DETECTOR, 적외선센서, CNT X-RAY TUBE)의 제조","Manufacture of semiconductor packaging (X-RAY DETECTOR, IR sensor, CNT X-RAY TUBE)","대전광역시 대덕구 신일서로85번길 91 (신일동, 벤쳐타운다산관)"," 91, Sinilseo-ro 85beon-gil, Daedeok-gu, Daejeon, KOREA ",,,www.picopack.co.kr,0,,,,,,,,True
주식회사에스아이피,"SIP Co., Ltd.",307-81-21297,,,이상찬,제조,종이상자,1722,07A,종이상자의 제조,Manufacture of paper boxes,충청북도 청주시 흥덕구 오송읍 서평길 22-2 (서평리),"22-2, Seopyeong-gil, Osong-eup, Heungdeok-gu, Cheongju-si, Chungcheongbuk-do, KOREA ",,,,0,,,,,,,sipjinhee@naver.com ,True
스페셜메디칼,Special Medical,506-39-00264,,,김정욱,제조업,의료기기,2711,19C,의료기기(임팩트 초음파 기기 rubato)의 개발 및 제조,Development and manufacture of medical device (impact ultrasonic device rubato),"충청남도 천안시 서북구 천안대로 1223-24, 405, 406호(부대동, 공주대학교산학협력관)","1223-24, Cheonan-daero, Seobuk-gu, Cheonan-si, Chungcheongnam-do, KOREA ",,,,0,,,,,,,,True
주식회사 금성하이텍,"Geumseong Hitech Co., Ltd.",608-86-04935,,,제현규,제조업,주형및금형,2591,17B,"자동차용, 전기전자용 및 중장비용 프레스 부품의 생산","Production of press molding parts for automobile, electrical and heavy equipment",경상남도 창원시 마산회원구 내서읍 중리공단로5길 14,"14, Jungnigongdan-ro 5-gil, Naeseo-eup, MasanHoewon-gu, Changwon-si, Gyeongsangnam-do, KOREA",,,,0,,,,,,,2312753@naver.com,True
㈜남광,"Namkwang Co., Ltd.",790-81-00437,,,장경수,건설업,기계설비공사업,4220,28C,기계 설비 설치 및 유지보수,Installation and maintenance of machine equipment,"울산광역시 울주군 온산읍 산암로 440, 317호","#317, 440, Sanam-ro, Onsan-eup, Ulju-gun, Ulsan, KOREA",,,,0,,,,,,,nkc.co@hotmail.com,True
덕창기업㈜,"DEOK CHANG Co., Ltd.",130-81-89299,,,김영환,제조,자동차부품,3031,18A,자동차부품에 대한 제조 ,Manufacture of Automobile Parts,충청남도 보령시 주교면 배다리길 116-9,"116-9, Baedari-gil, Jugyo-myeon, Boryeong-si, Chungcheongnam-do, KOREA ",,,,0,,,,,,,cio8741@hanmail.net,True
㈜유유엔,"UUN Co., Ltd.",307-81-28058,,,정영석,건설업,"전기,통신공사","4232, 2812","28C,19A","1) 전기공사 및 통신공사의 시공
2) 자동제어반, 통합배선반 및 CCTV의 제조","1) Construction of Electrical Works & Telecommunication Works
2) Manufacture of Automatic Control Panel, Integration Panel and CCTV",대전광역시 중구 안영로79번길 147 (삼천리빌딩),"147, Anyeong-ro 79beon-gil, Jung-gu, Daejeon, KOREA ",,,,0,,,,,,,,True
주식회사 정우테크놀러지,"Jungwoo Technology Co., Ltd.",317-81-35935,,,정귀정,제조업,특장차제조업,3020,22A,"특장차의 설계, 개발 및 제조","Design, Development and Manufacture of Special Vehicle",충청북도 청주시 청원구 북이면 대율내추길 164-12,"164-12, Daeyullaechu-gil, Bugi-myeon, Cheongwon-gu, Cheongju-si, Chungcheongbuk-do, KOREA ",,,,0,,,,,,,jw2170946@hanmail.net,True
㈜한하이테크,"hanhiteck Co., Ltd.",314-81-32055,,,진재은,제조,가공운모및기타,2049,12B,타이어 내부 이형제 개발 및 생산,Development and production of parting agent inside the tire,"대전광역시 서구 당고개길 103 (평촌동, A동)","103, Danggogae-gil, Seo-gu, Daejeon, KOREA ",,,,0,,,,,,,trust42@hanmail.net,True
주식회사 삼정테크노,"SAMJUNG TECHNO Co., Ltd.",389-87-01000,,,김관식,제조업,"반도체, LCD및기계",2721,19D,분말파우더 측정용 계량기의 제조,Manufacture of Powder Meter,"충청남도 천안시 서북구 직산읍 직산로 136, 2301호 (충남테크노파크천안밸리)","136, Jiksan-ro, Jiksan-eup, Seobuk-gu, Cheonan-si, Chungcheongnam-do, KOREA ",,,,0,,,,,,,,True
㈜인해건설,"In Hae Construction Co., Ltd.",299-88-00234,,,신진현,건설업,건축공사,4112,28A,사무 및 상업용 건물의 건축공사,Construction Work of Office and Commercial Building,"대전광역시 유성구 노은동로 87번길 23, 3층(노은동)","23, Noeundong-ro 87beon-gil, Yuseong-gu, Daejeon, KOREA ",,,,0,,,,,,, inhae2016@hanmail.net,True
에스정보통신㈜,"S.Information Co., Ltd.",502-81-98182,,,황유모,"건설업, 제조업, 도소매업, 서비스업","통신공사, 방송공사, 감시카메라, 방송통신자재, 유선통신장치, 음향영상기기, 통신기기, 전자기기, 소프트웨어개발공급, 통신장비, 구내전화유지보수","4232, 5822","28C,33B","1. 정보통신 공사
2. 키폰, 교환기의 설치
3. 소프트웨어의 개발 공급","1. The Provision of Telecommunication Works  
2. Installation of Key Phone, Switchboard
3. Development and service of software","대구광역시 북구 경대로17길 47, 8층 810호(복현동, IT융합산업빌딩)","47, Gyeongdae-ro 17-gil, Buk-gu, Daegu, KOREA ",,,www.s-info.co.kr,0,,,,,,,s1588@s-info.co.kr,True
에스정보통신㈜,"S.Information Co., Ltd.",502-81-98182,,,황유모,"건설업, 제조업, 도소매업, 서비스업","통신공사, 방송공사, 감시카메라, 방송통신자재, 유선통신장치, 음향영상기기, 통신기기, 전자기기, 소프트웨어개발공급, 통신장비, 구내전화유지보수","4232, 5822","28C,33B","1. 정보통신 공사
2. 키폰, 교환기의 설치
3. 소프트웨어의 개발 공급","1. The Provision of Telecommunication Works  
2. Installation of Key Phone, Switchboard
3. Development and service of software","대구광역시 북구 경대로17길 47, 8층 810호(복현동, IT융합산업빌딩)","47, Gyeongdae-ro 17-gil, Buk-gu, Daegu, KOREA ",,,www.s-info.co.kr,0,,,,,,,s1588@s-info.co.kr,True
주식회사 휴엔,"HUEN Co., Ltd.",792-87-00643,,,김중식,제조업,사료첨가제,1080,03A,반려동물 사료영양제의 개발 및 제조,Development and manufacture of companion animal feed nutrition,"충청남도 천안시 서북구 직산읍 직산로 136, 3301~3303호(충남테크노파크 천안밸리 생산관)","136, Jiksan-ro, Jiksan-eup, Seobuk-gu, Cheonan-si, Chungcheongnam-do, KOREA",,,,0,,,,,,,huenbio@huenbio.com,True
㈜브레인MRO,"BRAIN MRO Co., Ltd.",498-86-00195,,,"안종희, 김효열",제조업,플라스틱제품 ,"2223, 1322, 1712","14B,04A,07A","플라스틱제품(요소수통 및 산업용), 마스크 및 복사용지의 제조","Manufacture of plastic products (DEF containers and industrial containers), masks and copy paper",충청남도 천안시 서북구 직산읍 4산단7로 62 ,"62, 4sandan 7-ro, Jiksan-eup, Seobuk-gu, Cheonan-si, Chungcheongnam-do, KOREA",,,www.mrobrain.kr,0,,,,,,,cabrain@nate.com,True
㈜대명콘스텍,Daemyung Construction Technology,119-86-62546,,,신영태,제조업,건설자재,"2013, 4241","12A,28C",무기질계 바닥마감재 및 방수재의 생산 및 시공,Production and construction of inorganic floor finishing materials and waterproofing materials,충청북도 보은군 삼승면 남부로 3800,"3800, Nambu-ro, Samseung-myeon, Boeun-gun, Chungcheongbuk-do, KOREA ",,,www.dmcst.com,0,,,,,,,dmcst@dmcst.com,True
㈜델타시스템,"DELTA SYSTEM Co., Ltd.",301-81-84595,,,정학수,제조업외,컴퓨터 서버 및 저장장치 외,6202,33A,정보시스템 구축 및 유지보수,Information system construction and maintenance,충청북도 청주시 흥덕구 무심서로 715(운천동),"715, Musimseo-ro, Heungdeok-gu, Cheongju-si, Chungcheongbuk-do, KOREA ",,,-,0,,,,,,,cdeltago@hometax.go.kr,True
(주)성원에어테크,"SEONGWON AIR-TECH Co., Ltd.",206-86-36565,,,민성식,제조,구조용금속판제품,2511,17B,"Spiral Ducts & Fittings, Square Ducts, Diffuser, Chamber & Hood, Damper & Louver, Flexible Duct Series 및 방열기에 대한 생산","Manufacture of Spiral Ducts & Fittings, Square Ducts, Diffuser, Chamber & Hood, Damper &Louver, Flexible Duct Series and Radiator",경기도 양주시 백석읍 권율로1253번길 77-42 ,"77-42, Gwonyul-ro 1253beon-gil, Baekseok-eup, Yangju-si, Gyeonggi-do, KOREA ",,,,0,,,,,,,swduct@naver.com,True
㈜델타시스템(대전),"DELTA SYSTEM Co., Ltd.",314-81-26567,,,정학수,제조,컴퓨터 서버 및 저장장치외,6202,33A,정보시스템 구축 및 유지보수,Information system construction and maintenance,"대전광역시 유성구 문화원로 118, 4층 (봉명동)","118, Munhwawon-ro, Yuseong-gu, Daejeon, KOREA ",,,-,0,,,,,,,deltago@hometax.go.kr,True
(주)나성,"Na Sung Co., Ltd.",224-87-01135,,,송인석,제조업,인쇄,1811,09A,"인쇄물(Hot stamping foil, Medical I.V solution, Making Tapes)의 제조","Manufacture of prints(Hot stamping foil, Medical I.V solution, Making tapes)",경기도 화성시 서신면 전곡산단로 154-38 ,"154-38, Jeongoksandan-ro, Seosin-myeon, Hwaseong-si, Gyeonggi-do, KOREA ",,,0,0,,,,,,,,True
㈜천년애푸드,"Cheonnyeonae Food Co., Ltd.",301-86-28792,,,김태석,제조업,"식품,홍삼제품,기능성식품","1071, 1120",03A,"홍삼캔디, 홍삼젤리 및 홍삼음료의 제조","Manufacture of red ginseng candy, red ginseng jelly and red ginseng beverage",충청북도 진천군 문백면 소강정2길 118-32,"118-32, Sogangjeong 2-gil, Munbaek-myeon, Jincheon-gun, Chungcheongbuk-do, KOREA",,,,0,,,,,,,a301-86-28792@hotmail.com,True
농업회사법인 ㈜네니아,"Agricultural Corporation Nenia Co., Ltd.",106-86-30219,,,"문영진,허태유",제조,우리밀 식료품,"1061, 1071, 4632","03A,29A","만두류, 면류, 빵류, 후식류, 음료류의 제조 및 판매","Manufacturing and Sales of Dumplings, Noodles, Breads, Desserts & Drinks","경기도 양평군 강상면 강남로 1532-9, 2층","1532-9, Gangnam-ro, Gangsang-myeon, Yangpyeong-gun, Gyeonggi-do, KOREA",,,http://www.urinenia.co.kr,0,,,,,,,purun04@hanmail.net,True
㈜비앤제이,"B&J Co., Ltd.",312-81-82845,,,김영삼,제조 ,반도체제조장비 제조,3033,18A,반도체장비제어시스템(HARNESS)의 제조,Manufacture of semiconductor equipment control system(HARNESS),충청남도 천안시 서북구 2공단1로 47-1 (성성동),"47-1, 2gongdan 1-ro, Seobuk-gu, Cheonan-si, Chungcheongnam-do, KOREA ",,,,0,,,,,,,green1602@nate.com,True
더원에너지 주식회사,"THE ONE ENERGY Co., Ltd.",751-86-00117,,,손기수,제조 ,펌프,"2913, 2711,2229","18A,19C,14B","1. 산업용 펌프, 폐기물 감량기 및 의료기기(부비동염진단기)에 대한 제조
2. 접착 테이프 제조","1. Manufacture of industrial pumps, waste disposing machines and medical device (sinusitis diagnostic)
2. Adhesive tape manufacturers","울산광역시 울주군 청량읍 처용산업3길 135, 경공업1동 3층"," 3F, 135, Cheoyongsaneop 3-gil, Cheongnyang-eup, Ulju-gun, Ulsan, KOREA",,,,0,,,,,,,,True
주식회사 코이션,"KOITION Co., Ltd.",314-86-58536,,,"정일영, 최재교",서비스,소프트웨어개발및컨설팅,"6399, 5822",33B,"데이터베이스(건축물대장, 중요기록물, 학술논문 및 보고서) 구축 및 데이터베이스 품질관리","Establishment of databases (building records, important records, academic papers and reports) and database quality management","대전광역시 서구 한밭대로570번길 40-11, 3층(월평동) ","40-11, Hanbat-daero 570beon-gil, Seo-gu, Daejeon, KOREA",,,,0,,,,,,,,True
㈜에드마임,"Edmayim Co., Ltd.",343-81-00963,,,이관호,제조업,전기용품,2917,18A,농업용 온풍기의 제조,Manufacture of heaters for agricultural use,"충청남도 천안시 서북구 직산읍 직산로 136, 2402호 (충남테크노파크 번영관)","#2402, 136, Jiksan-ro, Jiksan-eup, Seobuk-gu, Cheonan-si, Chungcheongnam-do, KOREA",,,,0,,,,,,,,True
아토한우 영농조합법인 ,Ato farming association Corporation,132-86-26392,,,민경광,"제조업, 도소매업",육류가공식품포장업,1012,03A,축산물(한우) 포장 및 가공,Process and packing of livestock products ( Korean beef and belongings),충청남도 홍성군 갈산면 백야로246번길 65 (와리),"65, Baegya-ro 246beon-gil, Galsan-myeon, Hongseong-gun, Chungcheongnam-do, KOREA",,,,0,,,,,,,expect2020@naver.com,True
㈜다원기업,"DaWon Cooperation Co., Ltd.",624-88-00691,,,서석교,제조업,"반도체, 선박구성부분품",2927,18A,기계 설비 설치 및 유지보수,Installation and maintenance of machine equipment,경상남도 거제시 아주1로2길 47 (아주동) 가연빌딩 302호,"47, Aju 1-ro 2-gil, Geoje-si, Gyeongsangnam-do, KOREA ",,,,0,,,,,,,,True
주식회사 중문,"JUONGMUN Co., Ltd.",506-81-75482,,,이용천,제조업,산업기계제작,2929,18A,"산업용기계(제철설비, 부품, 플랜트기계)의 제조","Manufacture of industrial machinery (Iron making equipment, Parts, Plant machinery)",경상북도 포항시 북구 청하면 용산길 168 (신흥리),"168, Yongsan-gil, Cheongha-myeon, Buk-gu, Pohang-si, Gyeongsangbuk-do, KOREA ",,,,0,,,,,,,juomun1010@naver.com,True
주식회사 케이티엘,"KTL Co., Ltd.",577-87-00141,,,정연권,제조업,"반도체장비, 전자부품, 엘씨디장비","2629, 2032","19A,12B","1. 반도체장비 및 부품(진공펌프, 칠러, 열교환기, Hot & Cold Power Trap)의 설계, 개발 및 제조
2. 살균소독제의 개발 및 제조","1. Design, development and manufacture of semiconductor equipment and parts (vacuum pump, chiller, heat exchanger, hot & cold power trap)
2. Development and manufacture of disinfectant",경기도 안성시 미양면 늑동길 16,"16, Neukdong-gil, Miyang-myeon, Anseong-si, Gyeonggi-do, KOREA",,,0,0,,,,,,,,True
대한농산협동조합,Daehan Nongsan Cooperative ,404-81-44801,,,전재찬,"제조업, 도소매","천연 및 혼합조제조미료제조업, 농산물, 수입, 수출",1074,03A,천연 및 혼합 조제 조미료의 제조,Manufacture of natural processed spices and mixed condiments,전라북도 정읍시 영원로 70-1(용계동),"70-1, Yeongwon-ro, Jeongeup-si, Jeollabuk-do, KOREA ",,,,0,,,,,,,,True
미소 영농조합법인,Miso farming association corporation,849-87-00672,,,김원빈,제조업 외,농산물 건조 외,1074,03A,천연 및 혼합 조제 조미료(고추가루)의 제조,Manufacture of natural processed spices and mixed condiments(Chili powder),전라북도 정읍시 고부면 남산길 48-8,"48-8, Namsan-gil, Gobu-myeon, Jeongeup-si, Jeollabuk-do, KOREA ",,,0,0,,,,,,,,True
주식회사 투탑플러스,"Tootop Plus Co., Ltd.",305-86-31566,,,이상현,제조업,"금속 문,창,셔터 및 관련제품제조업",2594,17B,"다기능(방범, 안전, 미세 등) 특수 방충망의 제조","Manufacture of multi-function (security, safety, fine mesh, etc.) special insect screen",세종특별자치시 연서면 와룡로 234 (신대리),"234, Waryong-ro, Yeonseo-myeon, Sejong-si, KOREA ",,,,0,,,,,,,,True
대흥산업,DAE HEUNG INDUSTRY,622-01-56015,,,김종열,"제조, 도매","자동차부품,에어컨부품외",3039,18A,"연료, EGR(Exhaust Gas Recirculation), 브레이크, 에어컨 및 시트 파이프와 배기 파이프 어셈블리에 대한 생산","Manufacture of Fuel, EGR(Exhaust Gas Recirculation), BRAKE, AIR CONDITIONER and SEAT Pipe and, Exhaust pipe assembly",울산광역시 울주군 상북면 길천산업1길 30-9 ,"30-9, Gilcheonsaneop 1-gil, Sangbuk-myeon, Ulju-gun, Ulsan, KOREA ",,,www.pipe-bending.co.kr,0,,,,,,,dhikorea@hanmail.net,True
㈜미래중공업,"Milae Heavy Industry Co., Ltd.",363-81-01476,,,김수배,제조,환경오염 방지시설,"2511, 2929","17B,18A","플랜트 제품(철 구조물, 발전설비, 압력 탱크, 파이프배관류등), 산업기계설비(열처리 설비, 사이로, 등) 및 환경설비(수처리 설비, 집진 설비, 등)에 대한 설계, 개발, 제작 및 설치","Design, Development, Manufacture and Installation of Plant Production(steel structures, power plants, pressure tanks, piping, etc), Industrial Plants(Heat treatment equipment, Silo, etc.) and Environmental Equipment(Sewage treatment equipment, dust-collecting equipment, etc.)",경상남도 창녕군 도천면 바깥어만길 84-9,"84-9, Bakkateoman-gil, Docheon-myeon, Changnyeong-gun, Gyeongsangnam-do, KOREA ",,,,0,,,,,,,alfowndrhddjqa@naver.com,True
동양중공업 주식회사,"Dongyang Heavy Industries Co., Ltd.",305-81-34762,,,오종호,제조,건설장비제작,2912,18A,유압브레이커 및 기타 어태치먼트의 개발 및 제조,"Development, Manufacture of Hydraulic Breaker and Other Attachments",대전광역시 유성구 테크노1로 61-8(관평동),"61-8, Techno 1-ro, Yuseong-gu, Daejeon, KOREA",,,,0,,,,,,,,True
에스앤에스 주식회사,"SNS Co., Ltd.",317-81-44429,,,이상찬,제조업,"주차기기, 주차정산기, 주차관제장치",2916,18A,무인 주차 정산기의 제조,Manufacture of unmanned parking adjuster,충청북도 청주시 흥덕구 오송읍 서평길 24,"24, Seopyeong-gil, Osong-eup, Heungdeok-gu, Cheongju-si, Chungcheongbuk-do, KOREA",,,,0,,,,,,,,True
투윈테크 ,Twowin Tech. Co. ,174-64-00040,,,김경열,"제조업, 서비스업","산업기계, 자동화 설비 설계 및 제작",2812,19A,"선박 콘솔 및 로봇 자동화설비의 설계, 개발 및 제조","Design, Development and Manufacture of vessel consoles and robot automation Equipment",경상남도 김해시 주촌면 서부로1541번길 134,"134, Seobu-ro 1541beon-gil, Juchon-myeon, Gimhae-si, Gyeongsangnam-do, KOREA",,,,0,,,,,,,,True
㈜성산툴스,"Sungsan Tools Co., Ltd.",609-81-82211,,,이인수,제조업,"산업용특수공구, 펌프,밸브, 산업기계부품, 임대",2593,17B,"정밀절삭공구(Form cutter, special for tool, end mill, drill, reamer, groove bite 등)에 대한 설계, 개발 및 생산","Design, development and Production of precision cutting tools (form cutter, special for tool, end mill, drill, reamer, groove bite, etc.)",경상남도 창원시 의창구 평산로 6 (팔용동),"6, Pyeongsan-ro, Uichang-gu, Changwon-si, Gyeongsangnam-do, KOREA",,,,0,,,,,,,,True
주식회사 인텍,"Intech Co., Ltd.",305-86-07483,,,김규환,"건설업, 제조업, 서비스업","전기공사, 통신공사, 신재생에너지사업(ESCO), 전기, 통신, 소방자재, 시스템개발 및 공급, 시스템통합, 위생관리용역","4232, 2641","28C,19B","1. 정보통신공사
2. 통신기기 및 전화장비(통합배선반)의 제조","1. The Provision of Telecommunication Works
2. Manufacture of communication equipment and telephone equipment (integrated wiring board)",대전광역시 동구 계족로512번길 77 (용전동),"77, Gyejok-ro 512beon-gil, Dong-gu, Daejeon, KOREA ",,,,0,,,,,,,,True
트리시스 ,TRISYS. Co. ,513-17-72139,,,변성수 ,"제조업, 도소매","기계설비부품, 전자부품 ","2611, 2224","19B,14B",반도체 제작 설비용 및 디스플레이용 부품의 설계 및 제조,Design and manufacture of semiconductor manufacturing equipment and display parts,경상북도 구미시 산호대로 130-16,"130-16, Sanho-daero, Gumi-si, Gyeongsangbuk-do, KOREA ",,,,0,,,,,,,,True
인세미텍 주식회사,"INSEMITEC Co., Ltd.",312-86-59830,,,이성인,제조업,반도체장비 및 정밀공작기계,2927,18A,반도체 제조용 기계장비의 제조,Manufacture of Mechanical Equipment for Semi-conductor Manufacturing,충청남도 천안시 서북구 감나무골길 40-18 (업성동),"40-18, Gamnamugol-gil, Seobuk-gu, Cheonan-si, Chungcheongnam-do, KOREA ",,,www.insemitec.co.kr,0,,,,,,,insemitec@hometax.go.kr,True
(주)제이앤씨플랜,"JNCPLAN Co., Ltd.",897-81-00252,,,정현균,서비스,"전기차 충전서비스업, 전기차 충전기설치, 유지보수업",7212,34A,친환경 전기 자동차용 충전기 설치 및 유지 보수,Installation and maintenance of charger for eco-friendly electric car,"대전광역시 유성구 대학로 48-13, 4층 (봉명동, 서진빌딩)","48-13, Daehak-ro, Yuseong-gu, Daejeon, KOREA ",,,https://daehanev.modoo.at,0,,,,,,,,True
케이티이㈜,"KTE Co., Ltd.",609-81-59743,,,황환규,"제조, 서비스","기계기구, 기계수리",2919,18A,"공작기계수리, 설치, 이설 및 기계부품에 대한 생산 ","Repair, installation, relocation of machine tools and production of machine parts","경상남도 창원시 의창구 창원대로363번길 11 (팔용동, 창원제3표준공장 3동 6호)","11, Changwon-daero 363beon-gil, Uichang-gu, Changwon-si, Gyeongsangnam-do, KOREA ",,,www.kt.co.kr,0,,,,,,,ktehwang@naver.com,True
케이티이㈜,"KTE Co., Ltd.",609-81-59743,,,황환규,"제조, 서비스","기계기구, 기계수리",2919,18A,"공작기계수리, 설치, 이설 및 기계부품에 대한 생산 ","Repair, installation, relocation of machine tools and production of machine parts","경상남도 창원시 의창구 창원대로363번길 11 (팔용동, 창원제3표준공장 3동 6호)","11, Changwon-daero 363beon-gil, Uichang-gu, Changwon-si, Gyeongsangnam-do, KOREA ",,,www.kt.co.kr,0,,,,,,,ktehwang@naver.com,True
태봉바이오영농조합법인,Tae-Bong Bio Farming Association,311-81-47767,,,양진성,제조업,"비료, 생산및유통",2031,12B,비료(작물영양제)의 제조,Manufacture of fertilizers (Crop Nutrients),"충청남도 예산군 삽교읍 산단3길 226, 209호 (효림리)","209ho, 226, Sandan 3-gil, Sapgyo-eup, Yesan-gun, Chungcheongnam-do, KOREA",,,0,0,,,,,,,,True
주식회사 덕양에코,"DEOKYANG ECO Co.,Ltd.",488-86-00621,,,배명환,제조업 외,"펌프(액체, 소방, 재난구조 등) 외","2913, 2042","18A,12B","산업용 및 소방차용 펌프의 설계, 개발 및 생산, 그래핀 제조 및 탈취제 생산","Design, development, manufacture of pumps for industrial use and firetruck, Manufacture of graphene and deodorant","울산광역시 북구 농공단지2길 27 (달천동, 디에스케이)","27, Nonggongdanji 2-gil, Buk-gu, Ulsan, KOREA ",,,,0,,,,,,,iseum@deokyangeco.com,True
주식회사 성화스틸,"SeongHwa Steel Co., Ltd.",135-86-23429,,,김중현,"제조업, 서비스","철판가공,기계가공. 자동화시스템유지",2511,17B,구조용 금속판제품 및 금속공작물 제조,Manufacture of structural metal plate products and metal workpieces,경기도 화성시 안녕남로82번길 7-5 (안녕동),"7-5, Annyeongnam-ro 82beon-gil, Hwaseong-si, Gyeonggi-do, KOREA ",,,,0,,,,,,,,True
㈜성동마린,"SD MARINE Co., Ltd.",305-86-32925,,,김중재,제조업,선박제조,3020,22A,트레일러 현가장치의 제조,Manufacture of trailer suspensions,충청남도 금산군 추부면 못골로 33,"33, Motgol-ro, Chubu-myeon, Geumsan-gun, Chungcheongnam-do, KOREA",,,홈피,0,,,,,,,,True
개성과학,GAE SEONG SCIENCE,306-25-74984,,,유성종,제조업,"콤프레셔, 진공펌프","2913, 2915",18A,"컴프레셔, 진공펌프 및 열풍기의 제조","Manufacture of compressors, vacuum pumps and hot air heaters",충청남도 금산군 추부면 금산로 2330,"2330, Geumsan-ro, Chubu-myeon, Geumsan-gun, Chungcheongnam-do, KOREA",,,홈피,0,,,,,,,,True
㈜엠큐더블유,"MQW Co., Ltd.",834-81-00265,,,유병대,제조업 서비스,전자제품 정보통신기술 및 연구개발,2917,18A,"세면대필터, 수도필터, 절수기, 샤워기 및 자동차부품(에어필터외)에 대한 생산","Manufacture of Water Filter, Water saver, Shower Head and Automotive parts (air filters)
","충청북도 제천시 대학로 316, 1층 109호 (신월동, 창업보육센터)","(109ho, 1F), 316, Daehak-ro, Jecheon-si, Chungcheongbuk-do, KOREA",,,,0,,,,,,,,True
렉스온 주식회사,"Rackson Co., Ltd.",896-81-00448,,,김정우,제조업,트레일러,3020,22A,캠핑용 트레일러 및 트레일러 부품의 제조,Manufacture of camping trailers and trailer parts,충청남도 아산시 음봉면 소동리 79-10 ,"79-10, Sodong-ri, Eumbong-myeon, Asan-si, Chungcheongnam-do, KOREA",,,0,0,,,,,,,,True
주식회사 운아,UNA. INC,275-88-01805,,,박래욱,제조업,"구조용금속판제품, 금속공작물제조 ",2812,19A,"산업용 금속설비제작 (수배전반, 발전기 본네트)","Manufacture and supply of industrial utilities (panel boards, generator bonnets)",부산광역시 강서구 미음산단6로 33,"33, Mieumsandan 6-ro, Gangseo-gu, Busan, KOREA",,,,0,,,,,,,,True
주식회사 에이티엠테크놀로지,"ATM Technology Co., Ltd.",782-88-00833,,,한상현,제조업,"반도체물류자동화장비, 태양광발전기기및이차전지","2927, 2820","18A,19A","1. 반도체물류자동화장비의 제조
2. 태양광발전기기 및 이차전지의 제조","1. Manufacture of semiconductor logistics automation equipment
2. Manufacture of photovoltaic devices and secondary batteries",충청남도 천안시 서북구 성환읍 성환 16길 29-16,"29-16, Seonghwan 16-gil, Seonghwan-eup, Seobuk-gu, Cheonan-si, Chungcheongnam-do, KOREA",,,,0,,,,,,,,True
주식회사 인테크놀로지,"IN Technology Co., Ltd.",312-86-72454,,,김인현,제조업,금형,"2591, 2611","17B,19B",자동차금형 부품 및 반도체 장비 부품 제조,Manufacture of automotive mold parts and semiconductor equipment parts,충청남도 천안시 서북구 직산읍 4산단5길 25-7,"25-7, 4sandan 5-gil, Jiksan-eup, Seobuk-gu, Cheonan-si, Chungcheongnam-do, KOREA",,,,0,,,,,,,,True
주식회사 인테크놀로지-,"IN Technology Co., Ltd.",312-86-72454,,,김인현,제조업,금형,"2591, 2611","17B,19B",자동차금형 부품 및 반도체 장비 부품 제조,Manufacture of automotive mold parts and semiconductor equipment parts,충청남도 천안시 서북구 직산읍 4산단5길 25-7,"25-7, 4sandan 5-gil, Jiksan-eup, Seobuk-gu, Cheonan-si, Chungcheongnam-do, KOREA",,,,0,,,,,,,,True
에스씨케이,SCK,526-11-00468,,,안효상,제조업,"자동차부품, 금형, 연마, 가공",2591,17B,단조 금형(열간 및 냉간)에 대한 제작,Manufacture for forging molds (hot and cold),경상남도 창원시 성산구 월림로67번길 13 (신촌동),"13, Wollim-ro 67beon-gil, Seongsan-gu, Changwon-si, Gyeongsangnam-do, KOREA",,,,0,,,,,,,,True
브이피케이㈜,VPK  INC.,116-81-72695,,,"김한성,전인기","서비스, 도소매","공학및기술연구개발및용역, 컴퓨터및패키지소프트웨어","7011, 7012, 6202, 6209, 5822","34A,33A,33B","본   점: CAE (Computer Aided Engineering) 서비스 및 컨설팅, IT (Information Technology) 개발 및 서비스, PLM (Product Lifecycle Management) 솔루션 서비스 및 CAD (Computer Aided Design) 엔지니어 HR 서비스 
지    점: 액 주입장비, 검사장비 및 지열 히트펌프에 대한 설계, 개발, 생산
","Head Office: CAE(Computer Aided Engineering)Service & Consulting, IT(Information Technology) Development & Service, PLM(Product Lifecycle Management) Solution Sales & Service and CAD(Computer aided Design) Engineer HR Service 
Branch office: Design, Development, Manufacture of Liquid Filling Equipment, Test Equipment and Ground Source Heat Pump
","경기도 성남시 분당구 수내로46번길 12, 4층 (수내동, 코아빌딩)","12, Sunae-ro 46beon-gil, Bundang-gu, Seongnam-si, Gyeonggi-do, KOREA ",,,www.vpkcorp.com,0,,,,,,,,True
주식회사 메이아이,"MAYEYE Co., Ltd.",314-81-82273,,,"박경아, 신창진",서비스,"소프트웨어개발, 컨설팅Interactive영상",5822,33B,홈페이지 및 모바일 소프트웨어 개발,Development of Homepage & Mobile Software,"대전광역시 유성구 반석동로40번길 12, 2층 3층 (반석동, 메이아이)","3F, 2F, 12, Banseokdong-ro 40beon-gil, Yuseong-gu, Daejeon, KOREA",,,,0,,,,,,,,True
주식회사 모소,"MOSO Co., Ltd.",569-86-00217,,,민동구,서비스(사회및개인)업,광고영화 및 비디오물제작업,5822,33B,응용소프트웨어 개발 및 컨텐츠의 공급,Development of Application Software and provide the content,"대전광역시 유성구 가정북로 96, 703호 (장동)","#703, 96, Gajeongbuk-ro, Yuseong-gu, Daejeon, KOREA",,,,0,,,,,,,,True
주식회사 차세대정보통신,"Next information & technology Co., Ltd.",301-86-28147,,,이한근,제조업,"영상감시장치, 보안용카메라, CCTV",2642,19B,영상감시장치 및 CCTV의 제조,Manufacture of video surveillance and CCTV,충청북도 청주시 서원구 2순환로 1464 (죽림동),"1464, 2sunhwan-ro, Seowon-gu, Cheongju-si, Chungcheongbuk-do, KOREA ",,,,0,,,,,,,,True
(주)에스에이치테크놀로지,"SH technology Co., Ltd.",317-81-16715,,,이재준,제조업,종이캐리어테잎,1712,07A,"SMD 포장재 및 종이제품의 설계, 개발 및 가공","Design, Development and Processing of SMD packaging and paper products",충청북도 청주시 상당구 낭성면 단재로 1585-51,"1585-51, Danjae-ro, Nangseong-myeon, Sangdang-gu, Cheongju-si, Chungcheongbuk-do, KOREA",,,,0,,,,,,,liza@shcnp.com,True
(주)에스에이치페이퍼텍,"SH papertech Co., Ltd.",317-81-13829,,,이세희,제조업,SMD포장재종이,1790,07A,SMD 포장재 및 종이제품의 가공,Processing of SMD packing materials and paper products,충청북도 청주시 상당구 낭성면 단재로 1585-57,"1585-57, Danjae-ro, Nangseong-myeon, Sangdang-gu, Cheongju-si, Chungcheongbuk-do, KOREA",,,,0,,,,,,,cspark@shcnp.com,True
(주)인성,"INSUNG Co., Ltd.",124-81-27852,,,소무익,제조/도소매,"철물/건재,공구 외",2594,17B,"용접철망 및 철근격자, 소둔선(반생), 결속선, 후레타이, 볼트류, 웨지핀 및 써포트핀에 대한 생산","Manufacture of Welded steel wire & bar fabrics, Annealing wire, Cutting annealing wire, Flat tie, Bolts, Wedge pin and Support pin",경기도 수원시 권선구 산업로156번길 142-9 (고색동),"142-9, Saneop-ro 156beon-gil, Gwonseon-gu, Suwon-si, Gyeonggi-do, KOREA ",,,www.coinsung.co.kr,0,,,,,,,1248127852@bestbill.co.kr,True
주식회사 태융,"TAEYOONG Co., Ltd.",223-81-17627,,,백승엽,제조업,자동화제어장비 외,2721,19D,산업용 및 철도용 자동 제어 장비 및 부품의 제조,Manufacture of automatic control equipment and parts for industrial and railway,경상북도 칠곡군 석적읍 서중리3길 31-8 ,"31-8, Seojungni 3-gil, Seokjeok-eup, Chilgok-gun, Gyeongsangbuk-do, KOREA ",,,,0,,,,,,,kangg217@taeyoong.com,True
주식회사 자우버,"Suaber Co., Ltd.",114-87-18697,,,강민구,제조업,생활용품,"2042, 2032",12B,"안전확인대상 생활화학제품(클리너,세제류,방향제), 의약외품(소독제), 위생용품(세제류)의 제조","Manufacturing of household chemical products subject to safety confirmation (cleaners, detergents, fragrances), quasi-drugs (disinfectants), and sanitary products (detergents)",충청남도 계룡시 두마면 입암길 42-46,"42-46, Ibam-gil, Duma-myeon, Gyeryong-si, Chungcheongnam-do, KOREA ",,,,0,,,,,,,jeongsuhan@sauber.kr,True
주식회사 강경씨엔에스,"Kang Kyeong C&S Co., Ltd.",312-86-75510,,,정종준,제조업,전자부품,"2432, 2612","17A,19B","반도체 장비 부품, LCD 장비 부품 및 금형부품의 제조","Manufacture of semiconductor equipment parts, LCD equipment parts and mold parts","충청남도 천안시 서북구 성거읍 석문길 70, 1동","1dong, 70, Seongmun-gil, Seonggeo-eup, Seobuk-gu, Cheonan-si, Chungcheongnam-do, KOREA",,,,0,,,,,,,,True
신화 씨. 에스,SINHWA CS,124-20-66572,,,우종학,제조업,전자부품,"2432, 2612","17A,19B","반도체 장비 부품, LCD 장비 부품 및 금형부품의 제조","Manufacture of semiconductor equipment parts, LCD equipment parts and mold parts",경기도 화성시 반월남길62번길 26-7 (반월동),"26-7, Banwollam-gil 62beon-gil, Hwaseong-si, Gyeonggi-do, KOREA",,,,0,,,,,,,,True
(주)한강전기,"Hangang Electric Co., Ltd.",377-81-00078,,,장건수,제조업,수배전반,"2812, 4232, 4220","19A,28C,28D","1. 수배전반의 제조
2. 정보통신공사, 전기공사 및 소방시설 공사","1. Manufacture of switchboards and switchgear
2. Information and communication construction, electrical construction and firefighting facility construction ",충청북도 청주시 청원구 외남로15번길 71 (외남동),"71, Oenam-ro 15beon-gil, Cheongwon-gu, Cheongju-si, Chungcheongbuk-do, KOREA",,,,0,,,,,,,bill@ihangang.net,True
근영건설산업㈜,"Keunyung Construction Industrial Co., Ltd.",305-86-16022,,,양희주,"건설업, 제조업","일반건축물공사, 강구조물,철구조물제작","2511, 4213","17B,28C","1. 강구조물의 설계 및 제작
2. 건축공사 및 철골공사의 시공","1. Design and manufacture of steel structure
2. Construction of construction and steel frame construction",충청남도 공주시 계룡면 영규대사로 261,"261, Yeonggyudaesa-ro, Gyeryong-myeon, Gongju-si, Chungcheongnam-do, KOREA ",,,,0,,,,,,,keunyung120@hanmail.net,True
호성테크 ,"HoSung Tech, Co. ",510-02-19316,,,임근명,제조업,금형제작 및 금형랩핑(표면처리),2929,18A,"금형의 설계, 개발 및 제조","Manufacture and supply of metal mold (autoparts, electrics parts)",경상북도 칠곡군 석적읍 3공단2로 11 (중리),"11, 3gongdan 2-ro, Seokjeok-eup, Chilgok-gun, Gyeongsangbuk-do, KOREA ",,,,0,,,,,,,,True
㈜파로스시스템,"Pharos System Co., Ltd.",841-88-00637,,,장태철,건설업 외,정보통신공사 외,"2642, 4232","19B,28C","1. 영상감시장치 지능형 소프트웨어, CCTV의 개발 및 제조
2. 정보통신공사의 시공","1. Development and Manufacture of Intelligent Software for Video Surveillance System, CCTV
2. Installation of Information Communication Construction",충청남도 홍성군 홍북읍 첨단산단2길 30,"30, Cheomdansandan 2-gil, Hongbuk-eup, Hongseong-gun, Chungcheongnam-do, KOREA",,,www.pharos.gioez.co.kr/main,0,,,,,,,,True
농업회사법인(유)다우한우,Agricultural corporation DAWOOHANWOO ,678-81-00141,,,송재일,"제조업, 도소매","식육포장처리, 축산물",1012,03A,육류 가공 및 저장처리,"Processing, preserving of meat and meat products",충청남도 논산시 지산2길 5 (지산동),"5, Jisan 2-gil, Nonsan-si, Chungcheongnam-do, KOREA ",,,,0,,,,,,,nsdw6884@nate.com,True
주식회사 케이엠티,"KMT Co., Ltd.",301-81-93473,,,채수홍,제조업,금속절삭공구,2593,17B,"호환성 초경 공구의 설계, 개발 및 제작","Design, development and manufacture of compatible carbide tools",충청북도 청주시 청원구 내수읍 풍정3길 31 ,"31, Pungjeong 3-gil, Naesu-eup, Cheongwon-gu, Cheongju-si, Chungcheongbuk-do, KOREA ",,,,0,,,,,,,kmt0189@hanmail.net,True
유신쇼트산업,YOOSHIN INDUSTRY Co.,603-29-71794,,,강태구,제조업,도장및쇼트,2592,17B,금속제품표면처리 및 도장에 대한 생산 및 부가서비스,Production and Servicing of Shot Blasting and Painting,부산광역시 강서구 녹산산단27로 56 (송정동),"56, Noksansandan 27-ro, Gangseo-gu, Busan, KOREA ",,,,0,,,,,,,yousin3845@hanmail.net,True
농업회사법인 유한회사 다산푸드,"Dasan Food Co., Ltd.",403-81-78706,,,전재찬,"도소매, 제조","과실, 채소, 고추가루, 쌀, 곡물, 전자상거래업(고추가루, 농산물)",1074,03A,천연 및 혼합 조제 조미료(고추가루) 제조,Manufacture of natural processed spices and mixed condiments(Chili powder),전라북도 익산시 함열읍 박전길 11 ,"11, Bakjeon-gil, Hamyeol-eup, Iksan-si, Jeollabuk-do, KOREA ",,,,0,,,,,,,,True
㈜거산,"KUHSAN Co., Ltd.",608-81-23295,,,고대웅,제조,특수차량부품,2432,17A,자동차 및 방위산업용 주조 부품에 대한 제조,Manufacture of Sand Casting for Automotive and Defense Industry Parts,경상남도 함안군 칠북면 북원로 272-33 ,"272-33, Bugwon-ro, Chilbuk-myeon, Haman-gun, Gyeongsangnam-do, KOREA ",,,www.kuhsan.co.kr,0,,,,,,,kuhsan@kuhsan.co.kr,True
㈜거산,"KUHSAN Co., Ltd.",608-81-23295,,,고대웅,제조,특수차량부품,2432,17A,자동차 및 방위산업용 주조 부품에 대한 제조,Manufacture of Sand Casting for Automotive and Defense Industry Parts,경상남도 함안군 칠북면 북원로 272-33 ,"272-33, Bugwon-ro, Chilbuk-myeon, Haman-gun, Gyeongsangnam-do, KOREA ",,,www.kuhsan.co.kr,0,,,,,,,kuhsan@kuhsan.co.kr,True
(주)에프씨텍,"FC-Tech Co., Ltd.",723-86-01090,,,이명희,제조업,음식물처리기,2851,19A,음식물쓰레기 처리기의 제조,Manufacture of food garbage disposer,충청북도 청주시 청원구 북이면 의암로 279 ," 279, Uiam-ro, Bugi-myeon, Cheongwon-gu, Cheongju-si, Chungcheongbuk-do, KOREA ",,,,0,,,,,,,okhtmno1@hanmail.net,True
주식회사 한솔에너지,Hansol Energy Corp.,459-87-00936,,,장경복,"제조업, 임대업, 부동산업","금속 및 비금속, 합성수지, 비주거용 건물 임대, 부동산 개발 및 투자",2020,12B,합성수지필름의 제조,Manufacture of synthetic resin film,충청북도 청주시 서원구 남이면 부용남이길 182,"182, Buyongnami-gil, Nami-myeon, Seowon-gu, Cheongju-si, Chungcheongbuk-do, KOREA ",,,-,0,,,,,,,hanmiea2006@naver.com,True
㈜녹스제로코리아,"Nox-Zero-Korea Co., Ltd.",818-86-01200,,,김동완,도소매,자동차용품,2049,12B,부동액 등 동결 방지제의 제조,Manufacture of anti-freezing agents such as antifreeze,경기도 수원시 권선구 고색로 125(고색동),"125, Gosaek-ro, Gwonseon-gu, Suwon-si, Gyeonggi-do, KOREA ",,,,0,,,,,,,dong5680@naver.com,True
(주)바로산업,"BARO-INDUSTRY Co., Ltd.",552-81-00418,,,이상미,제조업,"금속열처리,도금,도장,기타피막처리",2592,17B,분체도장(금속열처리),Power Coating,충청북도 음성군 금왕읍 멍심이길264번길 23 ,"23, Meongsimi-gil 264beon-gil, Geumwang-eup, Eumseong-gun, Chungcheongbuk-do, KOREA ",,,,0,,,,,,,ccpark0963@naver.com,True
우원푸드 농업회사법인 주식회사,"Woowonfood Co., Ltd.",404-81-41333,,,성우석,"도매, 제조업, 도매 및 상품중개업","농산물, 농산물임가공, 농산물가공업, 농산물유통업",1074,03A,천연 및 혼합 조제 조미료(고추가루) 제조,Manufacture of natural processed spices and mixed condiments(Chili powder),전북특별자치도 정읍시 소성면 식품특화로 53,"53, Sikpumteukhwa-ro, Soseong-myeon, Jeongeup-si, Jeonbuk-do, KOREA",,,,0,,,,,,,,True
주식회사 에코비트프리텍,"ECORBIT PRETECH Co., Ltd.",301-81-77357,,,연수호,"제조업, 제조","동(알루미늄/아연)제1차제련및정련/기타, 환경재활용설비,비철금속재생재료","3811, 3812, 3821, 3822, 3831, 3832","39B,24A","폐기물 처리업 및 재생재료(슬러지, 실리콘 웨이퍼, 제련 광재, 폐 금속과 합금, 폐 혼합금속, 폐 합성수지, 전자 제품 스크랩 등)의 설계, 개발 및 생산","Design, Development and Production of Waste treatment and Recycling materials(Sludge, Silicon wafer, Slag, Metal & Alloy mixture, Synthetic Resins, Electronic Product Scrap etc.)",충청북도 진천군 초평면 도장길 34-29 ,"34-29, Dojang-gil, Chopyeong-myeon, Jincheon-gun, Chungcheongbuk-do, KOREA ",,,,0,,,,,,,wk.lee@dspretech.com,True
㈜랩죤,"LABZONE Co., Ltd.",305-81-41040,,,최근화,제조업,연구시설장비(나노소재제조),2917,18A,"기체여과기의 설계, 개발 및 제조","Design, Development and Manufacture of Air Purifiers","대전광역시 유성구 문화원로 129, 6층 (봉명동, 매드진) ","6F, 129, Munhwawon-ro, Yuseong-gu, Daejeon, KOREA",,,www.safelab.co.kr,0,,,,,,,labzone4664@hanmail.net,True
이루다플래닛 주식회사,"IRUDA PLANET Co., Ltd.",318-81-06772,,,김형식,서비스,방송영상독립제작업,"6312, 5822",33B,응용소프트웨어 개발 및 컨텐츠의 공급,Application Software Development and Supply of Content,"대전광역시 서구 계룡로 639, 9층(탄방동, 에이스침대대전사옥)","9F, 639, Gyeryong-ro, Seo-gu, Daejeon, KOREA",,,,0,,,,,,,iruda2015@hometax.go.kr,True
(주)수진엘엔씨,"SUJIN L&C Co., Ltd.",305-87-01211,,,황민수,"건설업, 제조업",조경및수경시설물설치외,4122,28B,"조경 및 수경 시설물의 설계, 설치 및 시공","Design, Installation and Construction of Landscape and hydroponic Facilities","경기도 광명시 소하로76번길 7, 501호","#501, 7, Soha-ro 76beon-gil, Gwangmyeong-si, Gyeonggi-do, KOREA ",,,,0,,,,,,,,True
광원테크,Kwang Won Tech.,609-14-22910,,,변영숙,제조업,"기계가공, 용접제관.전처리",2592,17B,"정밀부품 가공(절단)에 대한 생산(자동차 부품, 중장비 부품)","Production of precision parts machining (cutting)(vehicle parts, heavy equipment parts) ",경상남도 함안군 법수면 두배길 19,"19, Dubae-gil, Beopsu-myeon, Haman-gun, Gyeongsangnam-do, KOREA",,,,0,,,,,,,wt5860@naver.com,True
㈜샤인제이에이치 ,"ShineJH. Co., Ltd.",883-87-00503,,,송경환,제조업,기계설비제조,"2223, 7599","14B,35C",화장품 용기 제조 및 포장,Manufacture and package of cosmetic containers,인천광역시 서구 건지로218번길 3 (석남동),"3, Geonji-ro 218beon-gil, Seo-gu, Incheon, KOREA ",,,,0,,,,,,,shinejh@shinejh.co.kr,True
두성산업,DUSUNG INDUSTRY Co.,117-07-64465,,,박천일,"제조, 도매업","전자부품, 포장자재",2642,19B,"전기전자 및 산업용 부품(전기전자 및 산업용 제품에 사용되는 스펀지, 고무등의 제품) 생산 및 부가서비스",Production and Servicing of Precision Sponge & Rubber used for Parts for Industry and Electrical & Electronic Equipement,"경기도 부천시 오정로 183-9 (내동, 뉴테크노타운)","183-9, Ojeong-ro, Bucheon-si, Gyeonggi-do, KOREA ",,,,0,,,,,,,dusung21@hanmail.net,True
주식회사 광천타올,"KWANG CHEON TOWEL CO., LTD.",204-87-01368,,,"서기복, 서광호",제조업,타월,1399,04A,타월의 제조,Manufacture of Towels,충청북도 청주시 서원구 현도면 현도시동길 74 (시동리),"74, Hyeondosidong-gil, Hyeondo-myeon, Seowon-gu, Cheongju-si, Chungcheongbuk-do, KOREA ",,,,0,,,,,,,gwang_cheon@daum.net,True
주식회사 에스유,"SU Co., Ltd.",874-81-01302,,,장승욱,"제조업, 건설업외","조경 및 수경시설물,체육시설물및우동기구제작외","4122, 4250","28B,28D","조경 및 수경시설물의 설계, 설치 및 시공","Design, Installation and Construction of Landscape Facilities","인천광역시 연수구 인천타워대로 323, A동 16층 1610호 (송도동, 송도센트로드)","323, Incheon tower-daero, Yeonsu-gu, Incheon, KOREA",,,,0,,,,,,,su181213@naver.com,True
유한회사엔탑코리아,ENTOPKOREA PRIVATE COMPANY,526-86-00205,,,조용태,"도매 및 소매업, 제조업, 건설업, 서비스","환경약품, 화학약품, 환경오염시설제작 및 수리, 실험기기, 납품대행용역","4644, 4781",29A,"환경약품(고분자응집제, 무기응집제)의 판매","Sale of environmental chemicals(polymer coagulant, inorganic coagulant)",전라남도 장성군 황룡면 강변로 431-19 (신호리),"431-19, Gangbyeon-ro, Hwangnyong-myeon, Jangseong-gun, Jeollanam-do, KOREA",,,,0,,,,,,,,True
(주)창성피앤텍,"Changsung P&T Co., Ltd.",301-81-86083,,,윤용지,제조,인쇄,"1722, 1811","07A,09A","카톤(종이케이스)의 인쇄, 제작 및 부가서비스","Print, Production ans Services of Carton (Package)",충청북도 청주시 청원구 오창읍 양청송대길 89 ,"89, Yangcheongsongdae-gil, Ochang-eup, Cheongwon-gu, Cheongju-si, Chungcheongbuk-do, KOREA ",,,,0,,,,,,,changs1031@naver.com,True
힐링드림,Healling Dream Co.,687-46-00391,,,심동준,"제조,도소매",농산물가공,1030,03A,"과실, 채소 가공 및 저장 처리 ",Processing and preserving of fruit and vegetables,"충청남도 천안시 서북구 성환읍 대학로 91, 지식정보관 15321호","91, Daehak-ro, Seonghwan-eup, Seobuk-gu, Cheonan-si, Chungcheongnam-do, KOREA ",,,,0,,,,,,,,True
세아 굿즈,SEAH GOODS,810-14-00952,,,남혜경,제조업,"기획, 인쇄",1811,09A,"정기간행물, 기타인쇄물의 생산",Manufacture of Periodicals and Other Printed Matter,"경상북도 상주시 함창읍 함령길 113, 202호","113, Hamnyeong-gil, Hamchang-eup, Sangju-si, Gyeongsangbuk-do, KOREA ",,,,0,,,,,,,,True
도원ENG,DOWON ENG,405-11-51729,,,이명자,"건설업, 제조업","금속 문, 창, 셔터 및 관련제품 제조업 외",2511,17B,구조용 금속 판제품 및 공작물 제조업,Manufacture of structural metal sheet products and metal works used on building,대전광역시 대덕구 대전로1001번길 3(오정동),"3, Daejeon-ro 1001beon-gil, Daedeok-gu, Daejeon, KOREA",,,,0,,,,,,,,True
주식회사 다온이엔지,"DAON ENG Co., Ltd.",273-87-01350,,,김성은,건설업,기계설비공사업,4220,28D,기계설비공사에 대한 시공 및 서비스,Construction and Servicing of Machanical System Works,전라남도 여수시 주삼덕양로 159(주삼동),"159, Jusamdeogyang-ro, Yeosu-si, Jeollanam-do, KOREA ",,,,0,,,,,,,,True
셰프공간컴퍼니 주식회사,"CHEF'S SPACE COMPANY Co., Ltd.",894-87-00804,,,문진현,"음식제조, 외식메뉴 개발","가공식품, 서양음식점",1075,03A,백그릇 국밥의 제조 및 외식메뉴의 개발,Manufacture of 100 bowl rice soup and development of restaurant menu,"대전광역시 서구 대덕대로233번길 17, 202호(둔산동, 해운빌딩)","#202, 17, Daedeok-daero 233beon-gil, Seo-gu, Daejeon, KOREA",,,,0,,,,,,,,True
삼호정밀,SAMHO PRECISION COMPANY,622-02-60419,,,김일천,제조,"기계부품, 이음쇠, 시동기, 송풍기, 밸브, 펌프, 압축기, 스프링, 밸브역지용기어, 변환레바, 무기 및 총포탄, 방아쇠뭉치, 가이드스핀들, 플레이트슬리브, 고정잠금쇠","2299, 2319, 2399, 2419, 2499",18A,"화포/자주포 및 전차 무장 부품, 오리콘 화기 부품, 발칸포 부품, 피스톤 및 실린더, 구동장치 부품, 유압펌프(수동식) 및 유압모터, 유압 밸브류, 기타 기계가공 부품의 설계, 개발 및 제조","Design, Development and Manufacture of Parts for Howitzer (Towed and Self propelled) and Tank Gun, Parts for 35mm Oerlikon Gun and Vulcan Gun and, Piston and Cylinder, Hydraulic Pump (hand operating), Motor and valves and Other Machined Parts",부산광역시 강서구 평강로 217-1(대저1동),"217-1, Pyeonggang-re, gangseo-gu, Busan, KOREA",,,,0,,,,,,,,True
세종아이에스 주식회사,"SEJONG Information System Co., Ltd.",347-81-01149,,,박정필,서비스업,"지도제작,시스템 통합 및 구축","5822, 6399, 7292","33A,33B,34A","1. 공간정보에 관한 소프트웨어 개발 및 구축
2. 측량업(수치지도제작업)에 대한 측량 및 공간정보데이터베이스 구축","1. Development and Construction of Software for Spatial Data
2. Measurement of Surveying(making numerical map) and Spatial Database Construction","세종특별자치시 한누리대로 2150, 803B호(보람동, 스마트허브Ⅰ)","#803B, 2150, Hannuri-daero, Sejong-si, KOREA",,,,0,,,,,,,,True
㈜연합안전컨설팅,United Safety Consulting,106-81-54915,,,이동훈,과학및기술서비스업,"환경,안전컨설팅및엔지니어링",7212,34A,"1. 환경 영향 평가 및 엔지니어링 서비스
2. 유선 및 무선 통신장비의 제조
","1. Environmental consulting and related engineering services
2. Manufacture of wired and wireless communication equipment
","서울특별시 강서구 허준로 217, 706동 2호 (가양동, 가양테크노타운)","217, Heojun-ro, Gangseo-gu, Seoul, KOREA",,,,0,,,,,,,,True
㈜인터페이스정보기술,"INTERFACE INFORTECH Co., Ltd.",215-81-97329,,,박준규,"서비스,제조,도소매",소프트웨어개발 및 공급,5822,33B,"솔루션에 대한 소프트웨어 프로그램 설계, 개발 및 공급서비스","Solution for software program design, develop and supply service","서울특별시 금천구 가산디지털1로212, 1505호(가산동 코오롱디지탈타워애스턴)","1505, Kolon Digital Tower Aston,212, Gasan-digital 1-ro, Geumcheon-gu Seoul, KOREA",,,www.interfaceit.co.kr,0,,,,,,,,True
주식회사 더오포,The Ofour Inc.,129-81-70617,,,손재현,"제조, 도소매",기계장비,4122,28B,"경사판 설비, 흡입식 슬러지 수집기, 유입수 분배 및 유출수 수집장치에 대한 설계, 개발, 시공 및 부가서비스","Design, development, construction and additional services for swash plate facility, suction type sludge collector, influent distribution and effluent collection device","경기도 성남시 분당구 방아로 16번길 11, 3층(이매동)","#3, 11, Banga-ro 16beon-gil, Bundang-gu, Seongnam-si, Gyeonggi-do, KOREA",,,www.meurerasia.com,0,,,,,,,theofour@theofour.com,True
주식회사 더오포,The Ofour Inc.,129-81-70617,,,손재현,"제조, 도소매",기계장비,4122,28B,"경사판 설비, 흡입식 슬러지 수집기, 유입수 분배 및 유출수 수집장치에 대한 설계, 개발, 시공 및 부가서비스","Design, development, construction and additional services for swash plate facility, suction type sludge collector, influent distribution and effluent collection device","경기도 성남시 분당구 방아로 16번길 11, 3층(이매동)","#3, 11, Banga-ro 16beon-gil, Bundang-gu, Seongnam-si, Gyeonggi-do, KOREA",,,www.meurerasia.com,0,,,,,,,theofour@theofour.com,True
동남전자㈜,"DONGNAM ELECTRONICS Co., Ltd.",301-81-65356,,,홍성창,제조,"전자기기부품제조, 제품조립","2622, 2642",19B,"PCB ASS'Y 의 설계 및 개발, 제조","Design, Development, Manufacture of PCB ASS'Y",충청북도 청주시 청원구 내수읍 내수로 636-1 ,"636-1, Naesu-ro, Naesu-eup, Cheongwon-gu, Cheongju-si, Chungcheongbuk-do, KOREA",,,0,0,,,,,,,,True
성역 ENG,SEONGYEOK ENG,418-03-88440,,,이동호,제조,배전반 및 자동제어반,"2812, 2811",19A,"수배전반, 계장제어반, 자동제어반, 분전반 및 태양광 발전용 접속함의 설계, 개발 및 생산","Design, development and production of switchgear, instrumentation control panel, automatic control panel, distribution board, Photovoltaic combiner box",전라북도 전주시 덕진구 신성길 19 (성덕동),"19, Sinseong-gil, Deokjin-gu, Jeonju-si, Jeollabuk-do, KOREA ",,,,0,,,,,,,,True
제이에이치테크,JH-TECH ,513-17-89042,,,방경수,제조,부품가공,2922,18A,"1. 산업기계의 금속 부품 가공(CNC, MCT)
2. 검사용 금속 지그의 제작","1. Metal Components Processing(CNC, MCT) of Industrial Machine
2. Manufacturing of Inspection Metal JIG",경상북도 구미시 산호대로 130-76 (공단동),"130-76, Sanho-daero, Gumi-si, Gyeongsangbuk-do, KOREA",,,,0,,,,,,,su2926@naver.com,True
(주)극동정보통신,"KEUK-DONG I&T Co., Ltd.",307-81-18429,,,박대순,건설업,"전기, 통신공사",4232,28C,정보통신공사 시공 및 유지보수,Communication Works and maintenance,세종특별자치시 조치원읍 대첩로 116-24 ,"116-24, Daecheop-ro, Jochiwon-eup, Sejong-si, KOREA",,,,0,,,,,,,,True
㈜티이엔,"TEN Co., Ltd.",135-81-34504,,,김태원,"건설,제조","기계설비공사,냉난방기기","2917, 4220","18A,28D","지열 냉난방 시스템(배관공사, 제어시스템), 히트펌프 및 제습기의 설계, 개발, 제조, 설치 및 부가서비스","Design, development, manufacturing, construction and additional service of geothermal heating and cooling system (piping construction, control system), heat pump, dehumidifier
","충청북도 청주시 청원구 오창읍 연구단지로 76, 본부관 318호 (충북테크노파크)","#318, 76, Yeongudanji-ro, Ochang-eup, Cheongwon-gu, Cheongju-si, Chungcheongbuk-do, KOREA ",,,,0,,,,,,,,True
엠비에스코리아 주식회사,"MBS KOREA Co., Ltd.",644-81-00944,,,권종진,"제조, 건설, 도매","반도체원재료 가공, 반도체 부품, 소자, 장비 제조, 기계설비 및 유틸리티, 크린룸 공사(경미한공), 무역",2612,19B,"반도체장비, 부품 및 소자의 제조","Manufacture of semiconductor equipment, parts and devices",충청남도 천안시 서북구 직산읍 신갈1길 137-1,"137-1, Singal 1-gil, Jiksan-eup, Seobuk-gu, Cheonan-si, Chungcheongnam-do, KOREA",,,,0,,,,,,,,True
주식회사 이에이치엠,"EHM Co., Ltd.",307-81-25255,,,이희만,제조업,"과학기기, 실험대교구","3202, 2917","23A,18A","가구(실험대,이동식 파일서랍, 실험실용 싱크대, 무균대, 약품장, 시약보관대, 안전시약장, 실험기구진열장)및 환기 설비(실험실용 배기기, 암후드, 송풍기)의 제조","Manufacturing of furniture (laboratory tables, mobile file drawers, laboratory sinks, sterile tables, medicine cabinets, reagent storage cabinets, safety reagent cabinets, laboratory equipment display cabinets) and ventilation equipment (laboratory exhaust fans, dark hoods, air blowers)",세종특별자치시 조치원읍 번암공단2길 33-2 ,"33-2, Beonamgongdan 2-gil, Jochiwon-eup, Sejong-si, KOREA ",,,www.ehmsci.co.kr,0,,,,,,,ehm7729@ehmlab.co.kr,True
명랑시대외식청년창업협동조합,MyeongrangGeneration Restaurant Youth Foundation Cooperative,601-87-00459,,,이종형,"도소매, 제조업","식자재, 소스류, 축산물",1012,03A,"핫도그 및 기타(시즈닝, 소스) 식품의 제조","Manufacture of Hotdogs and Other foods(seasoning, sauce)","대전광역시 유성구 문지로 281-25, 1층(문지동)","1F, 281-25, Munji-ro, Yuseong-gu, Daejeon, KOREA ",,,http://명랑시대협동조합.com/,0,,,,,,,,True
(주)한덕산업,"HAN DUCK INDUSTRY Co., Ltd.",130-86-82215,,,한을수,제조,도장,2592,17B,금속 및 플라스틱 제품의 분체도장 및 액체도장,"Production of  powder coating, liquid coating for Metal products and Plastic products.
",경기도 부천시 삼작로115번길 58 (삼정동),"58, Samjak-ro 115beon-gil, Bucheon-si, Gyeonggi-do, KOREA ",,,0,0,,,,,,,,True
주식회사 태정산업,"TAEJEONG Co., Ltd.",589-81-00929,,,홍순분,제조업,"산업용기계제작, 금속가공",2929,18A,산업용 기계제작 및 금속가공,Industrial machinery manufacturing and metal processing,충청북도 청주시 서원구 현도면 시목외천로 356,"356, Simogoecheon-ro, Hyeondo-myeon, Seowon-gu, Cheongju-si, Chungcheongbuk-do, KOREA ",,,-,0,,,,,,,,True
주식회사 태성알앤에스,"TAESUNG Co., Ltd.",141-81-35283,,,박경수,제조업,철근의 제조 및 가공,2412,17A,철근의 가공 및 제조,Processing and Manufacturing of Reinforcement,경기도 파주시 금월로 92-29 (야동동),"92-29, Geumwol-ro, Paju-si, Gyeonggi-do, KOREA",,,,0,,,,,,,,True
주식회사 첨단랩,"CHEOMDANLAB Co., Ltd.",732-86-01226,,,장하준,"제조업, 도매 및 소매업","전자부품및전자재료, 조명및디스플레이용광학산판","2629, 2621, 2020, 2049","19B,12B","전자소재 및 전자부품(광확산판, LED 모듈, 광확산제, UV LED 봉지재, OLED 소재, 배터리 소재, 광촉매제, 세라믹 부품 코팅, 세라믹 소재, 방열 소재, 고강도 세라믹 소재)에 대한 개발, 제조 및 부가서비스","Development, Manufacture and Additional Service for Electronic materials and Electronic Parts(Light diffusion plate, LED modulde, Light diffusion material, UV LED encapsulant, OLED material, Battery Material, Photocatalyst, Ceramic parts coating, Ceramic material, Heat dissipation material, High strength ceramic material)","광주광역시 북구 첨단과기로208번길 43-10, A동 4층 403호 (오룡동,첨단IBC지식산업센터)","#403, 4th floor, Building A, 43-10, Cheomdangwagi-ro 208beon-gil, Buk-gu, Gwangju, KOREA",,,www.cheomdanlab.com,0,,,,,,,,True
㈜국토정보기술,KOOKTOJEONGBO,125-86-02301,,,이정원,서비스,"엔지니어링서비스업,측량업",7292,34A,"측량, 지리정보(자료처리업무, D/B 구축) 및 소프트웨어(어플리케이션)에 대한 설계, 개발 및 부가서비스","Design, development and implementation of surveying, geographic information (data processing tasks, D/B building) and software(Application)","충청북도 청주시 흥덕구 직지대로 530, 511호 (송정동, 청주테크노S타워)","511 ho, 530, Jikji-daero, Heungdeok-gu, Cheongju-si, Chungcheongbuk-do, KOREA ",,,,0,,,,,,,shn1314@hanmail.net,True
㈜비엠에스텍,"BMSTECH. Co., Ltd.",143-81-23764,,,유옥선,제조업,"반도체부품, 전기전자",2592,17B,"모바일 부품, 전기 전자 부품, 반도체 부품의 절삭","The Machining of Mobile Phone Metal Parts, Electronic Metal Parts, Semiconductor Equipment Metal Parts to Clients Requirements.",경기도 화성시 정남면 발산5길 49-1 (발산리),"49-1, Balsan 5-gil, Jeongnam-myeon, Hwaseong-si, Gyeonggi-do, KOREA ",,,,0,,,,,,,,True
(주)해피홈,"Happy Home Co., Ltd.",229-86-00793,,,허현구,제조업,"주방용품, 생활용품","2229, 2599","14B,17B",플라스틱 및 금속(생활 및 주방용품)제품의 제조,Manufacture of plastic and metal (life and kitchenware) products,경기도 김포시 양촌읍 대포산단로 29,"29, Daeposandan-ro, Yangchon-eup, Gimpo-si, Gyeonggi-do, KOREA ",,,www.livinghappy.co.kr,0,,,,,,,,True
㈜나루솔루션,NARU SOLUTION Inc.,618-81-35162,,,강희성,"제조업
서비스","반도체, FPD장비 및 소프트웨어개발","2612, 5822","19B,33B",반도체장비의 제조 및 소프트웨어의 개발,Manufacture of semiconductor equipment and Software publishing ,"충청남도 천안시 서북구 성거읍 삼곡2길 102, 1층 ","102, Samgok 2-gil, Seonggeo-eup, Seobuk-gu, Cheonan-si, Chungcheongnam-do, KOREA",,,,0,,,,,,,,True
㈜명성정밀,"MYUNGSUNG TOOLS Co., Ltd.",314-86-31707,,,권규민,제조업,호환절삭공구,2592,17B,호환절삭공구의 제조,Manufacture of Interchangeable Cutting Tools,대전광역시 대덕구 문평동로 41-22 (문평동),"41-22, Munpyeongdong-ro, Daedeok-gu, Daejeon, KOREA ",,,,0,,,,,,,mst4870@naver.com,True
주식회사 삼보도금,"Sambo Plating Co., Ltd.",696-88-00702,,,김효재,제조업,도금업,2592,17B,금속의 도금,Metal Plating,충청북도 청주시 흥덕구 사운로 402-1,"402-1, Saun-ro, Heungdeok-gu, Cheongju-si, Chungcheongbuk-do, KOREA",,,,0,,,,,,,,True
㈜부경폴리머,"BU KYUNG POLYMER Co., Ltd.",409-86-25124,,,김상현,제조업,포장지,1790,07A,제품 포장지의 제조,Manufacture of Product Wrapping paper,전라남도 담양군 담양읍 에코길 11-40 (삼만리),"11-40, Eco-gil, Damyang-eup, Damyang-gun, Jeollanam-do, KOREA",,,,0,,,,,,,,True
성림볼트,SUNGLIM BOLT,540-01-01412,,,강기엽,제조,"볼트,너트",2594,17B,볼트 및 너트에 대한 생산,Production of Bolts and Nuts,"경상남도 김해시 진례면 테크노밸리1로 19-13 (담안리), B동","19-13, Techno valley 1-ro, Jillye-myeon, Gimhae-si, Gyeongsangnam-do, KOREA ",,,,0,,,,,,,slbolt@hanmail.net,True
성림메탈,SUNGLIM METAL,615-13-89355,,,강동민,제조,금속가공,2917,18A,"냉동 사이클 부품(열교환기, 압력용기, 파이프관련제품)에 대한 생산","Production of Refrigeration Cycle Parts(heat exchanger, pressure vessel, pipe)",경상남도 김해시 진례면 테크노밸리1로 19-13 (담안리),"19-13, Techno valley 1-ro, Jillye-myeon, Gimhae-si, Gyeongsangnam-do, KOREA ",,,,0,,,,,,,sunglim8777@hanmail.net,True
태성이엔지,TAE SUNG ENG CO.,621-11-19845,,,강성구,제조,"산업기계, 기계축로 ","2922, 2929, 2592, 2512","18A,17B","산업기계/ 공장 자동화시스템/ 특수용접/ 고압력 특수탱크/ 제철 설비/ 콘트롤 판넬류/ 케미컬 플랜트/ 환경 플랜트/ 조선 기자재의 설계, 개발, 생산 ","Design, Development, Production of Industry Machine, Factory Auto System, Special Welding, High-Pressure & Special Tank, Iron Manufacture Plant, Control Panels, Chemical Plant, Environmental Plant, Marine Equipment.","경상남도 양산시 산막공단북12길 9, 1층 (산막동)","9, Sanmakgongdanbuk 12-gil, Yangsan-si, Gyeongsangnam-do, KOREA ",,,,0,,,,,,,taesung5888@naver.com,True
주식회사 알지비텍,"RGBTech Co., Ltd.",610-87-00787,,,김현정,"제조업, 건설업, 도소매","조명장치, 주택건설, 인테리어",2842,19A,자동 승강 조명장치의 제조,Manufacture of automatic lifting device,"대전광역시 유성구 테크노4로 17, B동 401호 (관평동, 비즈센터)","17, Techno 4-ro, Yuseong-gu, Daejeon, KOREA ",,,,0,,,,,,,,True
주식회사 가온,"Gaon Co., Ltd. ",540-86-00822,,,김진영,제조,산업처리자동측정및제어장비,2929,18A,"산업용 설비 및 공장 자동화 설비의 설계, 개발, 제조, 설치 및 유지보수 ","Design, Development, Manufacture, Installation and Maintenance of Industrial Equipments & Factory Automation Equipments",대전광역시 대덕구 대덕대로 1417번길 64 (문평동),"64, Daedeok-daero 1417beon-gil, Daedeok-gu, Daejeon, KOREA",,,,0,,,,,,,,True
주식회사 디엠,"Dm Co., Ltd.",169-87-00988,,,"권홍선, 이진구",제조업 외,"대리석,인조대리석 외",2391,15A,"주방상판(인조대리석, 엔지니어드스톤)의 제조","Manufacturing of kitchen tops (artificial marble, engineered stone)",충청북도 청주시 서원구 현도면 현도시동길 54,"54, Hyeondosidong-gil, Hyeondo-myeon, Seowon-gu, Cheongju-si, Chungcheongbuk-do, KOREA ",,,,0,,,,,,,dm9838@hanmail.net,True
주식회사 디엠,"Dm Co., Ltd.",169-87-00988,,,"권홍선, 이진구",제조업 외,"대리석,인조대리석 외",2391,15A,"주방상판(인조대리석, 엔지니어드스톤)의 제조","Manufacturing of kitchen tops (artificial marble, engineered stone)",충청북도 청주시 서원구 현도면 현도시동길 54,"54, Hyeondosidong-gil, Hyeondo-myeon, Seowon-gu, Cheongju-si, Chungcheongbuk-do, KOREA ",,,,0,,,,,,,dm9838@hanmail.net,True
(유)아톤산업,"ATON Industry Co., Ltd.",403-81-77615,,,김기원,제조,화학제품,"2020, 2041",12B,요소수 및 페인트 점성 제거제의 제조,The Manufacture of Urea Solution and Paint Viscosity Removal,전라북도 익산시 석암로13길 25 (석암동),"25, Seokam-ro 13-gil, Iksan-si, Jeollabuk-do, KOREA",,,www.atonindustry.co.kr,0,,,,,,,aton@atonindustry.co.kr,True
(유)아톤산업,"ATON Industry Co., Ltd.",403-81-77615,,,김기원,제조,화학제품,"2020, 2041",12B,요소수 및 페인트 점성 제거제의 제조,The Manufacture of Urea Solution and Paint Viscosity Removal,전라북도 익산시 석암로13길 25 (석암동),"25, Seokam-ro 13-gil, Iksan-si, Jeollabuk-do, KOREA",,,www.atonindustry.co.kr,0,,,,,,,aton@atonindustry.co.kr,True
㈜케이제이이엔지,"KJENG Co., Ltd.",606-81-88593,,,안수천,제조,"조선기자재,선박배관",2413,17A,"화공플랜트, 발전플랜트 및 해양플랜트 기기, 배관제품 및 고주파벤딩의 설계/개발, 생산 및 설치","Design/Development, Production and Installation of Piping Product and High frequency Bending, Instrument of Petrochemical Plant Engineering, Power Plant, Offshore Plant",경상남도 김해시 상동면 소락로 207-52,"207-52, Sorak-ro, Sangdong-myeon, Gimhae-si, Gyeongsangnam-do, KOREA",,,,0,,,,,,,kms2327@kjsteel04.com,True
주식회사 디엠티아이,"DMTI Co., Ltd.",332-86-01462,,,정대모,"도매 및 소매, 제조업 외","산업소모품, 항공우주산업 부품외","4673, 4791",29A,"항공우주산업용 및 일반산업용 부품(볼트, 테이프, 본드, 마스크)의 도매 및 소매 ","Wholesale and retail of parts for aerospace and general industry (bolts, tapes, bond, masks)","대전광역시 대덕구 대화로 160, 1동 2,3층 213, 313호(대화동, 산업용재유통상가)","160, Daehwa-ro, Daedeok-gu, Daejeon, KOREA ",,,,0,,,,,,,sto7777@hanmail.net,True
진호 주식회사,JinHo Inc.,675-86-00680,,,김진만,제조업,자동차부품,2917,18A,자동차 및 중장비용 에어컨의 제조,Manufacture of air conditioners for cars and heavy equipment,충청남도 아산시 영인면 상성길 2-2,"2-2, Sangseong-gil, Yeongin-myeon, Asan-si, Chungcheongnam-do, KOREA",,,,0,,,,,,,,True
㈜동원이엔씨,"DONG WON ENC Co., Ltd.",314-81-91485,,,강준호,건설업,"전기공사, 태양광발전시스템설계및시공 ","2811, 2812, 4122","19A,28B","태양광 발전장치 및 접속함의 개발, 생산 및 설치","Development, Production and Installation of solar power generation devices and connection boxes ","대전광역시 동구 산내로 1305번길 61, 2층(낭월동)    ","2 floors of, #61, Sannae-ro 1305beon-gil, Dong-gu, Daejeon, KOREA",,,,0,,,,,,,dwenc01@daum.net,True
바른화재특종손해사정주식회사,"Barun Adjusting Co., Ltd.",106-86-56688,,,황인석,서비스(사업관련)업,손해사정인,6620,32A,손해사정 서비스,Damage assessment service,"서울특별시 영등포구 영등포로 21, 301-1호(양평동2가, 양평빌딩)","#301-1, 21, Yeongdeungpo-ro, Yeongdeungpo-gu, Seoul, KOREA ",,,http://www.brnins.kr,0,,,,,,,,True
주식회사 아이디어메이크,"IDEAMAKE. Co., Ltd.",816-88-01514,,,김호연,제조업,"안전용품, 시설안전표시, 플라스틱제품, 광고용품, 교구, 유아용품 제조 및 판매업, 가방 제조, 가구제조업, 조명기구 및 패션악세사리 제조 판매업 외","2599, 3391","17B,23D",라바콘 안내 표지판 및 광고 표지판의 제조,Manufacture of Safe Signs and Advertising Signs,"광주광역시 북구 첨단연신로91번길 32-6, 201호 (신용동)","32-6, Cheomdanyeonsin-ro 91beon-gil, Buk-gu, Gwangju, KOREA ",,,,0,,,,,,,,True
주식회사 라인오토텍,"Line Autotech Co., Ltd.",886-88-03087,,,진홍봉,제조업외,자동차부품 제작.가공외,2929,18A,"금형의 설계, 개발 및 제조","Design, development and manufacture of molds",대구광역시 달성군 구지면 국가산단대로32길 114 ,"114, Gukgasandan-daero 32-gil, Guji-myeon, Dalseong-gun, Daegu, KOREA",,,,0,,,,,,,,True
삼성로지피아㈜,"SAMSUNG LOGIPIA Co., Ltd.",128-86-59837,,,유흥식,제조업,물품취급장비,"2916, 3199","18A,22C",지게차 및 기타 운송장비의 제조,Manufacture of forklift and other transport equipment,경기도 고양시 일산서구 덕산로 109-22(가좌동),"109-22, Deoksan-ro, Ilsanseo-gu, Goyang-si, Gyeonggi-do, KOREA ",,,,0,,,,,,,h910643@naver.com,True
전북익산친환경영농조합법인,Jeonbuk iksan being eco friendly farming corporation,403-81-50751,,,김명국,농업,농산물,4631,29A,친환경 농산물(채소류)의 유통 및 공급,Distribution and Supply of Environment-Friendly Agricultural Products (Fruits and Vegetables),전라북도 익산시 용안면 현내1로 89 (교동리),"89, Hyeonnae 1-ro, Yongan-myeon, Iksan-si, Jeollabuk-do, KOREA ",,,-,0,,,,,,,,True
주식회사 규담오티에스,"GYUDAM O.T.S Co., Ltd.",222-81-26763,,,"정승은, 이현주","제조업, 건설업 외","주차관제장치생산및설치, 맨홀감시설비 제조 및 설치서비스, 방송통신기기, CCTV생산, 정보통신공사업 등","4232, 2890, 2651","28C,19A,19B","정보통신공사 및 주차관제, 영상감시, 맨홀감시시스템의 제조 및 설치","Manufacturing and installation of information and communication construction, parking control, video surveillance, and manhole monitoring systems","대전광역시 서구 도산로 198, 2층 (변동) ","2F, 198, Dosan-ro, Seo-gu, Daejeon, KOREA ",,,-,0,,,,,,,,True
㈜무쏘파워시스템,"MUSSO POWER SYSTEM Co., Ltd.",621-81-58496,,,노정자,"도매, 제조","무역(감속기 및 전달장치부품), 감속기 및 전달장치 부품",2914,18A,동력전달장치 제조 및 판매,Manufacture and sell power train,부산광역시 강서구 평강로 302번길 23,"23, Pyeonggang-ro 302beon-gil, Gangseo-gu, Busan, KOREA ",,,www.mspower.co.kr,0,,,,,,,mspower4401@hanmail.net,True
주식회사 심플테크,"Simpletech Co., Ltd.",863-86-00856,,,김종남,제조업,반도체관련제조업,"2612, 2641, 2642",19B,전자부품 및 통신기기의 제조,Manufacturing of electronic compoments and communication equipment,"충청남도 천안시 서북구 직산읍 직산로 136, 2301호(충남테크노파크 벤처관)
","136, Jiksan-ro, Jiksan-eup, Seobuk-gu, Cheonan-si, Chungcheongnam-do, KOREA ",,,www.simpletech.co.kr,0,,,,,,,,True
주식회사 아리시스템,"Ari System, Inc.",865-88-01215,,,성하창,제조업,"CCTV제조, 설치공사, 교통신호장치",2642,19B,차량번호인식기의 제조,Manufacture of License Plate Recognition Device,"충청남도 천안시 서북구 직산읍 직산로 136, 생산관동2203호","#2203, 136, Jiksan-ro, Jiksan-eup, Seobuk-gu, Cheonan-si, Chungcheongnam-do, KOREA ",,,http://arisystem.kr,0,,,,,,,,True
현대종합물류,Hyundai Total Logistics,305-30-46155,,,조일제,"도소매, 제조","일회용품, 종이용기",1790,07A,종이컵 및 종이컵 홀더 제조,Manufacture of paper cups and paper cup holders,대전광역시 동구 물류로14번길 39 (구도동),"39, Mullyu-ro 14beon-gil, Dong-gu, Daejeon, KOREA ",,,http://www.hdtd.co.kr,0,,,,,,,japanjo@naver.com,True
웹키,Webkey,552-13-00030,,,박종서,"제조업, 도소매, 서비스","비누, 명함제작 및 판매, 전자상거래, 디자인, 웹사이트 제작, 호스팅",2042,12B,비누의 제조,Manufacture of soap,"대전광역시 서구 문정로170번길 44, 1층(둔산동)","44, Munjeong-ro 170beon-gil, Seo-gu, Daejeon, KOREA ",,,-,0,,,,,,,,True
㈜동산기획 ,"DongSan Plan Co., Ltd.",314-81-84311,,,김진수,제조업,"섬유, 직물제조 ",1322,04A,"섬유(깃발, 현수막)의 설계, 개발 및 제조 ","Design, development and manufacture of fibers (flags, banners)",대전광역시 서구 월드컵대로484번길 187-50 (월평동),"187-50, World cup-daero 484beon-gil, Seo-gu, Daejeon, KOREA ",,,,0,,,,,,,dongsan1902@hanmail.net,True
리에또컴퍼니 주식회사,Rietto Company ,305-86-37309,,,최철훈,"도소매, 제조업","아이스크림, 빵류, 원두, 프랜차이즈, 기타잡화",1079,03A,커피 원두 가공(생산),Manufacture of Coffee Beans,"대전광역시 동구 동서대로1705번길 38-24, 1층 (용전동)","1F, 38-24, Dongseo-daero 1705beon-gil, Dong-gu, Daejeon, KOREA ",,,-,0,,,,,,,chchoi216@hanmail.net,True
사람과기술-,Human & Technology ,317-05-66899,,,화정준,제조업,"특장차,건설기계,크레인",3020,22A,"특장차(크레인붙이트럭), 유압크레인 및 건설기계(타이어식 기중기)의 설계, 개발 및 제조","Design, Development and Manufacturing of Special Vehicles (Crane-Mounted Trucks), Hydraulic Cranes and Construction Machinery (Tire Crane)","충청북도 청주시 청원구 북이면 장양2길 20, 20-1","20-1, 20, Jangyang 2-gil, Bugi-myeon, Cheongwon-gu, Cheongju-si, Chungcheongbuk-do, KOREA ",,, www.hu-tech.co.kr ,0,,,,,,,,True
주식회사 에스앤에너지,"SN ENERGY Co., Ltd.",577-87-01548,,,정상신,"건설업, 제조업","전기공사업, 태양광관련모듈, 건물설비설치",4112,28A,태양광 발전소의 시공 및 유지보수,Construction and maintenance of solar power plants,"충청북도 청주시 서원구 장전로12번길 9, 5층 (성화동, 센트럴1빌딩)","9, Jangjeon-ro 12beon-gil, Seowon-gu, Cheongju-si, Chungcheongbuk-do, KOREA ",,,,0,,,,,,,,True
주식회사 김치타운,"Kimchi-Town Co., Ltd.",740-88-00770,,,정휴선,"제조업, 도소매","김치류, 절임류, 농산물, 전자상거래",1030,03A,김치류 및 절임식품의 제조,Manufacture of kimchi and pickled foods,광주광역시 남구 김치로 60 (임암동),"60, Gimchi-ro, Nam-gu, Gwangju, KOREA ",,,http://kimchi-town.kr,0,,,,,,,,True
대원프라스틱,DAEWON PLASTIC,301-09-81253,,,유명석,제조업,플라스틱용기제조,2223,14B,플라스틱 식품용기의 개발 및 제조,Development and manufacture of food containers,충청북도 청주시 청원구 북이면 용계내추로 349-1 ,"349-1, Yonggyenaechu-ro, Bugi-myeon, Cheongwon-gu, Cheongju-si, Chungcheongbuk-do, KOREA ",,,,0,,,,,,,,True
남일지공,Namil-jigong Co.,301-40-66177,,,허남총,제조업,"지관, 합지, 절지",1790,07A,지관의 제조,Manufacturing of branch pipes,충청북도 청주시 흥덕구 강내면 저산태성로 227-53 (산단리),"227-53, Jeosantaeseong-ro, Gangnae-myeon, Heungdeok-gu, Cheongju-si, Chungcheongbuk-do, KOREA ",,,,0,,,,,,,,True
주식회사 다온에디션,"DAON ADDITION Co., Ltd.",245-88-00595,,,이종운,"제조업,건설업","옥내,외 광고물 기획 및 제작설치","4213, 2842","28C,19A","옥내,외 광고물의 제작 및 설치",Production and Installation of Indoor and Outdoor Advertisements,대전광역시 대덕구 송촌남로 51(송촌동),"51, Songchonnam-ro, Daedeok-gu, Daejeon, KOREA",,,,0,,,,,,,,True
㈜프렛시푸드,"FRESH Food Co., Ltd.",327-88-01386,,,이성민,"제조업, 도매","식품소스, 식품",1075,03A,양갑조 국밥 및 외식메뉴의 개발 및 제조,Manufacture of yanggabjo rice soup and development of restaurant menu,충청북도 영동군 용산면 천작리 산45-1,"45-1san, Cheonja-ri, Yongsan-myeon Yeongdong-gun, Chungcheongbuk-do, KOREA",,,http://freshvil.klcom.co.kr/food_court/food.html,0,,,,,,,,True
농업회사법인 유한회사 연봉두부,YEON BONG Tofu,631-87-01124,,,박춘식,"도매업, 제조업",두부,1079,03A,두부의 제조,Production of Tofu,전라북도 김제시 만경읍 만경로 839-10,"839-10, Mangyeong-ro, Mangyeong-eup, Gimje-si, Jeollabuk-do, KOREA ",,,-,0,,,,,,,skyo0park0o@naver.com,True
드나유통,Deunayutong,312-22-63098,,,조성철,"제조업, 도소매, 도매","음료, 의류, 고체비누, 과자류, 건강식품, 공산품, 안전용품",1120,03A,음료류(슬러쉬)의 제조,Production of beverages(slush),"충청남도 천안시 동남구 중앙로 281-28, 3동 203호(신부동)","281-28, Jungang-ro, Dongnam-gu, Cheonan-si, Chungcheongnam-do, KOREA ",,,-,0,,,,,,,,True
㈜나루테크,"NARU Tech Co., Ltd.",314-86-30732,,,김종수,제조업,"폐쇄회로텔레비젼,방송장비,통신기기","2642, 4232","19B,28C","보안용카메라, 차량번호 식별 카메라, 통신기기, 전자기기의 제조 및 통신공사 시공, 유지보수","Security camera, vehicle number identification camera, communication device, electronic device manufacturing and communication construction, maintenance","대전광역시 중구 대둔산로 419-4, 304호(산성동, 한밭프라자)","304-Ho, 419-4, Daedunsan-ro, Jung-gu, Daejeon, KOREA ",,,,0,,,,,,,naru8080@daum.net,True
(주)대웅기계,"Daewoong Machinery Co., Ltd.",315-81-19133,,,최태관,제조업,비닐플라스틱관련기계제작,2929,18A,"라미네이팅 제조설비의 설계, 개발, 생산 및 서비스","Design, development, production and service of laminating manufacturing equipment",충청북도 청주시 청원구 북이면 팔결신대로 567-16,"567-16, Palgyeolsindae-ro, Bugi-myeon, Cheongwon-gu, Cheongju-si, Chungcheongbuk-do, KOREA ",,,www.daewoongmc.com,0,,,,,,,,True
주식회사 유니엑스,"UNIX Co., Ltd.",608-87-01269,,,최수현,서비스업,응용소프트웨어 개발 및 공급,5822,33B,응용소프트웨어 개발 및 공급,Application software development and supply,서울특별시 강남구 선릉로 427,"427, Seolleung-ro, Gangnam-gu, Seoul, KOREA ",,,,0,,,,,,,,True
(주)넥스트텍,"Next tech Co., Ltd.",875-87-01312,,,김경회,제조,전자부품제조업,2929,18A,도어락 개발 및 제조,Development and manufacturing of Door locks,"세종특별자치시 연동면 송암로197, 2층 205호(아이빌트세종)","(I BUILT SEJONG)205, 2nd floor, 197, Songam-ro, Yeondong-myeon, Sejong-si, KOREA ",,,,0,,,,,,,qh2579@hometax.go.kr,True
㈜넥스트텍,"Next tech Co., Ltd.",875-87-01312,,,김경회,제조,전자부품제조업,2593,17B,도어락 개발 및 제조,Development and manufacturing of Door locks,"세종특별자치시 연동면 송암로197, 2층 205호(아이빌트세종)","(I BUILT SEJONG)205, 2nd floor, 197, Songam-ro, Yeondong-myeon, Sejong-si, KOREA ",,,,0,,,,,,,qh2579@hometax.go.kr,True
지오강재(주),"JIOGANGJAE Co., Ltd.",312-86-38188,,,황영식,제조업,"절단가공, 철구조물",2511,17B,금속 구조물 제조,Manufactur of metal structures,경기도 안성시 서운면 사갑1길 187-83,"187-83, Sagap 1-gil, Seoun-myeon, Anseong-si, Gyeonggi-do, KOREA",,,,0,,,,,,,,True
(주)제이에스바이오,"JS BIO Co., Ltd. ",710-86-01513,,,윤상급,제조,금속가공제품,2511,17B,"산업/의료용 금속 구조물의 설계, 개발, 제조 및 서비스","Design, Development, Manufacture and Service of Metal Structure for Industrial & Medical",대전광역시 유성구 학하동로64번길 54 (학하동),"54, Hakhadong-ro 64beon-gil, Yuseong-gu, Daejeon, KOREA ",,,,0,,,,,,,,True
주식회사 람트,"RAMT Co., Ltd.",809-88-01248,,,서태욱,제조외,시험장비 외,2721,19D,시험장비 및 만능재료 시험기의 제조,Manufacture of testing apparatus and testing apparatus for all-purpose materials,"서울특별시 금천구 가산디지털1로 204, 1007호-1008호(가산동, 가산반도아이비밸리)","#1007-1008, 204, Gasan digital 1-ro, Geumcheon-gu, Seoul, KOREA",,,http://ramt.co.kr/,0,,,,,,,,True
삼정이앤알 주식회사,"Samjung E&R Co., Ltd.",301-81-96636,,,정영환,제조업,비철금속제련,"2421, 3832","17A,39B",자동차 부품등의 비철금속의 제련 및 재활용,Smelting and recycling of nonferrous metals such as automobile parts,충청북도 진천군 초평면 영신1길 17-16,"17-16, Yeongsin 1-gil, Chopyeong-myeon, Jincheon-gun, Chungcheongbuk-do, KOREA ",,,,0,,,,,,,,True
㈜이가디자인그룹,"Leega Design Group Co., Ltd.",135-86-41451,,,이민용,"건설업,도매업","실내건축공사,인테리어공사",4241,28C,"건축공사에 대한 시공
건축물 인테리어의 설계 및 시공","Construction of Building Structure
Design and Construction of Interior Work for Building","서울특별시 서초구 강남대로47길 11, 6F (서초동, 덕영빌딩)","6F, 11, Gangnam-daero 47-gil, Seocho-gu, Seoul, KOREA",,,www.leegadesign.co.kr,0,,,,,,,,True
㈜이가디자인그룹,"Leega Design Group Co., Ltd.",135-86-41451,,,이민용,"건설업,도매업","실내건축공사,인테리어공사",4241,28C,"건축공사에 대한 시공
건축물 인테리어의 설계 및 시공","Construction of Building Structure
Design and Construction of Interior Work for Building","서울특별시 서초구 강남대로47길 11, 6F (서초동, 덕영빌딩)","6F, 11, Gangnam-daero 47-gil, Seocho-gu, Seoul, KOREA",,,www.leegadesign.co.kr,0,,,,,,,,True
세미상사,SEMI SANG SA,305-29-42279,,,김순희,"도매, 소매","커피, 식품","4632, 4721",29A,커피의 판매,Sale of coffee,대전광역시 유성구 복용로12번길 17(복용동),"17, Bogyong-ro 12beon-gil, Yuseong-gu, Daejeon, KOREA ",,,-,0,,,,,,,,True
주식회사 새아,"SAEA Co., Ltd. ",560-88-00515,,,김다별,제조업,특장차제조,2592,17B,금속가공제품 & 특수 차량의 도장 및 유지보수,Painting and maintenance of metal processed products & special vehicles,충청남도 아산시 영인면 월선서길 77-71,"77-71, Wolseonseo-gil, Yeongin-myeon, Asan-si, Chungcheongnam-do, KOREA",,,,0,,,,,,,kimdabyel@naver.com,True
주식회사 울타리,"ULTARI Co., Ltd.",164-81-01466,,,이미희,"도소매, 제조업",LED조명기기,2842,19A,"형광등조명(옥내용, 산업용), LED조명(경관조명, 가로등, 보안등, 투광등, 터널등, 매입형 및 고정형, 센서등)기구의 설계, 개발. 생산 및 부가서비스
","Design and development of fluorescent lighting (indoor, industrial), LED lighting (Landscape lighting, street light, security light, floodlight, tunnel light, embedded type and fixed type, sensor light). Production and additional service","경기도 수원시 영통구 신원로 88, 103동 1102호 (신동, 디지털엠파이어2)","88, Sinwon-ro, Yeongtong-gu, Suwon-si, Gyeonggi-do, KOREA",,,,0,,,,,,,,True
주식회사 미호비즈텍,"MIHO Biztech Co., Ltd.",590-88-01024,,,홍의권,제조업,"다기능가슴성형기, 허리강화벨트",2851,19A,다기능가슴성형기의 제조,Manufacture of Multifunctional Chest Molding Machine,"대전광역시 동구 대학로 62, 산학협력관 220호(용운동, 대전대학교)","62, Daehak-ro, Dong-gu, Daejeon, KOREA ",,,,0,,,,,,,,True
대전광역시 동네빵집협동조합,Daejeon Metropolitan City Neighborhood Bakery Cooperative,305-86-28737,,,변재준,"제조업, 도소매, 음식",제과점업,1071,03A,"빵류, 과자류의 제조","Manufacture of bread, confectionery",대전광역시 대덕구 계족로 511번길 44(중리동),"44, Gyejok-ro 511beon-gil, Daedeok-gu, Daejeon, KOREA ",,,,0,,,,,,,mysksm@hometax.go.kr,True
TKD㈜,"TKD Co., Ltd.",621-81-76228,,,문혜경,제조,로타리죠인트외,2599,17B,"로타리조인트 및 스웨벨조인트의 설계, 개발 및 생산","Design, Development and Production of Rotary Joint and Swivel Joint",부산광역시 기장군 정관읍 정관상곡1길 47 ,"47, Jeonggwansanggok 1-gil, Jeonggwan-eup, Gijang-gun, Busan, KOREA ",,,www.rjsj.co.kr,0,,,,,,,mmmm4486@nate.com,True
주식회사 올포그코리아,"ALL FOG KOREA Co., Ltd.",150-81-01303,,,방성하,"건설업,제조업",쿨링포그 시스템의 설계.개발  및 설치,"2927, 4213","18A,28C","쿨링포그 시스템의 설계, 개발, 제작 및 시공","Design, development, manufacture and construction of cooling fog system",경상북도 경주시 천북면 모아동산길 12,"12, Moadongsan-gil, Cheonbuk-myeon, Gyeongju-si, Gyeongsangbuk-do, KOREA",,,allfogkorea@co.kr,0,,,,,,,,True
주식회사 씨티케이,"CTK Co., Ltd.",748-86-01008,,,안성용,제조업,화학물질분석,"7291, 2721","34A,19D","Chiral의 분석, 분취 및 기구 제조","Chiral analysis, preparative and instrument manufacturing","대전광역시 유성구 테크노4로 17, 620호 (관평동, 비즈센터)","#620, 17, Techno 4-ro, Yuseong-gu, Daejeon, KOREA ",,,www.ct-k.com,0,,,,,,,,True
㈜손맛커피,"Hand-Tasted Coffee Co., Ltd.",791-88-01423,,,유홍선,제조업,"식품제조가공,원두(티백,드립백)",1079,03A,커피 원두 가공(생산),Manufacture of Coffee products,"경기도 파주시 파주읍 정문로586번길 131, 바동 전체","131, Jeongmun-ro 586beon-gil, Paju-eup, Paju-si, Gyeonggi-do, KOREA ",,,www.sonmatcoffee.com,0,,,,,,,,True
주식회사 건영테크,"GEONYEONG TECH Co., Ltd.",135-86-34284,,,남상길,제조업,디스플레이및아이티부품,"2611, 2612",19B,"전기, 전자 부품(플라즈마부품, 반도체부품)의 설계, 개발 및 제조","Design, development and manufacture of electrical and electronic components (plasma components, semiconductor components)","경기도 화성시 정남면 만년로98번길 49-30, 에이동2층 ","A-dong, 2F, 49-30, Mannyeon-ro 98beon-gil, Jeongnam-myeon, Hwaseong-si, Gyeonggi-do, KOREA ",,,,0,,,,,,,,True
주식회사 영원건설,"YoungWon Construction Co., Ltd.",240-81-01358,,,윤영중,건설업,"금속구조물, 실내건축, 유지보수","4242, 4249, 4250","28C,28D","금속구조물의 창호 공사, 건축(마무리) 공사 및 유지보수 공사의 시공","Construction of windows, constructions, and maintenance of metal structures","충청북도 청주시 흥덕구 옥산면 소로길 36, 2층","36, Soro-gil, Oksan-myeon, Heungdeok-gu, Cheongju-si, Chungcheongbuk-do, KOREA ",,,,0,,,,,,,youngwon0092@hanmail.net,True
주식회사 부성화학,"BUSUNG CHEMICAL Co., Ltd.",303-81-25710,,,최범기,제조업,피브이씨,"2221, 2222",14B,"플라스틱 피혁(PVC, TPO, TPU), 플라스틱 벽지(PVC, TPO)의 개발 및 제조","Development and manufacture of plastic leather (PVC, TPO, TPU) and plastic wallpaper (PVC, TPO)",충청북도 음성군 삼성면 상곡로 74,"74, Sanggok-ro, Samseong-myeon, Eumseong-gun, Chungcheongbuk-do, KOREA ",,,,0,,,,,,,,True
주식회사 정일프라콤,"Juengil Placom Co., Ltd.",610-86-14440,,,최주식,제조업,플라스틱,"2020, 2221","12B,14B","MATT, PP 및 PE COMPOUND의 제조","Manufacture of MATT, PP and PE COMPOUND",울산광역시 울주군 웅촌면 와지공단2길 17,"17, Wajigongdan 2-gil, Ungchon-myeon, Ulju-gun, Ulsan, KOREA ",,,,0,,,,,,,,True
채움정보통신㈜,"CHAEUM INFORMATION COMMUNICATIONS CO., LTD.",101-34-26370,,,이재경,"건설, 도소매, 서비스","정보통신공사업, CCTV설치, 정보통신장비, 통신자재, CCTV, 소프트웨어개발 및 시스템통합, 인력파견, 유지보수, CCTV 수리","4232, 2642","28C,19B","1. 정보통신 공사
2. CCTV의 제조 및 설치","1. The Provision of Telecommunication Works   
2. Manufacture and installation of CCTV"," 대전광역시 중구 대종로 585, 201호 (선화동)","#201, 585, Daejong-ro, Jung-gu, Daejeon, KOREA",,,,0,,,,,,,,True
주식회사 센트리,Sentry Inc.,107-88-39987,,,"강두수, 김갑식",제조업외,환경기기외,2721,19D,"환경기기의 설계, 개발, 생산 및 부가서비스","Design, production, development and additional services of environmental equipment","서울특별시 금천구 가산디지털1로 100, 1401~1404호, 1407호 (가산동 ,에이스골드타워)","#1401~1404, #1407, 100, Gasan digital 1-ro, Geumcheon-gu, Seoul, KOREA",,,,0,,,,,,,,True
주식회사 서인디앤피,"SEOINDNP Co., Ltd.",282-88-01104,,,황영두,"제조, 도소매","인쇄, 박스제작, 앨범, 지류",1721,07A,"박스류(컬러박스, 골판지박스, 고급박스 및 수출박스)의 제조","Manufacture of Boxes (Color Box, Corrugated Box, Luxury Box and Export Box)",전라북도 완주군 봉동읍 완주산단2로 257-42,"257-42, Wanjusandan 2-ro, Bongdong-eup, Wanju-gun, Jeollabuk-do, KOREA ",,,http://www.서인디앤피.kr,0,,,,,,,,True
㈜조은테크,"CHOEUN TECH Co., Ltd.",314-86-45588,,,조성익,제조업,"LCD장비,반도체,기계부품설계. 그외기타금속가공",2927,18A,"반도체용 자동화 장비(전장 조립 장비, 카메라 모듈 장비 등)의 개발 및 생산
","Development and production of automation equipment (electronic assembly equipment, camera module equipment, etc.) for semiconductors","대전광역시 유성구 테크노2로 187, C동 435호 (용산동, 미건테크노월드)","#435, C-dong, 187, Techno 2-ro, Yuseong-gu, Daejeon, KOREA",,,,0,,,,,,,joh@choeuntech.co.kr,True
주식회사 서호이엔지,"Seo Ho ENG Co., Ltd.",185-86-00493,,,이남현,서비스업,"엔지니어링, 학술연구용역","7292 ,7020","34A,34B","엔지니어링 사업(도시계획, 도시재생, 교통, 도로 및 공항, 조경, 측량) 및 학술연구","Engineering projects (urban planning, urban regeneration, traffic, road and airport, landscaping, surveying) and academic research","충청남도 서천군 서천읍 사곡로 8, 3층 301호(상가동)","#301, 8, Sagok-ro, Seocheon-eup, Seocheon-gun, Chungcheongnam-do, KOREA ",,,,0,,,,,,,,True
㈜서진정공,"Seojin Precision Co., Ltd.",303-81-69381,,,박정수,제조업,철구조물의 제작,2511,17B,"철구조물(탱크, 맨홀, 자동크린넷, 건설기계설비)의 제조","Manufacturing of steel structures (tanks, manholes, automatic clean nets, construction machinery)",충청북도 음성군 생극면 능안로 84,"84, Neungan-ro, Saenggeuk-myeon, Eumseong-gun, Chungcheongbuk-do, KOREA",,,http://seojin-di.co.kr,0,,,,,,,,True
㈜김해소방,"Gimhae Fire Co., Ltd.",615-81-70364,,,우영대,"서비스, 건설업","소방시설관리업, 전문소방시설공사","4220, 7410, 7512","28D,35C","소방시설의 시공 및 점검관리, 관리용역",Construction and Inspection Management and Management Service of Firefighting Facilities,"경상남도 김해시 금관대로1134번길 29, 2층 (외동)","29, Geumgwan-daero 1134beon-gil, Gimhae-si, Gyeongsangnam-do, KOREA",,,,0,,,,,,,gf119@naver.com,True
나라기업 주식회사,Nara Corporation,608-81-63394,,,우희석,"서비스, 건설업","소방시설관리업, 전문소방시설공사, 전기공사","4220, 7410, 7512","28D,35C","소방시설의 시공 및 점검관리, 관리용역",Construction and Inspection Management and Management Service of Firefighting Facilities,"경상남도 창원시 의창구 창원대로18번길 46, 1314호, 1315호 (팔용동)","46, Changwon-daero 18beon-gil, Uichang-gu, Changwon-si, Gyeongsangnam-do, KOREA",,,,0,,,,,,,nf119@naver.com,True
주식회사 세미나노연구센터,"SEMI NANO R&D LABORATORY. Co., Ltd.",752-81-01472,,,오명희,제조업,"전자섬유제조, 산업용설비 및 부품제조",2611,19B,"산업용 설비 부품(IC칩)의 설계, 개발 및 제조","Design, development and manufacture of industrial equipment components (IC chips)","경기도 성남시 중원구 갈마치로288번길 14, 제9층 957호 (상대원동, 성남에스케이브이1타워)","14, Galmachi-ro 288beon-gil, Jungwon-gu, Seongnam-si, Gyeonggi-do, KOREA ",,,,0,,,,,,,,True
㈜다빈치동력패러,"Davinci paramotor. Co., Ltd.",708-88-01284,,,연경호,제조,"경량,초경량 비행장치 및 주변악세사리",2914,18A,"모터/동력전달 장치의 설계, 개발 및 제조","Desine,Development and Manufacture of Motor&Powertrain","충청북도 청주시 흥덕구 죽천로79번길 7, 1동 208호 (복대동)","7,Jukcheon-ro 79beon-gil, Heungdeok-gu, Cheongju-si, Chungcheongbuk-do, KOREA ",,,,0,,,,,,,,True
(주)일진게이트,"ILJIN GATE Co., Ltd.",233-81-07752,,,양기분,제조업,현관문의 제조,2511,17B,"현관문, 시스템도어의 제조",Manufacture of front door and system door,충청북도 청주시 청원구 오창읍 두릉유리로 48-4,"48-4, Dureungyuri-ro, Ochang-eup, Cheongwon-gu, Cheongju-si, Chungcheongbuk-do, KOREA ",,,http://iljingate.com/,0,,,,,,,,True
주식회사 네오세미텍,"NEO SEMITECH Co., Ltd.",301-86-28977,,,김선각,제조업,반도체제조설비,"2927, 2929",18A,"반도체 장비, 산업용 기계, 2차전지 배터리, 스케일 제거장치의 설계, 개발 및 제조","Design, Development and Manufacture of Semiconductor Equipment, Industrial machine and Secondary Battery Batteries, Scale Removal Device","충청북도 청주시 서원구 충대로1, 477호(개신동, 학연산공동기술연구원)","477ho, Chungbuk National Univ. Industrial Technology Research Park,1, Chungdae-ro, Seowon-gu, Cheongju-si, Chungcheongbuk-do, KOREA ",,,,0,,,,,,,,True
주식회사 세화엔지니어링,"SAEHWA ENGINEERING CO., LTD.",129-86-82535,,,김경희,제조업,전기공급및자동제어장치,"2812, 2631, 2632, 2721","19A,19D","자동화장비, 계측장비, 산업용컴퓨터 및 주변기기에 대한 설계, 개발 및 생산","Design, Development, Manufacture  of Automation Instrument, Measuring Equipment, Industrial Computer and peripherals
","경기도 화성시 동탄첨단산업1로 51-9, 415호, 416호, 423호 (영천동,엠타워지식산업센터) ","51-9, Dongtancheomdansaneop 1-ro, Hwaseong-si, Gyeonggi-do, KOREA",,,,0,,,,,,,,True
주식회사 에이스그레이팅,"ACE GRATING Co., Ltd.",137-81-58443,,,전종순,제조,"스틸그레이팅, 철물",2511,17B,스틸그레이팅 및 철구조물의 제조,Manufacture of steel grating and steel structures,경기도 김포시 대곶면 대곶남로107번길 114-120 (대곶면),"114-120, Daegonnam-ro 107beon-gil, Daegot-myeon, Gimpo-si, Gyeonggi-do, KOREA ",,,www.acegrating.kr,0,,,,,,,ace996@naver.com,True
디와이웰텍㈜,"DYWELTEC. Co., Ltd.",215-86-90199,,,서한엽,제조,특수용접 및 열처리가공업,"2914, 2592, 2412","18A,17B,17A","Grinding Roller, Guide Roller, 압연 Roller, Liner, 보일러튜브코팅, 내마모육성철판 및 경화육성 용접봉에 대한 생산","Production of Grinding Roller, Guide Roller, Pneumatic Roller, Liner, Boiler Tube Coating, Wear Resistant Steel Sheet and Hardening Welding Rod",전라북도 정읍시 2산단1길 24-15 (하북동),"24-15, 2sandan 1-gil, Jeongeup-si, Jeollabuk-do, KOREA",,,www.dyweltec.com,0,,,,,,,,True
원오토메이션,One Automation Co. ,891-42-00366,,,원신열,제조,자동화제어기기,2721,19D,자동화 제어기기의 설계 및 제조,Manufacture and Design of automatic control Devices,"경상남도 창원시 의창구 창원대로18번길 22, 벤처동 2층 205호 (팔용동, 경남테크노파크)","22, Changwon-daero 18beon-gil, Uichang-gu, Changwon-si, Gyeongsangnam-do, KOREA ",,,,0,,,,,,,,True
주식회사 새라,"SAERA Co.,  Ltd.",303-81-75243,,,김종구,"제조, 건설, 도소매","새라클레이, 토공사,도장공사","2399, 4212","15A,28B","Saera Clay 공사재의 개발, 제조 및 토공사","Development, manufacture and earthworks of Saera Clay construction materials","충청북도 충주시 호암토성2로 1, 707동 503호 (호암동, 호암힐데스하임) ","#503, 707Dong, 1, Hoamtoseong 2-ro, Chungju-si, Chungcheongbuk-do, KOREA",,,,0,,,,,,,nkjgkr0516@hanmail.net,True
㈜이원켐텍,"E-WEON CHEMTECH Co., Ltd.",134-81-74240,,,유창윤,제조,"도료, 화공약품","2041, 2020",12B,절연 바니쉬(시) 및 불포화 폴리에스테르 수지의 개발 및 생산,Development and Production of Insulation Varnishes & Unsaturated Polyester Resins,"세종특별자치시 전의면 산단길 21-142 (관정리 699, 전의2일반산업단지)","21-142, Sandan-gil, Jeonui-myeon, Sejong-si, KOREA ",,,,0,,,,,,,,True
㈜엠바이지,"MbyG CO., LTD.",602-81-63718,,,강석원,제조,"하드웨어,소프트웨어장비, 배전반, 전기자동제어반","2721, 5822","19D,33B","1. 전기전자제품(항공기,잠수함, 함정용 RADAR, SONAR, 항법장치용 부품 및 유무선 통신장비)에 대한 개발, 제작 및 유지보수
2. 시험설비(자동시험설비, 시험용 Bench)에 대한 개발, 제작 및 유지보수
3. 소프트웨어의 개발, 공급 및 유지보수","1. Development, production and maintenance of electrical and electronic products (aircraft, submarines, ships RADAR, SONAR, navigation device parts and wired and wireless communication equipment)
2. Development, production and maintenance of test equipment (automatic test equipment, test bench)
3. Development, supply and maintenance of software","부산광역시 영도구 남항서로 42 (남항동3가, 3층)","42, Namhangseo-ro, Yeongdo-gu, Busan, KOREA ",,,,0,,,,,,,mby0102@hometax.go.kr,True
㈜아람정보통신,Aram information and communication,340-87-01698,,,유준희,건설/도.소매,정보통신공사.건축공사/정보통신장비.통신기기.및부품,4232,28C,정보통신공사의 시공,Construction of Information Telecommunication works,"대전광역시 유성구 왕가봉로 14, 103-1호 (노은동)","14, Wanggabong-ro, Yuseong-gu, Daejeon, KOREA ",,,,0,,,,,,,,True
㈜이지푸드,"Ez-food Co., Ltd.",123-86-35747,,,전붕재,"제조업, 도소매","냉동식품, 냉동식품유통",1071,03A,"냉동(치즈스틱, 빵류, 춘권롤, 도넛)품의 제조","Manufacture of selling frozen products (cheese sticks, breads, spring rolls, doughnuts)",충청북도 청주시 청원구 오창읍 두릉유리로 51-1,"51-1, Dureungyuri-ro, Ochang-eup, Cheongwon-gu, Cheongju-si, Chungcheongbuk-do, KOREA ",,,ez-food.co.kr,0,,,,,,,,True
㈜바른기업,"Baren Group Co., Ltd.",132-88-00270,,,이윤희,"부동산관리업, 건설업","건물종합관리용역,위생관리용역,건축공사","7410, 7412, 7422, 4231, 4220, 2842","35C,28C,28D,19A","1. 건물종합시설 관리 및 위생관리 서비스
2. 전기, 소방시설 공사 및 유지관리
3. CIGS 박막형 태양광 간이조명 설비의 제조","1. Comprehensive Building Management and Hygiene Management Services
2. Construction and Maintenance of Electricity and Fire-fighting Facilities
3. Manufacture of CIGS(Copper, Indium, Gallium, Selenide) Thin-Film Type Solar Power Simple Lighting Equipment","세종특별자치시 한누리대로 2009, 4층 415호(소담동, 펠리체타워2) ","#415, 2009, Hannuri-daero, Sejong-si, KOREA ",,,,0,,,,,,,allbaren@naver.com,True
㈜라눅스,"RALUX Co., Ltd.",221-81-32210,,,정재형,제조업,"조명기구, 가로등주, LED 광섬유 및 교통신호등 ",2842,19A,"형광등기구, 경관조명기구, 태양광조명기구, 가로등기구, 가로등주(철재, 스테인리스, 알루미늄, 복합형), 조명타워, 조명제어장치, 매입형 및 고정형 LED 등기구, LED 가로등 및 보안등기구, LED 경관조명기구, LED 터널등기구, LED 투광등기구, LED 센서등기구, LED 스포츠용 조명등의 생산","Production of  fluorescent light fixture, landscape lighting fixture, solar lighting fixture, street light fixture, street lamp pole (steel, stainless, aluminium, combination), Lighting tower, Lighting control unit, recessed and fixed LED luminaires and LED luminaires for road and street lighting, LED scene lighting, LED tunnel luminaires, LED flood lighting luminaire, LED sensor luminaries, LED Sports Lighting","강원도 춘천시 퇴계공단1길 56-9 (퇴계동, B동(퇴계농공단지내)) ","56-9, Toegyegongdan 1-gil, Chuncheon-si, Gangwon-do, KOREA",,,http://www.webhard.co.kr,0,,,,,,,ralux1211@gmail.com,True
㈜대일조선,"DAEIL SHIPYARD CO., LTD.",603-81-59196,,,이성우,제조,구조금속공업/선박수리업,3111,20A,"선박(선체 Block, Funnel casing, Deck house), 철구조물에 대한 생산 및 선박수리","Manufacture of Shipyard(Ship body Block, Funnel casing, Deck house), Steel Structure and Repair of Ship",부산광역시 사하구 감천항로405번길 101(구평동),"101, Gamcheonhang-ro 405beon-gil, Saha-gu, Busan, KOREA ",,,,0,,,,,,,di2311362@hanmail.net,True
새서울타올,New Seoul Tawel. Inc,306-31-65865,,,이선래,제조업,타월,1399,04A,타월의 제조,Manufacture of Tawel,대전광역시 대덕구 무지니1길 28(평촌동),"28, Mujini 1-gil, Daedeok-gu, Daejeon, KOREA",,,,0,,,,,,,sssunrae@naver.com,True
주식회사 태화공조산업,"TAEWHA AIRCONTROL Co., Ltd.",710-87-00388,,,양희봉,제조업,조립금속제품,2511,17B,조립금속 제품(덕트)의 제조,Manufacturing of assembled metal products (ducts),세종특별자치시 연서면 도신고복로 1113 ,"1113, Dosingobok-ro, Yeonseo-myeon, Sejong-si, KOREA",,,,0,,,,,,,,True
㈜월드그린,"World Green Co., Ltd.",255-81-00308,,,박수영,"제조업,도소매,서비스","기타임가공,산업용잡화,위생관리및소독","4649, 1392, 1391","29A,04B","1. 산업용잡화(청소용품) 판매 
2. 생활용품(기름걸레, 발매트)의 제조","1. Sales of manufactured goods (cleaning supplies)
2. Manufacturing household goods (oil mop, foot mat)",충청북도 청주시 청원구 우암로9번길 67 (우암동),"67, Uam-ro 9beon-gil, Cheongwon-gu, Cheongju-si, Chungcheongbuk-do, KOREA",,,,0,,,,,,,,True
명원타올,Myung Won Towel Co.,314-11-32601,,,김정순 외 1명,제조,타올,1399,04A,"타월, 면직물의 제조",Manufacturing of towels and cotton fabrics,충청남도 논산시 벌곡면 벌곡로 113-31 (신양리),"113-31, Beolgok-ro, Beolgok-myeon, Nonsan-si, Chungcheongnam-do, KOREA ",,,,0,,,,,,,kjs6666@esero.go.kr,True
㈜유미테크,"YOUME TECH CO., LTD.",314-81-24083,,,윤대일,"제조, 서비스",소프트웨어개발자문및교육,"5822, 6209","33B,33A",소프트웨어(네트워크)의 개발 및 서비스,Development and service of software (network),"대전광역시 유성구 가정로 218, 703호 (가정동, 한국전자통신연구원)","#703, 218, Gajeong-ro, Yuseong-gu, Daejeon, KOREA ",,,www.ymtech.co.kr,0,,,,,,,,True
㈜우창,"Woo Chang Co., Ltd",130-81-70368,,,김용갑,제조,"전기, 전자부품",2591,17B,프레스물 및 정밀판금제품(보일러 및 오디오용 케이스 류)의 생산 및 부가서비스,Production and additional service of press material and precision sheet metal products (boilers and audio cases),충청북도 음성군 삼성면 상곡로 159-13,"159-13, Sanggok-ro, Samseong-myeon, Eumseong-gun, Chungcheongbuk-do, KOREA ",,,,0,,,,,,,wooch570@wehago.com,True
케이앤케이테크㈜,K&K TECH INC.,140-81-57135,,,김용갑,제조,플라스틱 사출 및 금형,"2929, 2224","18A,14B",금형 및 플라스틱 사출품의 설계/개발 및 생산,Design / development and production of mold and plastic injection products,"경기도 시흥시 마유로70번길 47 (정왕동, 시화공단3마712호)","47, Mayu-ro 70beon-gil, Siheung-si, Gyeonggi-do, KOREA ",,,,0,,,,,,,,True
협신,Hyupshin Electricity Co.,210-01-52155,,,최해석,제조,엘리베이터 부품,2629,19B,전기전자 부품(엘리베이터용)에 대한 생산,Production of electrical and electronic parts (for elevators),경기도 화성시 비봉면 구포동길 139 (구포리),"139, Gupodong-gil, Bibong-myeon, Hwaseong-si, Gyeonggi-do, KOREA ",,,,0,,,,,,,,True
㈜아큐시스템,"Aqsystem Co., Ltd.",749-88-00893,,,허승필,제조업,반도체부품및장비제조업,2592,17B,"반도체 디스플레이 장비용 정밀 부품 가공(MCT, CNC)","Precision parts processing for semiconductor display equipment (MCT, CNC)",충청남도 아산시 음봉면 음봉로681번길 60,"60, Eumbong-ro 681beon-gil, Eumbong-myeon, Asan-si, Chungcheongnam-do, KOREA ",,,,0,,,,,,,aqsystem8621@naver.com,True
HIM,HIM Co.,606-05-60311,,,박진동,"제조, 도소매","기계제작, 기계부품","2927, 2612","18A,19B","기계부품(반도체, 의료, 항공, 산업)에 대한 설계, 개발 및 제조","Design, Development and Manufacturing of Equipment parts (Semiconductor, Medical, Aviation, Industry)",충청남도 천안시 서북구 직산읍 4산단5길 25-9 ,"25-9, 4sandan 5-gil, Jiksan-eup, Seobuk-gu, Cheonan-si, Chungcheongnam-do, KOREA",,,,0,,,,,,,,True
㈜제이원테크코리아,"J-one Tech Korea Co., Ltd.",448-86-00768,,,이승지,"도매, 제조업 ",금속구조물 제작 ,4659,29A,"금속성분분석기의 판매 및 유지, 보수","Sales, maintenance and repair of metal component analyzer",부산광역시 사상구 새벽시장로 37,"37, Saebyeoksijang-ro, Sasang-gu, Busan, KOREA ",,,,0,,,,,,,,True
㈜제이원테크코리아,"J-one Tech Korea Co., Ltd.",448-86-00768,,,이승지,"도매, 제조업 ",금속구조물 제작 ,4659,29A,"금속성분분석기의 판매 및 유지, 보수","Sales, maintenance and repair of metal component analyzer",부산광역시 사상구 새벽시장로 37,"37, Saebyeoksijang-ro, Sasang-gu, Busan, KOREA ",,,,0,,,,,,,,True
㈜원테크,"One Tech Co., Ltd.",312-86-25359,,,김민철,"제조업,건설업","수배전반,자동제어,분전반,전기공사","2812, 4231","19A,28C","수배전반, 분전반, 자동제어반, 프로세스 제어반의 설계, 개발, 생산 및 설치","Design, Development, Production and Installation of Power System Switch Board, Distributing Board, Automatic Control Panel and Process Control Panel",충청남도 천안시 서북구 성거읍 모전1길 292-56,"292-56, Mojeon 1-gil, Seonggeo-eup, Seobuk-gu, Cheonan-si, Chungcheongnam-do, KOREA ",,,,0,,,,,,,,True
주식회사 로보엔지니어링,"ROBO ENGINEERING CO., LTD.",314-81-76204,,,최동준,제조업,반도체부품가공및제작,2927,18A,LCD 및 반도체 제조용 장비의 설계 및 제작,Design and manufacture of equipment for LCD and semiconductor manufacturing,대전광역시 대덕구 평촌2길 60 (평촌동),"60, Pyeongchon 2-gil, Daedeok-gu, Daejeon, KOREA",,,,0,,,,,,,robo7111@hanmail.net,True
세미원,Semiconductor one Pte Ltd.,301-29-80626,,,강신복,제조업,반도체부품,2312,15A,반도체부품(석영)의 제조,Manufacturing of semiconductor parts (quartz),충청북도 진천군 덕산읍 옥동2길 14 (옥동리),"14, Okdong 2-gil, Deoksan-eup, Jincheon-gun, Chungcheongbuk-do, KOREA ",,,,0,,,,,,,ksb0864@naver.com,True
유한회사 광고시대,"A.D-AGE CO., LTD.",407-81-16681,,,정승화,"제조업, 건설",금속구조물창호공사,"2511, 4242","17B,28C",금속구조물의 제조 및 시공,metal structure window constrution and manufacturing,"전라북도 남원시 남문로 472, 2층(쌍교동)","2F, 472, Nammun-ro, Namwon-si, Jeollabuk-do, KOREA",,,,0,,,,,,,gd0082@hanmail.net/ysk9815@hanmail.net,True
주식회사 큐아이티,"QIT Co., Ltd.",135-86-21800,,,배정환,"제조업, 서비스","전기변환장치, 소프트웨어개발",2811,19A,"고전압/고주파수 전원장치, 아크탐지 시스템, 가스모니터링 시스템의 설계, 개발 및 제조","Design, Development and Manufacture of High voltage / High frequency power equiment, Arc detection systems, and Gas monitoring systems","경기도 수원시 영통구 대학4로 17, 402호 (이의동, 에이스광교타워1)","#402, 17, Daehak 4-ro, Yeongtong-gu, Suwon-si, Gyeonggi-do, KOREA ",,,www.bestqit.com,0,,,,,,,bestqit@bestqit.com,True
금강테크 주식회사,"Kumkang Tech Co., Ltd.",301-81-83150,,,임연수,제조업,윤활유 급유장치의 제조,2913,18A,윤활유 급유장치의 제조,Manufacture Lubricating oil supply device,충청북도 청주시 청원구 북이면 석성한천길 19,"19, Seokseonghancheon-gil, Bugi-myeon, Cheongwon-gu, Cheongju-si, Chungcheongbuk-do, KOREA",,,limys7@nate.com,0,,,,,,,limys70@nate.com,True
㈜코리아마그네슘,"Korea Magnesium. Co., Ltd.",608-81-98175,,,오재부,제조업,"마그네슘주물 주조,가공,압출",2432,17A,"전기전자부품, 가정용품 및 산업설비 부품에 대한 주조(방열판, 싱크망, 메가진렉)
","Casting for Electrical and Electronic parts, Household goods and Industrial Equipment parts(Heat sink, sink filter, magagine rack)",경상남도 창원시 마산회원구 자유무역2길 166 (양덕동),"166, Jayumuyeok 2-gil, Masanhoewon-gu, Changwon-si, Gyeongsangnam-do, KOREA ",,,,0,,,,,,, eco0039@hanmail.net,True
유성우레탄,YUSUNG ULETAN,622-02-87489,,,김정규,제조,"우레탄, 산업내장재","2225, 2020","14B,12B","자동차 및 중장비용 산업내장재(가스켓, EPDM Rubber)에 대한 생산","Production of Industrial Interior Materials (gaskets, EPDM rubber) for Automobiles and Heavy Equipment",경상남도 김해시 한림면 김해대로916번길 154-45 ,"154-45, Gimhae-daero 916beon-gil, Hallim-myeon, Gimhae-si, Gyeongsangnam-do, KOREA ",,,,0,,,,,,,us87489@hanmail.net,True
조인단조,Join Forging Co.,846-54-00393,,,조일수,제조업,열간단조(자동차부품외),2591,17B,"단조제품의 설계, 개발 및 제조 ","Design, Development and Manufacture of forged products",경상남도 밀양시 부북면 사포산단중앙로 131,"131, Saposandanjungang-ro, Bubuk-myeon, Miryang-si, Gyeongsangnam-do, KOREA",,,,0,,,,,,,joinforging@daum.net,True
㈜새일타크,"SAEILTACK CO., LTD.",617-81-39087,,,조양선,제조 외,"방청지, 특수가공지",1712,07A,방청 및 특수포장지의 생산,"Production of anti-rust paper and special wrapping paper
",부산광역시 기장군 정관읍 산단3로 101-7,"101-7, Sandan 3-ro, Jeonggwan-eup, Gijang-gun, Busan, KOREA",,,www.saeiltackj.co.kr,0,,,,,,,mmmm4486@nate.com,True
주식회사 지오피피제이에스바이오,"GOPPJSBIO Co., Ltd.",844-86-01567,,,이정석,"제조업, 도매 및 소매업","분사기 및 소화기, 화학살균살충제, 살균소독기계","2919, 2921, 2032, 4673","18A,12B,29A","1. 분사기 및 소화기, 살균소독기기, 화학살균살충제의 제조
2. 농업 및 임업용 기계의 제조
3. 농자재 및 첨가제의 도소매","1. Manufacturing of sprayers and fire extinguishers, sterilizing and disinfecting devices, and chemical disinfectants
2. Manufacturing of agricultural and forestry machinery
3. Wholesale and retail of agricultural materials and additives",광주광역시 광산구 손재로 436-39 (오선동),"436-39, Sonjae-ro, Gwangsan-gu, Gwangju, KOREA",,,,0,,,,,,,jsbio2020@daum.net,True
주식회사 송원스틸,"Songwon Steel Co., Ltd.",839-88-00648,,,조의진,제조업,1차 금속제품,2511,17B,기계 및 건축 구조용 철강재에 대한 가공,Processing of Pipe Steel for Machine & Architectural Structures,충청남도 당진시 순성면 틀모시로 211 (옥호리),"211, Teulmosi-ro, Sunseong-myeon, Dangjin-si, Chungcheongnam-do, KOREA",,,,0,,,,,,,songwonsteel@daum.net,True
㈜유원건설산업,"YU-WON CONSTRUCTION Co., Ltd.",489-87-00499,,,김동연,건설,건축공사,"4111, 4112",28A,주거용 및 비주거용 건물의 건축공사,Construction of residential and non-residential buildings,"대전광역시 유성구 대학로 53, 307호(봉명동, 솔리안)","#307, 53, Daehak-ro, Yuseong-gu, Daejeon, KOREA ",,,,0,,,,,,,,True
주식회사 대덕피앤텍,"Daedeok Pientech Co., Ltd.",732-87-01688,,,강병길,제조업,"금속열처리도금,도장 및 기타피막처리",2592,17B,비철 금속가공제품의 도장 및 피막처리,painting and coating of nonferrous metal processing products,대전광역시 대덕구 무지니2길 10 (평촌동),"10, Mujini 2-gil, Daedeok-gu, Daejeon, KOREA ",,,,0,,,,,,,kill5577@hanmail.net,True
주식회사 에어라파,"AIRAPHA Co., Ltd.",305-86-33341,,,김덕수,제조업,이미용기기제조업,"2223, 2851","14B,19A","이미용기기(분무기, 스팀기, 화장품)의 제조","Manufacture of beauty equipment (atomizer, steamer, cosmetics)","대전광역시 동구 대전천동로 632, 3층 (삼성동)","3rd floor, 632, Daejeoncheondong-ro, Dong-gu, Daejeon, KOREA ",,,https://www.airapha.com/,0,,,,,,,,True
피케이티,PKT Co.,706-02-00117,,,조용구,제조업,기계부품,2922,18A,"산업기계의 금속 부품 가공(CNC, MCT)","Metal Components Pricessing(CNC, MCT) of Industeial Machine",경상북도 구미시 산호대로 130-76 (공단동),"130-76, Sanho-daero, Gumi-si, Gyeongsangbuk-do, KOREA",,,,0,,,,,,,club2169@naver.com,True
코리아 이엔티,Korea ENT Co.,389-05-01116,,,서정원,제조업,"금형, 기계부품",2592,17B,"광학기기부품, 인덕터 기계부품, 반도체 설비부품의 가공","Processing optical parts, inductor machine parts, semiconductor equipment parts",충청북도 청주시 흥덕구 원터로 13-70 (송절동),"13-70, Wonteo-ro, Heungdeok-gu, Cheongju-si, Chungcheongbuk-do, KOREA ",,,,0,,,,,,,sjwyes@hanmail.net,True
㈜성원밸브,"SUNGWONVALVE CO., LTD.",137-86-35315,,,김정규,제조업,상하수도밸브,2913,18A,"상하수도의 밸브(스테인리스 제수밸브, 수도용 공기밸브, 소프트 실 슬루스(제수)밸브, 소프트 실 지수밸브, 버터플라이 밸브, 신축 관 이음, 부단수 할 정자관, 이탈방지 압륜, 밸브실, 철개, 보호통, 관 점검 세척구, 스트레이너, 소화전)에 대한 설계/개발 및 제조","Design, Development and Manufacture of water and sewage valves (stainless steel distillation valve, water supply air valve, soft seal sluice (distillation) valve, soft seal index valve, butterfly valve, expansion pipe joint, sperm pipe to be used in secondary stages, anti-separation pressure wheel, valve chamber, iron casing, protection box, pipe check washer, strainer, fireplug)","충청북도 음성군 삼성면 대청로 115, 가동 (가동 나동)","115, Daecheong-ro, Samseong-myeon, Eumseong-gun, Chungcheongbuk-do, KOREA ",,,http://www.sungwonvalve.co.kr/,0,,,,,,,sungwon2280@naver.com,True
㈜코어그린,"COREGREEN Co., Ltd.",419-88-01332,,,오창근,제조업,"식품제조, 가공",1030,03A,과실 및 채소류의 가공 및 저장,Processing and storage of fruits and vegetables,충청북도 충주시 칠지4길 10 (칠금동),"10, Chilji 4-gil, Chungju-si, Chungcheongbuk-do, KOREA 
",,,,0,,,,,,,,True
주식회사 광진하우징,"Gwangjin Housing Co., Ltd.",132-87-01137,,,윤영중,건설업,"금속구조물, 실내건축, 시설유지보수","4241, 4249",28C,실내건축공사 및 건축마무리 공사,Indoor construction work and architectural finishing work,충청북도 청주시 흥덕구 옥산면 소로길 36 ,"36, Soro-gil, Oksan-myeon, Heungdeok-gu, Cheongju-si, Chungcheongbuk-do, KOREA ",,,,0,,,,,,,kjhs1137@hanmail.net,True
㈜진흥염직,"Jinheung Dyeing Co., Ltd.",503-86-05473,,,권세웅,제조업,섬유임가공,1340,04A,섬유제품의 염색 및 가공,Dyeing and processing of textile products,대구광역시 서구 염색공단중앙로 112 (비산동),"112, Yeomsaekgongdanjungang-ro, Seo-gu, Daegu, KOREA",,,,0,,,,,,,starrich2016@naver.com,True
㈜진흥염직,"Jinheung Dyeing Co., Ltd.",503-86-05473,,,권세웅,제조업,섬유임가공,1340,04A,섬유제품의 염색 및 가공,Dyeing and processing of textile products,대구광역시 서구 염색공단중앙로 112 (비산동),"112, Yeomsaekgongdanjungang-ro, Seo-gu, Daegu, KOREA",,,,0,,,,,,,starrich2016@naver.com,True
주식회사 서안유통,"SEOAN DISTRIBUTION CO., LTD.",286-88-00621,,,권용선,도소매,가공식품류외,4631,29A,"식자재의 유통, 공급 및 판매","Distribution, supply and sale of food materials",대구광역시 북구 장태실길 29 (팔달동),"29, Jangtaesil-gil, Buk-gu, Daegu, KOREA ",,,,0,,,,,,,sayt7321@naver.com,True
㈜대일산업,"Daeil Industrial Co., Ltd.",620-81-42744,,,김명주,제조업,"자동차시트카바, 자동차부품",3039,18A,"자동차 내장부품(시트, 콘솔, 매트)의 생산","Production of automotive interior parts (seat, console, mat)",울산광역시 북구 약수8길 22 (중산동),"22, Yaksu 8-gil, Buk-gu, Ulsan, KOREA ",,,,0,,,,,,,,True
㈜씨에스메디칼,"CS Medical  Co., Ltd.",372-88-00543,,,조희원,제조업,의료기기,2719,19C,"의료기기의 설계, 개발 및 생산","Design, Development and Production of Medical Instrument",경기도 평택시 청북읍 현곡길 79-32 ,"79-32, Hyeongok-gil, Cheongbuk-eup, Pyeongtaek-si, Gyeonggi-do, KOREA ",,,,0,,,,,,,info@csmedical.co.kr,True
㈜장학,"JANG HAK CO., LTD.",221-81-25757,,,최한규,"제조,도매","가로등주,공원등주,펜스,금속구조물,철구조물",2842,19A,"가로등주(철제, 스테인레스, 알루미늄, 복합형), 경관조명기구, 가로등기구, 보안등기구, 태양광조명기구, 조명타워, LED가로등 및 보안등기구, LED 경관조명기구, 조명기구, 신호등주의 생산","Manufacture of Lighting Poles(Steel, Stainless, Aluminium, Combination), Scene Lighting, Street Lighting, Load Lighting, Solar Lighting, Lighting Tower, LED Luminaires for Road and Street Lighting, LED Scene Lighting, Lighting Equipments, Signal Light Pole",강원도 춘천시 동면 하일길 119 (장학리),"119, Hail-gil, Dong-myeon, Chuncheon-si, Gangwon-do, KOREA ",,,,0,,,,,,,janghak21@naver.com,True
주식회사 성심산업,"SUNG SIM INDUSTRIES CO., LTD.",312-86-08627,,,이건택,"제조, 건설업, 도소매","산업기계, 하수처리장치 및 구성품류, 판넬공사, 지붕판금공사, 기계설비공사업, 상하수도설비공사, 건축자재","2929, 2917",18A,"기계설비(공장자동화설비, 환경산업설비)에 대한 설계 및 제조","Design and Production of Machinery Equipment(Factory Automation, Environment Industrial Equipment)","충청남도 천안시 동남구 목천읍 응원1길 33-30, 1,2동 (응원리)","1, 2dong, 33-30, Eungwon 1-gil, Mokcheon-eup, Dongnam-gu, Cheonan-si, Chungcheongnam-do, KOREA ",,,www.ssmachine.co.kr,0,,,,,,,,True
농업회사법인 자연농산㈜,Jayeon Nongsan Co. Ltd.,559-88-00631,,,박영호,"작물재배, 식품제조업","콩나물, 숙주 재배 및 제조가공",1030,03A,"채소류(콩나물,숙주)의 가공 제조","Processed manufacturing of vegetables (bean sprouts, host)",경기도 이천시 호법면 동산로 353 ,"353, Dongsan-ro, Hobeop-myeon, Icheon-si, Gyeonggi-do, KOREA ",,,,0,,,,,,,dudghqr61@naver.com,True
㈜토르라이팅,"THOR LIGHTING CO., LTD.",227-81-18384,,,홍철호,"제조업, 도매및소매업","가로등주,경관조명,가로등기구외","2511, 2842","17B,19A","가로등주(철제, 스테인레스, 알루미늄, 복합형), 경관조명기구, 가로등기구, 보안등기구, 태양광조명기구, 조명타워, LED가로등 및 보안등기구, LED 경관조명기구, 조명기구, 형광등기구, 투광등기구, 매입형 및 고정형 LED등기구, LED 터널등기구, LED 투광등기구, 직관형 LED램프, LED 센서 등기구, 바닥형 보행신호등의 생산","Manufacture of Street lamp poles (iron, stainless steel, aluminum, composite), landscape lighting fixtures, street lighting fixtures, security lighting fixtures, solar lighting fixtures, lighting towers, LED streetlights and security lighting fixtures, LED landscape lighting fixtures, lighting fixtures, fluorescent lighting fixtures, floodlight fixtures, Production of embedded and fixed LED lighting fixtures, LED tunnel lighting fixtures, LED floodlight fixtures, straight tube LED lamps, LED sensor luminaires, Crosswalk floor type pedestrian traffic light",강원도 속초시 농공단지길 90 (대포동),"90, Nonggongdanji-gil, Sokcho-si, Gangwon-do, KOREA ",,,,0,,,,,,,thor0104@chol.com,True
탑라이트㈜,"TOP LIGHT CO., LTD.",124-81-66739,,,김한대,제조업,"형광기기,전기기기",2841,19A,형광등기구 및 LED 등기구에 대한 생산,"Manufacture of Lighting Fittings for Fluorescent Lamps, Recessed LED Luminaires and Fixed LED Luminaires",경기도 화성시 정남면 덕절창말길 87 (덕절리),"87, Deokjeolchangmal-gil, Jeongnam-myeon, Hwaseong-si, Gyeonggi-do, KOREA ",,,,0,,,,,,,hstoplight@naver.com,True
주식회사 더크린,"The Clean Co., Ltd.",714-87-00696,,,김북주,"서비스, 제조, 도소매","방역기, 살균, 탈취제, 위생용품, 안전용품, 방역기기, 청소, 시설관리, 위생용역, 위생점검, 소독업, 전자상거래, 경영, 교육컨설팅, 지사모집","2919, 4659","18A,29A","위생 방역기의 제조, 도매 및 소매","Manufacturing, wholesale and retail of sanitary quarantine machine","광주광역시 광산구 월계로 223-19, 2층 201, 202호(쌍담동, 한양에드가 1차)","2F , 223-19, Wolgye-ro, Gwangsan-gu, Gwangju, KOREA ",,,,0,,,,,,,,True
에스와이정공 주식회사,"SY Precision Co., Ltd.",561-87-01349,,,하정자,제조업,정밀기계가공,"2914, 3033",18A,"산업기계 부품(기어박스, 케이싱)에 대한 정밀가공 및 부가서비스","Precision processing and additional services for industrial machinery parts (gear box, casing)",경상남도 함안군 가야읍 남문길 43,"43, Nammun-gil, Gaya-eup, Haman-gun, Gyeongsangnam-do, KOREA ",,,,0,,,,,,,,True
다인안전산업,Dain Safety Industry,464-06-00676,,,정우돈,제조업,선박임가공,4213,28C,"비계 및 기자재 시공, 점검, 유지 및 보수","Construction, inspection, maintenance and repair of scaffolding and equipment",울산광역시 동구 방어진순환도로 1000 ,"1000, Bangeojinsunhwando-ro, Dong-gu, Ulsan, KOREA",,,,0,,,,,,,,True
㈜엠. 티. 에스,"MTS Co., Ltd.",615-81-23712,,,곽상기,제조,"자동조정및 제어장치, 공기조화,산업용냉장및냉동장치",2917,18A,"1. 냉장고 및 냉동공조시스템 부품(Suction Pipe, Joint Pipe, Evaporator, Accumulator, Strainer, Muffler, Distributor, Coupling, Oil Separator, Filter Drier and Receive Tank)에 대한 생산
2. 일체형냉동기(공냉식, 수냉식) 및 지열 히트펌프에 대한 설계, 개발 및 생산","1. Manufacture of Suction Pipe & Joint Pipe, Evaporator, Accumulator, Strainer, Muffler, Distributor, Coupling, Oil Separator, Filter Drier, Receive Tank for Refrigerator and Air Conditioning System Parts
2. Design, Development and Manufacture of Package Type Chiller(Air Cooling Type, Water Cooling Type) and Geothermal Heat Pump",경상남도 김해시 진영읍 하계로240번길 99 (하계리),"99, Hagye-ro 240beon-gil, Jinyeong-eup, Gimhae-si, Gyeongsangnam-do, KOREA ",,,,0,,,,,,,jjss1191@mtssys.co.kr,True
㈜영진전기통신,"Youngjin Telecommunications Co., Ltd.",433-88-00440,,,함춘모,"건설업, 제조업","정보통신공사업,CCTV.방송.음향기기","2642, 4232","19B,28C","1. CCTV 시스템 및 방송장비의 제조, 설치 및 유지보수
2. 정보통신공사의 시공","1. Manufacturing, installation and maintenance of CCTV system and broadcasting equipment
2. Construction of Telecommunication Works","충청북도 청주시 서원구 남이면 양촌3길 60, 102호","102, 60, Yangchon 3-gil, Nami-myeon, Seowon-gu, Cheongju-si, Chungcheongbuk-do, KOREA ",,,없음,0,,,,,,,ham742002@naver.com,True
주식회사 토리든,"Torriden Co., Ltd.",760-86-00222,,,권인구,"제조업, 도소매업",화장품,4791,29A,"화장품(스킨 케어, 바디 케어, 헤어 케어 및 파우더 제품)의 판매","Wholesale and retail of Skin care, Body care, Hair care and Powder Product","대전광역시 서구 도안북로93번길 10-3, 2층 (도안동)","10-3, Doanbuk-ro 93beon-gil, Seo-gu, Daejeon, KOREA",,,www.toriden.com,0,,,,,,,,True
㈜부용,"BUYONG Co., Ltd.",607-81-76125,,,신수범,제조 외,봉제품임가공 외,1419,04B,"스포츠 의류(앞치마, 보호대 및 다이어트복)에 대한 생산","Production of sports clothing (aprons, guards and diet clothes)",부산광역시 동래구 석사북로 69-1 (온천동),"69-1, Seoksabuk-ro, Dongnae-gu, Busan, KOREA ",,,http://www.buyong.co.kr/,0,,,,,,,,True
에스아이씨㈜,"SIC Co., Ltd.",461-87-01165,,,"박열, 김수병",제조 외,"산업기계, 자동화설비 외","2413, 2912, 2811","17A,18A,19A","후육관 설비, 단/복관 설비, 유압장치, 산업응용장치 및 신재생에너지 설비의 설계, 개발, 생산 및 설치","Design, development, production and installation of JCO LSAW Pipe Facilities, Circumference Welding Pipes Facilities, Hydraulic Equipment, Industrial Equipment, Renewable Energy Facilities",경상남도 김해시 진영읍 하계로240번길 93-26 ,"93-26, Hagye-ro 240beon-gil, Jinyeong-eup, Gimhae-si, Gyeongsangnam-do, KOREA",,,www.skmic.co.kr,0,,,,,,,sk6544@hanmail.net,True
에스엠아이 주식회사,"Smart Innovation Co., Ltd.",160-81-01504,,,김덕현,제조,산업기계개발 및 제작,2919,18A,"산업용 기계의 설계, 개발, 제조 및 서비스","Design, development, manufacture and service of industrial machinery",대전광역시 대덕구 문평동로 41-32 (문평동),"41-32, Munpyeongdong-ro, Daedeok-gu, Daejeon, KOREA ",,,,0,,,,,,,,True
㈜엔바이온,"ENBION CO., LTD.",306-81-34085,,,이현재,"제조업, 서비스","기체여과기, 에너지, 환경소재및장비개발, 환경관련기술용역","2917, 4122","18A,28B","환경플랜트 및 소재에 대한 설계, 개발, 제조, 시공 및 부가서비스","Design, Development, Manufacture, Installation and Servicing of Environmental Plant & Material",대전광역시 유성구 테크노2로 275 (탑립동),"275, Techno 2-ro, Yuseong-gu, Daejeon, KOREA ",,,www.enbion.com,0,,,,,,,,True
주식회사 디아이이앤씨,"DIENC Co., Ltd.",402-86-01932,,,노승남,건설업,"정보통신공사,전기공사","4232, 4231",28C,전기 및 통신공사의 시공,Electricity and communication construction,"경기도 부천시 소향로13번길 14-11, 203호 (상동, 대야하이빌)","#203, 14-11, Sohyang-ro 13beon-gil, Bucheon-si, Gyeonggi-do, KOREA ",,,www.dienc2013.com,0,,,,,,,,True
주식회사 첫마음푸드시스템,First mind food system Co.,725-81-03217,,,윤기복,제조업 외,식육포장 외,"4631, 4632",29A,"식자재의 유통, 공급 및 판매","Distribution, supply and sale of food materials",세종특별자치시 장군면 대학길 92 ,"92, Daehak-gil, Janggun-myeon, Sejong-si, KOREA",,,,0,,,,,,,ykb8895@naver.com,True
주식회사 이에스알그래핀,"ESRGRAPHENE Co., Ltd.",677-86-01666,,,이홍균 회장,제조업,건축용플라스틱제작 및 도소매,1322,04A,마스크의 제조,Manufacture of a Mask,"서울특별시 구로구 디지털로34길 55, 801호 (구로동, 코오롱싸이언스밸리2차)","55, Digital-ro 34-gil, Guro-gu, Seoul, KOREA  ",,,www.esrgraphene.com,0,,,,,,,,True
주식회사 셀트론,CELLTRON Inc,208-88-00242,,,정영문,"제조업, 도소매업",반도체장비제조,2612,19B,"반도체 장비의 설계, 개발 및 제조","Design, development and manufacturing of semiconductor equipment",경기도 화성시 정남면 신백길 102-3 (신리),"102-3, Sinbaek-gil, Jeongnam-myeon, Hwaseong-si, Gyeonggi-do, KOREA",,,www.seltron.co.kr,0,,,,,,,ymjung@seltron.co.kr,True
주식회사 티에이에스,"TAS Co., Ltd.",597-81-01521,,,오태호,"제조, 도소매업",LCD 장비 부품 제조업,1322,04A,"마스크(수술용, 보건용, 1회용 부직포)에 대한 제조","Manufacture of masks (surgery, health care, disposable non-woven fabric)",충청남도 천안시 서북구 직산읍 신갈1길 127 ,"127, Singal 1-gil, Jiksan-eup, Seobuk-gu, Cheonan-si, Chungcheongnam-do, KOREA",,,,0,,,,,,,ohtaeho@naver.com,True
㈜영축이엔지,"Young-Chuk Engineering Co., Ltd.",836-87-01239,,,정규홍,"서비스, 건설업","토목기술용역(재하시험, 지반조사, 계측), 경미한공사","7212, 7512","34A,35C","토목기술용역(재하시험, 지반조사, 계측)","Civil engineering service (loading test, ground investigation, measurement)","전라북도 완주군 삼례읍 웃삼례길 39-5, 2층","2F, 39-5, Utsamnye-gil, Samnye-eup, Wanju-gun, Jeollabuk-do, KOREA ",,,,0,,,,,,,,True
주식회사 해피데이,"Happyday Co., Ltd.",246-81-01623,,,김슬기 / 박범순,제조업외,마스크외,"1321, 1322",04A,"물티슈, 마스크 개발 및 제조",Development and manufacture of wet wipes and masks,"대전광역시 대덕구 신일서로 75, 사무동 지하1층, 1층 101호, 2층 201호(신일동)","75, Sinilseo-ro, Daedeok-gu, Daejeon, KOREA",,,,0,,,,,,,bcw7733@naver.com,True
주식회사 해피데이,"Happyday Co., Ltd.",246-81-01623,,,김슬기 / 박범순,제조업외,마스크외,"1321, 1322",04A,"물티슈, 마스크 개발 및 제조",Development and manufacture of wet wipes and masks,"대전광역시 대덕구 신일서로 75, 사무동 지하1층, 1층 101호, 2층 201호(신일동)","75, Sinilseo-ro, Daedeok-gu, Daejeon, KOREA",,,,0,,,,,,,bcw7733@naver.com,True
주식회사 에스피씨머트리얼즈그룹,"SPC Materials Group Co., Ltd.",209-81-65481,,,김복현,제조,"신뢰성시험재료,소모성자재,필터,화학제품","2221, 2229",14B,신뢰성시험용 아크릴몰드 세트에 대한 생산,Production of Acrylic Mold Sets for Reliability Testing,"충청남도 천안시 서북구 직산읍 직산로 136, 3103호 (충남테크노파크 번영관)","136, Jiksan-ro, Jiksan-eup, Seobuk-gu, Cheonan-si, Chungcheongnam-do, KOREA ",,,,0,,,,,,,,True
㈜빈코넷마린솔루션스,"Binconet Marine Solutions Co., Ltd.",621-81-93697,,,김성섭,제조업,조선기자재,3111,20A,"선박 및 해양기자재(무정전 전원장치, 정류기, 제어반, 수배전반, Maritime Computing Solution)에 대한 설계, 개발 및 생산","Design, Development, Manufacture of Marine Product and System(UPS, Rectifier, Control Panel, MSBD and Maritime Computing Solution)",부산광역시 기장군 장안읍 장안산단6로 35-4,"35-4, Jangansandan 6-ro, Jangan-eup, Gijang-gun, Busan, KOREA",,,,0,,,,,,,,True
㈜영폴리머,"YOUNG POLYMER CO., LTD.",621-81-15411,,,오희석,"제조, 제조업",엔지니어링프라스틱기능성컴파운드개발 외,"2221, 2222",14B,"PVC(Polyvinyl Chloride) COMPOUND, PVC(PolyvinylChloride) MOLDING, DRAIN HOSE, COVER, NYLON TUBE, PP(PolyPropylene) BRAKET 및 TPV(ThermoPlastic Vulcanizates) TUBE의 생산","Production of PVC(Polyvinyl Chloride) COMPOUND, PVC(Polyvinyl Chloride) MOLDING, DRAIN HOSE, COVER, NYLON TUBE, PP(PolyPropylene) BRAKET and TPV(ThermoPlastic Vulcanizates) TUBE",부산광역시 기장군 정관읍 농공길 13-72 ,"13-72, Nonggong-gil, Jeonggwan-eup, Gijang-gun, Busan, KOREA",,,http://www.yplm.co.kr/,0,,,,,,,,True
더블유피,WP,312-32-57765,,,정보창,"제조업, 도소매","전원장치, 용접기등, 디스플레이장치, 기타일반소매",2890,19A,"SCR, CO2 용접 장비의 제조","Manufacturing of SCR, CO2 welding equipment controller","충청남도 천안시 서북구 직산읍 직산로 136, 2201호(벤처관)","#2201, 136, Jiksan-ro, Jiksan-eup, Seobuk-gu, Cheonan-si, Chungcheongnam-do, KOREA ",,,,0,,,,,,,sig00sig00@naver.com,True
엔에스엘테크,NSL TECH,414-53-00433,,,공순란,"도소매, 제조업","디스플레이, 자동차부품",2890,19A,TIG용접 및 용접 장비의 제작,Fabrication of TIG welding and welding equipment,"충청남도 천안시 서북구 직산읍 직산로 136, 벤처관 2205호 ((재)충남테크노파크천안밸리)","#2205, 136, Jiksan-ro, Jiksan-eup, Seobuk-gu, Cheonan-si, Chungcheongnam-do, KOREA ",,,,0,,,,,,,nsl2507@naver.com,True
주식회사 정광스틸,"JEONGGWANG STEEL Co., Ltd.",362-88-00304,,,백채환,제조업,철근 가공,2419,17A,철근의 절단 및 절곡,The Cutting and Bending of Reinforced steels ,전라북도 군산시 산단남북로 134-25 (오식도동),"134-25, Sandannambuk-ro, Gunsan-si, Jeollabuk-do, KOREA ",,,,0,,,,,,,jgs7138@naver.com,True
비제이씨푸드,BJ SEAFOOD ,554-56-00125,,,정범진,제조업,식품제조가공,"1021, 1022",03A,"식품(수산물, 농산물)의 가공 및 포장","Processing and Packaging of Food (fishery products, agricultural products)","대전광역시 대덕구 대전로1076번길 14, 3층 (오정동)","14, Daejeon-ro 1076beon-gil, Daedeok-gu, Daejeon, KOREA ",,,,0,,,,,,,bjseafood@naver.com,True
㈜에스엠티,"SMT CO., LTD.",609-81-91044,,,이정원,제조,"자동차부품, 소화기 제조","2919, 2049","18A,12B",소화기 및 소화액에 대한 생산,"fire extinguisher, manufacture for digestive fluid",경상남도 창원시 진해구 남영로564번길 29 (남양동),"29, Namnyeong-ro 564beon-gil, Jinhae-gu, Changwon-si, Gyeongsangnam-do, KOREA ",,,,0,,,,,,,,True
주식회사 하이테크미디어,"HITECHMEDIA Co., Ltd.",754-87-00812,,,강윤원,"건설업, 제조업, 도소매, 서비스","정보통신공사, 네트웍공사, 전광판, LED조명 생산, 시공, 설치업, 영상디스플레이 장치 제조업, CCTV, 방송장비 생산, 시공, 설치업, 방송장비 및 CCTV장비 납품, 소프트웨어개발 및 공급, 컴퓨터유지보수","2651, 2642",19B,"LED전광판, 영상정보장치, CCTV, 버스안내시스템의 개발 및 제조","Development and manufacture of LED display, video information system, CCTV, and bus information system","충청남도 천안시 서북구 직산읍 직산로 136, 3308호(충남테크노파크 생산관)","#3308, 136, Jiksan-ro, Jiksan-eup, Seobuk-gu, Cheonan-si, Chungcheongnam-do, KOREA ",,,http://hitechmedia.co.kr,0,,,,,,,,True
대연식품,Daeyeon Food Co.,305-23-25021,,,황병현,제조업,떡류제조,1071,03A,떡류의 제조,Manufacture of rice cakes,충청북도 증평군 증평읍 쇠마루2길 36,"36, Soemaru 2-gil, Jeungpyeong-eup, Jeungpyeong-gun, Chungcheongbuk-do, KOREA ",,,,0,,,,,,,,True
㈜충무타올,"CHUNGMU TOWEL Co., Ltd.",617-87-00342,,,김상범,섬유제품제조업,타올,"1399, 1340",04A,타월의 개발 및 제조,Development and Manugacture of Towel,대전광역시 대덕구 방두말3길 8 (평촌동),"8, Bangdumal 3-gil, Daedeok-gu, Daejeon, KOREA ",,,cmtowel@hanmail.net,0,,,,,,,,True
㈜재생정유,"Recycling oil refining Co., Ltd.",137-**-*****,,,고정유,,,1922,10A,윤활유 및 그리스 제조,Manufacture of lubricating oils and greases ,인천광역시 서구 건지로00번길 00,"00, Geonji-ro 00beon-gil, Seo-gu, Incheon, KOREA ",,,,0,,,,,,,,True
㈜이가도어산업,"Iga Door Industry Co., Ltd.",756-81-00873,,,정범철,"제조업, 건설업, 도소매","도어 하드웨어, 도어제조, 안전도어, 인테리어공사, 도어판매",2593,17B,안전 도어 및 시스템의 제조,Manufacture of safety doors and systems,"충청남도 천안시 서북구 직산읍 직산로 136, 2304호(충남테크노밸리 번영관)","#2304, 136, Jiksan-ro, Jiksan-eup, Seobuk-gu, Cheonan-si, Chungcheongnam-do, KOREA ",,,,0,,,,,,,bcj0431@momms.net,True
(유)지성유통,"JISEONG DISTRIBUTION Co., Ltd. ",151-88-00965,,,김창대,도매 및 소매업,슈퍼마켓,4712,29A,"농산물, 수산물, 축산물, 기타 식품류 도매 및 소매업","wholesale and retailing of agricultural products, fishery products, livestock products, and other food products","전라북도 전주시 덕진구 벚꽃로 57, 상가동 149호 (진북동, 우성아파트상가)","57, Beotkkot-ro, Deokjin-gu, Jeonju-si, Jeollabuk-do, KOREA ",,,,0,,,,,,,,True
㈜엔디엘,"NDL Co., Ltd.",347-87-01480,,,방은영,제조업,"디스플레이,반도체 기계 제조업 ",2927,18A,디스플레이 및 반도체 제조용 기계의 설계 및 제조,Design and Manufacture of display component and semi-conductor manufacturing machinery ,"대전광역시 유성구 유성대로 1646, 이노비즈파크 407호 (전민동, 한남대대덕밸리캠퍼스)","#407 Inobiz Park, 1646, Yuseong-daero, Yuseong-gu, Daejeon, KOREA ",,,www.ndl.co.kr,0,,,,,,,,True
주식회사 인투시,"INTOSEE Co., Ltd.",231-88-01071,,,오재환,"제조업, 도소매업","가구설계 및 제조, 일반장비 부품,",2621,19B,기능성 투시도어의 개발 및 제조,Development and Manufacture of Functional Perspective,"충청남도 천안시 서북구 직산읍 직산로 136, 1301호(삼은리, 충남테크노파크천안밸리 창업보육센터 생산관)","#1301, 136, Jiksan-ro, Jiksan-eup, Seobuk-gu, Cheonan-si, Chungcheongnam-do, KOREA ",,,,0,,,,,,,,True
주식회사 디큐에너지,"DQ ENERGY Co., Ltd.",872-87-01744,,,김주영,"제조업, 도매 및 소매업","디스플레이소재 및 부품 개발, 자동차 소재부품 개발, 퀜덤 이용 헬스사업, 장치개발, 바이오관련 기술 및 제품 개발, 플라즈마 응용기술 미세먼지 저감장치 개발, 플라즈마 응용기술 미세먼지 저감장치","2927, 2929",18A,퀸텀 소재기술의 제품 제조,Manufacture of Products in Quintam Materials Technology,"충청남도 천안시 서북구 직산읍 직산로 136, 생산관 2108호","136, Jiksan-ro, Jiksan-eup, Seobuk-gu, Cheonan-si, Chungcheongnam-do, KOREA ",,,,0,,,,,,,,True
나인테크놀로지,NINE TECHNOLOGY,814-15-01232,,,권순호,서비스,하도급,"2812, 2721","19A,19D",산업자동화시스템의 제조,Manufacturing of Industrial Automation System,"충청남도 천안시 서북구 직산읍 직산로 136, 2307호((재)충남테크노파크천안밸리 창업보육센터 벤처관)","#2307, 136, Jiksan-ro, Jiksan-eup, Seobuk-gu, Cheonan-si, Chungcheongnam-do, KOREA",,,,0,,,,,,,,True
㈜한진조명,"HANJIN CO., LTD.",130-87-05398,,,김영길,제조업,"조명기구,가로등주,조명타워","2842, 2721, 2511","17B,19A,19D","형광등기구, 경관조명기구, 태양광조명기구, 투광등, 수중등, 가로등기구, 가로등주(철재, 스테인리스, 알루미늄, 복합형), 조명타워, 조명제어장치, 매입형 및 고정형 LED 등기구, LED 센서등기구, LED가로등 및 보안등기구, LED 터널등, LED 경관조명기구, LED 투광등기구, LED 수중등기구, LED 지중등기구, 무대조명기구의 생산","Manufacture of Lighting Fittings For Fluorescent Lamps, Scene Lighting, Solar Lighting, Flood Lighting, Underwater luminaires, Road Lighting, Street Lighting, Lighting Poles(Steel, Stainless, Aluminium, Combination), Lighting Tower, Lighting Control Devices, LED Landscape lighting and Recessed and Fixed LED Luminaries, LED sensor Luminaires, LED Luminaires for Road and Street Lighting, LED Tunnel Lighting, LED Scene Lighting, LED Flood-Lighting Luminaires, LED Underwater Luminaires, LED Ground Recessed Luminaires, Stage Lighting Luminaires",경기도 부천시 조마루로411번길 57 (원미동),"57, Jomaru-ro 411beon-gil, Bucheon-si, Gyeonggi-do, KOREA ",,,,0,,,,,,,hanjinlight@hanmail.net ,True
㈜뉴엘,"Newel Co., Ltd.",621-88-01600,,,권재형,제조업,"의료용모터, 각종모터","3033, 2811, 3011","18A,19A,22A","모터(자동차용, 안마기용)에 대한 설계, 개발 및 생산","Design, development and production of motors(automobiles, massager)",경상남도 김해시 한림면 안하로 268-3,"268-3, Anha-ro, Hallim-myeon, Gimhae-si, Gyeongsangnam-do, KOREA ",,,,0,,,,,,,newel20@daum.net,True
엔지니어링두림㈜,"Engineering Doorim Co., Ltd.",301-81-73856,,,김화영,제조,구조용금속판제품,2511,17B,철골구조물의 제조,Manufacturing of steel structure,충청북도 청주시 청원구 북이면 용계내추로 124,"124, Yonggyenaechu-ro, Bugi-myeon, Cheongwon-gu, Cheongju-si, Chungcheongbuk-do, KOREA ",,,,0,,,,,,,,True
주식회사 엠케이,"MK Co., Ltd.",338-88-00960,,,변무영,제조업,컴퓨터 시스템 통합 자문 및 구축 서비스 제조업 ,"2929, 6312","18A,33B","워셔액 즉석 생성기, 충전 카트리지의 개발 및 제조 / 인공지능 플랫폼의 개발 및 서비스",Development and Manufacture of Washer Fluid Instant Generator and Cartridge / Development and Service of AI Platform,세종특별자치시 부강면 노호등곡로 41-11,"41-11, Nohodeunggok-ro, Bugang-myeon, Sejong-si, KOREA",,,www.mklc.co.kr,0,,,,,,,,True
주식회사 세컨세일,"SECONDSALE CO., LTD.",414-87-01077,,,박창훈,도소매,전자상거래업,"4641, 4642, 4649",29A,"명품(가방, 신발, 의류, 액세서리)의 유통 및 공급","Distribution and supply of luxury goods(bags, shoes, clothing, accessories)","대전광역시 서구 둔지로36, 403-1호(둔산동)","36, Dunji-ro, Seo-gu, Daejeon, KOREA ",,,http://secondsale.co.kr,0,,,,,,,,True
주식회사 승일,SEUNG-IL Corporation,137-81-01955,,,현창수,제조,"제관, 식품용기포장지","2041, 2599","12B,17B","승일 천안사업장 : 에어졸 캔, 에어졸 발브, 에어졸 액츄레이터에 대한 생산
승일 음성사업장 : 에어졸 원액, 에어졸 충전 및 알루미늄 캔에 대한 생산
승일 인천사업장 : 제품 저장용 캔에 대한 생산","SEUNGIL CHEONAN PLANT : Manufacture of Aerosol Can, Aerosol Valve and Aerosol Actuator 
SEUNGIL EUMSEONG PLANT : Manufacture of Aerosol Solution, Charged Aerosol and Aluminium Can
SEUNGIL INCHEON PLANT : Manufacture of Empty Can
",충청남도 천안시 서북구 직산읍 4산단1길 10,"10, 4sandan 1-gil, Jiksan-eup, Seobuk-gu, Cheonan-si, Chungcheongnam-do, KOREA ",,,,0,,,,,,,uijin@seungilcan.co.kr,True
삼화제지㈜,"SAMWHA PAPER CO., LTD.",317-81-26964,,,김연호,제조업,"지류,한지",1712,07A,"특수팬시지, 백상지, 잉크젯용지, 경면도공지, 식품용기지 및 도공지의 설계, 개발 및 생산","Design, Development and Production of Special Fancy Paper, Wood Free Paper, Ink Jet Paper, Cast Coated Paper, Food Package and Coated Paper",충청북도 청주시 흥덕구 옥산면 오산가좌로 415-14 ,"415-14, Osangajwa-ro, Oksan-myeon, Heungdeok-gu, Cheongju-si, Chungcheongbuk-do, KOREA",,,,0,,,,,,,,True
주식회사 평화정공,PYEONGHWA Precision & Engineering,401-81-35322,,,김종민,제조,선박구성부품조립및제작,"3111, 2511, 2512, 4213","20A,17B,28C","1. 선박구성부품 및 압력용기의 제조
2. 강구조물 제작 및 시공","1. Manufacture of ship components and pressure vessels
2. Fabrication and Construction of Steel Structures",전라북도 군산시 동가도길 20-31 (오식도동),"20-31, Donggado-gil, Gunsan-si, Jeollabuk-do, KOREA ",,,,0,,,,,,,,True
㈜소하테크,"SOHA TECH CO., LTD.",217-81-18219,,,윤득중,"제조업, 제조","전자기기외, 기계장비","2917, 2629","18A,19B","CO2 센서, CO2 측정기, 수위조절기, 레벨센서, RF 원격제어, ICT 원격제어시스템, 무동력 약품투입기, 기초물리실험장치(환경측정 실험센서) 및 ICT 스마트팜시스템에 대한 설계, 개발 및 생산","Design, Development and Manufacture of Co2 Sensor, Co2 Measuring Instrument, Water Level Controller, Level Sensor, RF Remote Control Design, ICT Remote Control System, Non Powered Chlorine Feeder, Experimental Equipment of Fundamental Physics and ICT Smartfarm System","서울특별시 노원구 노원로15길 10, 공장동 A403, A404호 (하계동, 하계테크노타운)","Suite 404, 403, Hagye Techno Town A-dong, 10, Nowon-ro 15-gil, Nowon-gu, Seoul, KOREA",,,,0,,,,,,,soha@soha-tech.com,True
오롬 주식회사,"OROM Co., Ltd.",202-81-37645,,,이호열,"제조, 출판, 도매","인쇄, 컴퓨터출판인쇄",1811,09A,"출판 및 인쇄(고급 비즈니스 문구, 기획편집인쇄)에 대한 설계, 개발, 생산 및 서비스","Design, Development, Production and Services of Publishing and Printing",서울특별시 중구 서애로 23 (필동3가),"23, Seoae-ro, Jung-gu, Seoul, KOREA",,,,0,,,,,,,,True
㈜성아엠이씨,"SUNGAH M.E.C CO., LTD.",211-81-89282,,,"조남국, 김두재 ",서비스,TAB기술용역업,7211,34A,"기계설비(공기조화, 위생, 소방설비)에 대한 설계 및 TAB","Design and T.A.B for HVAC(Heating, Ventilating & Air-conditioning), Plumbing, Fire Protecting","서울특별시 강남구 개포로22길 76, 201호 (개포동, 정다운빌딩)","2F, #76, Gaepo-ro 22-gil, Gangnam-gu, Seoul, KOREA",,,,0,,,,,,,,True
주식회사 센추리산업,"CENTURY INDUSTRY CO., LTD.",312-86-66651,,,이휘동,제조업외,산업용냉장 및 냉동장비 제조업외,2917,18A,"냉동기, 냉온수기, 냉각탑, 항온항습기, 공기조화기, 에어컨의 제조, 설치 및 유지보수","Manufacture, Installation and Maintenance Service of Refrigerator, Cold and Hot water Dispensers, Cooling Tower, Constant Temperature & Humidity Machine and Air Condotioner","충청남도 천안시 서북구 2공단5로 52, 지하1층 B121호, B122호, B123호(차암동, 룩소르 퍼스트 비즈타워 천안 지식산업센터)","52, 2gongdan 5-ro, Seobuk-gu, Cheonan-si, Chungcheongnam-do, KOREA",,,,0,,,,,,,century@century-korea.com,True
와이제이중공업 주식회사,"YJ Heavy Industry Co., Ltd.",364-81-01955,,,윤정훈,제조업,"산업기계 및 플랜트, 조선기자재","2511, 2924","17B,18A","1. 철구조물(조선용)의 제조
2. 산업플랜트 및 산업기계의 제조","1. Manufacturing of steel structures (for shipbuilding)
2. Manufacturing of industrial plants and industrial machinery",경상남도 김해시 한림면 김해대로1031번안길 62 ,"62, Gimhae-daero 1031beonan-gil, Hallim-myeon, Gimhae-si, Gyeongsangnam-do, KOREA",,,,0,,,,,,,,True
㈜신흥,"SHIN HUNG CO., LTD.",613-81-00391,,,강 웅,제조,타이어 및 튜브,2211,14A,"본사: 이륜자동차용 타이어, 농경용, 산업용, 경트럭, 소형트럭용, T 타입 응급용 타이어에 대한 설계, 개발, 생산 및 부가서비스
(EM)사봉공장: 혼련고무(FMB, CMB)의 제조","Q/EM 본사: Design, development, production and additional services for tires for two-wheeled vehicles, agricultural, industrial, light trucks, small truck tires and Type T Tyres for emergency
EM(Sabong Plant): Manufacture of kneaded rubber (FMB, CMB)",경상남도 진주시 대신로 150 (상평동),"150, Daesin-ro, Jinju-si, Gyeongsangnam-do, KOREA",,,,0,,,,,,,ejumdong@hanmail.net     ,True
신승전기㈜,"SINSUENG ELECTRIC CO., LTD.",608-81-32891,,,김태근,제조,전기기기,2812,19A,"선박용, 산업용 전기제어장치(배전반, 모터기동반, 냉각수예열기, 콘크롤판넬)에 대한 설계, 개발, 생산 및 서비스","Design, Development, Manufacturing and Services of Shipping and Industrial Parts(Switch Boards, Motor Control Panels,Jacket Cooling Water Preheating Units, G/E Control Panels)",경상남도 창원시 마산회원구 내서읍 중리공단로 47,"47, Jungnigongdan-ro, Naeseo-eup, Masanhoewon-gu, Changwon-si, Gyeongsangnam-do, KOREA ",,,,0,,,,,,,,True
태성하이텍,Taesung HighTech,606-04-91286,,,이기화,제조,"자동차부품, 금속가공","2591, 2929","17B,18A","자동차, 중장비 및 전자용 부품의 프레스 가공과 Still 금형 생산","Manufacture of Press parts for automobile, heavy equipment, electronic and Manufacture of still Mold",경상남도 양산시 상북면 공원로 415,"415, Gongwon-ro, Sangbuk-myeon, Yangsan-si, Gyeongsangnam-do, KOREA",,,,0,,,,,,,,True
㈜하우앳,"HOW@ Co., Ltd.",301-81-80264,,,조진연,"서비스, 제조업 외","소프트웨어개발, 통신장비제조 외",2642,19B,"광무선통신시스템의 설계, 개발, 제조 및 유지보수 서비스","Design, Development, Manufacture and Maintenance services for Optical Wireless Communication System ","충청북도 청주시 청원구 오창읍 양청4길45, B동 421호(충북대학교융합기술원)","45, Yangcheong 4-gil, Ochang-eup, Cheongwon-gu, Cheongju-si, Chungcheongbuk-do, KOREA ",,,howat02@howa.biz ,0,,,,,,,how@howa.biz ,True
창녕군장애인근로사업장,ChangNyeong Vocational Rehabilitation Center,608-82-68339,,,김성도,"제조업, 서비스",간판 및 광고물 제조업,3391,23D,"간판, 현수막, 기타인쇄물, 아크릴가공품에 대한 설계 및 제조","Design and manufacture of signs, banners, other printed materials, and acrylic products",경상남도 창녕군 창녕읍 탐하로 244,"244, Tamha-ro, Changnyeong-eup, Changnyeong-gun, Gyeongsangnam-do, KOREA ",,,,0,,,,,,,,True
(유)대호,"DAEHO CO., LTD.",0,,,이강호,0,0,2511,17B,"조향장치(TRIFOD JOINT CYLINDERCAL ROLLER(외륜), BALL CASE(내륜))의 제조","Manufacturing of Steering System(Trifod Joint Cylindercal Roller(Outer), Ball Case(Inner))",경상남도 창원시 의창구 죽전로 31,"31, Jukjeon-ro, Uichang-gu, Changwon-si, Gyeongsangnam-do, KOREA",,,0,0,,,,,,,,True
주식회사 대신테크놀로지,"DAESIN TECHNOLOGY Co., Ltd",589-87-00751,,,명진복,제조업,"반도체자동화장비, FA자동화장비",2927,18A,반도체 제조용 자동화장비 제작 ,Semiconductor Manufacturing for Automated Equipment,경기도 화성시 봉담읍 분천길 38-6 ,"38-6, Buncheon-gil, Bongdam-eup, Hwaseong-si, Gyeonggi-do, KOREA",,,,0,,,,,,,,True
주식회사 넥스트젠,Nextzhen,312-86-68061,,,황정훈,"제조업, 도소매업, 소매업, 서비스업","자동차부품, LCD반도체, 자동차부품, 전자상거래업, 시스템 소프트웨어 개발 및 공급업",2593,17B,유리 가공용 휠에 대한 생산,Production for glass processing wheels,"충청남도 천안시 서북구 직산읍 직산로 136, 2106호(벤처관)","#2106, 136, Jiksan-ro, Jiksan-eup, Seobuk-gu, Cheonan-si, Chungcheongnam-do, KOREA ",,,,0,,,,,,,,True
주식회사 엔씨티,"NCT CO., LTD.",741-87-00403,,,심창업,"제조업, 도매 및 소매업","전자 감지장치 제조업, 합성수지 원료, 자동차 부품, 산업기계부품, 주형 및 금형 제조업, 무역(산업부품), 플라스틱 물질 및 합성고무 도매업",2629,19B,유해화학물질 감지 센서의 제조,Manufacturing of Hazardous Chemical Substances Detection Sensors,"충청남도 천안시 서북구 직산읍 직산로 136, 번영관동 3층 101호((재)충남테크노파크천안밸리","136, Jiksan-ro, Jiksan-eup, Seobuk-gu, Cheonan-si, Chungcheongnam-do, KOREA ",,,,0,,,,,,,,True
베에프코리아㈜,"WF KOREA CO., LTD.",602-81-65619,,,김태진,제조업,세정제 제조,2049,12B,자동차 윤활유 제조,Manufacture of lubricant oil for automobiles,부산광역시 강서구 맥도길377번길 148 (대저2동),"148, Maekdo-gil 377beon-gil, Gangseo-gu, Busan, KOREA ",,,www.ctwd.co.kr,0,,,,,,,,True
주식회사 인터뱅크,"INTERBANK CO., LTD.",609-81-39693,,,문찬수,제조,전기공급 및 제어장치 제조,"2811, 2812, 4220","19A,28D","발전소용 전력 및 제어장치(파워캐비넷, 전자파필터)의 설계, 제작, 설치 및 시운전
","Design, manufacture, installation and Test operration of power and control devices for power plants (power cabinet, electromagnetic filter)
","경상남도 창원시 의창구 남면로 219(대원동, 1동2호)","(Daewon-dong, 1-dong 2), 219, Nammyeon-ro, Uichang-gu, Changwon-si, Gyeongsangnam-do, KOREA ",,,,0,,,,,,,,True
주식회사 현진패키지,"Hyunjin Package Co., Ltd.",747-81-01510,,,박철훈,제조,골판지 및 골판지상자 제조업,"1721, 1812","07A,09A","골판지 및 골판지 상자의 제조
",Manufacture of corrugated cardboard and corrugated cardboard boxes,부산광역시 강서구 공항로383번길 150-1 (대저2동),"150-1, Gonghang-ro 383beon-gil, Gangseo-gu, Busan, KOREA",,,,0,,,,,,,,True
두성산업,DUSUNG INDUSTRY Co.,117-07-64465,,,박천일,"제조, 도매업","전자부품, 포장자재",2642,19B,"전기전자 및 산업용 부품(전기전자 및 산업용 제품에 사용되는 스펀지, 고무등의 제품) 생산 및 부가서비스",Production and Servicing of Precision Sponge & Rubber used for Parts for Industry and Electrical & Electronic Equipement,"경기도 부천시 오정로 183-9, 502호 (내동, 뉴테크노타운)","183-9, Ojeong-ro, Bucheon-si, Gyeonggi-do, KOREA ",,,,0,,,,,,,dusung21@hanmail.net,True
자연이야기 주식회사,"Natural story Co., Ltd.",217-88-00208,,,김일권,제조업,식품제조가공업,1079,03A,"차류(허브차, 전통차, 홍차 및 기타 차류)의 제조","Manufacture of tea (hub tea, traditional tea, black tea and other tea)","울산광역시 울주군 삼남면 울산역1길 30, 1동(울산언양우체국집배센터)","(Ulsan Metropolitan City) 30, 1-dong, Ulsan Station 1-gil, Samnam-myeon, Ulju-gun, Ulsan, KOREA ",,,,0,,,,,,,,True
경성지대공업㈜,"KYUNGSUNG JIDAE, INC.",308-81-03763,,,이태성,제조,종이 및 판지제품 ,"1722, 1811","07A,09A",다목적 종이포대의 제조,Manufacturing of multipurpose paper bags,충청남도 논산시 연무읍 봉황로 87 ,"87, Bonghwang-ro, Yeonmu-eup, Nonsan-si, Chungcheongnam-do, KOREA",,,,0,,,,,,,kyungsung92@hanmail.net,True
㈜예우당에프에스,"Ye Uh Dang Foods Solution Co., Ltd.",209-81-44114,,,권일순,제조,식품,1074,03A,소스류의 개발 및 생산,Development and Production of Sauces,"충청북도 음성군 금왕읍 봉곡길 36-9 , 403호","36-9, Bonggok-gil, Geumwang-eup, Eumseong-gun, Chungcheongbuk-do, KOREA ",,,,0,,,,,,,,True
주식회사 에스티에프,"STF Co., Ltd.",717-81-00771,,,신성욱,제조업,공장자동화기계,"2927, 2721, 4220","18A,19D,28D","반도체, 디스플레이 제조용 장비 및 자동화 설비의 설계, 제작 및 설치","Design, manufacture and installation of semiconductor and display manufacturing equipment and automation facilities","경기도 수원시 권선구 산업로156번길 142-10, B동 5층 518호(고색동, 수원벤처밸리∥)","142-10, Saneop-ro 156beon-gil, Gwonseon-gu, Suwon-si, Gyeonggi-do, KOREA",,,,0,,,,,,,,True
홍일식품,HONGIL FOOD Co.,507-04-45302,,,김은태,제조업,장류제조업,1074,03A,"홍게맛(장소스, 액젓, 된장, 고추장, 국수)의 생산","Production of Red snow crab flavor (Soy sauce, Fish sause, Soybeen paste, Red pepper paste, Noodles)",경상북도 영덕군 강구면 금호샛길 115-26," 115-26, Geumhosaet-gil, Ganggu-myeon, Yeongdeok-gun, Gyeongsangbuk-do, KOREA",,,http://www.hongil.net/,0,,,,,,,,True
대현이엔지㈜,"DAEHYEON ENG Co., Ltd.",606-81-27596,,,김정근,건설 외,기계설비공사업 외,"4220, 2917","28D,18A","기계설비공사의 시공 및 냉동기기설비의 설계, 개발, 생산","Construction of Machine Facilities Work and Design, Development and Production of Freezer Equipment Facilities  ",부산광역시 사상구 낙동대로1396번길 55,"55, Nakdong-daero 1396beon-gil, Sasang-gu, Busan, KOREA",,,,0,,,,,,,,True
㈜에이치앤엔코퍼레이션,HNN Corporation,317-81-39246,,,"나교문, 한준수",제조업,산업용필터,2917,18A,수처리 필터 시스템 및 필터 카트리지 등의 제조,Manufacturing of water treatment filter systems and filter cartridges,충청북도 청주시 흥덕구 현암로204번길 76-85 (현암동),"76-85, Hyeonam-ro 204beon-gil, Heungdeok-gu, Cheongju-si, Chungcheongbuk-do, KOREA ",,,www.hnncorporation.co.kr,0,,,,,,,account@hnncorp.co.kr,True
㈜에이치앤엔코퍼레이션,HNN Corporation,317-81-39246,,,"나교문, 한준수",제조업,산업용필터,2917,18A,수처리 필터 시스템 및 필터 카트리지 등의 제조,Manufacturing of water treatment filter systems and filter cartridges,충청북도 청주시 흥덕구 현암로204번길 76-85 (현암동),"76-85, Hyeonam-ro 204beon-gil, Heungdeok-gu, Cheongju-si, Chungcheongbuk-do, KOREA ",,,www.hnncorporation.co.kr,0,,,,,,,account@hnncorp.co.kr,True
성한 주식회사,"Sung Han Co., Ltd.",314-81-46957,,,윤홍익,"제조, 건설, 소매, 서비스","냉동, 공조, 항온항습기, 환기시스템, 자동제어반, 출입통제시스템, CCTV, 자동점멸기, 조명제어, 설비, 전기, 정보통신공사, 기계류, 전기류, 소프트웨어개발","6202, 2917, 2812, 4231, 4220, 4250","33A,18A,19A,28C, 28D","1. 슈퍼컴퓨팅 시스템 기반시설 운영, 유지관리에 대한 용역 및 서비스
2. 공기조화시스템(환기유니트,공조기,항온항습기,열교환기,바이오크린룸,크린벤취 Bio Hazard Safety Clean Bench, Drying Oven, Constant Temp/Cooling Water Bath, BOD Incubator, Low Temp Incubator외)에 대한 설계, 개발 및 생산
3. 배전반 및 자동제어장치(기계, 전력, 조명, BEMS)에 대한 설계, 개발, 시공, 제조, 생산
4. 전기공사에 대한 시공
5. 기계설비공사에 대한 시공
6. 건물(시설물)유지관리용역 및 서비스
7. Bio Hazard Safety Clean Bench 유지관리, 검증, 조정 및 서비스","1. Servicing of supercomputing Systems Infrastructure Operations ans Maintenance
2. Design, Development and Manufacture of Air-conditioning System(Bio Hazard Safety Clean Bench, Drying Oven, Constant Temp/Cooling Water Bath, BOD Incubator, Low Temp Incubator etc.)
3. Development, Construction, Manufacturing and Production of Switchboards and Automatic Controls (mechanical, electric power, lighting, BEMS)
4. Construction for Electrical Contracting
5. Construction for Machinery Contracting
6. Maintenance and Servicing of Buildings(Facilities)
7. Maintenance Contol, Verification, Adjustment and Servicing of Bio Hazard Safety Clean Bench","대전광역시 유성구 대학로76번길 71(궁동, 호산빌딩 2층)","2F, 71, Daehak-ro 76beon-gil, Yuseong-gu, Daejeon, KOREA",,,,0,,,,,,,,True
피아이테크 주식회사,"PI TECH CO., LTD.",452-88-00607,,,이평일,제조업,정밀기계가공업.유공압제품제작업.자동차장비제작업,"2912, 2916",18A,"유공압 및 자동화설비(주조, 가공, 조립공정 자동화시스템 등)에 대한 설계, 개발 및 제작","Design, development and production of hydraulic, pneumatic equipment and Automatic system(Casting, processing, assembly process automation system)",경상북도 경주시 외동읍 문산2산단3로 23,"23, Munsan 2sandan 3-ro, Oedong-eup, Gyeongju-si, Gyeongsangbuk-do, KOREA",,,,0,,,,,,,pil600118@hanmail.net,True
주식회사 제이앤밸류,"J&Value Co., Ltd.",289-86-00121,,,김재홍,서비스,"소프트웨어개발,판매,프로그램기술용역",6202,33A,"환경/안전/보건시스템(ESH), 결재관리시스템(WfMS), 경영정보시스템(MIS) 솔루션의 개발 및 구축","Development and implementation of Environment / Safety / Health System (ESH), Payment Management System (WfMS), Management Information System (MIS) solutions","대전광역시 유성구 반석로 14, 603호 (반석동, 웰지빌딩)","#603, 14, Banseok-ro, Yuseong-gu, Daejeon, KOREA",,,,0,,,,,,,,True
주식회사 광명통신,"KWANGMYUNG TELECOM Co., Ltd.",127-81-71283,,,염채화,제조,"통신케이블, 전선",2641,19B,"동축케이블, 통신케이블, 전원케이블, 제어용케이블, 보안케이블의 생산","Manufacture of Coaxial cable, Telecommunication cable, Power cable, Control cable, Security cable",충청남도 예산군 오가면 예산산업단지로 87,"87, Yesansaneopdanji-ro, Oga-myeon, Yesan-gun, Chungcheongnam-do, KOREA ",,,,0,,,,,,,,True
티티전자㈜,"TT Electronics Co., Ltd.",353-81-00373,,,정회길,제조업,전자기기부품,"2629, 1322","19B,04A","1. 전자기기부품(가정용청소기부품, 로봇청소기부품)의 제조  
2. 침구류(베개)제조","1. Manufacture of electronic equipment components (house cleaner parts, robot vacuum cleaner parts)
2. Manufacture of bedding (pillow)",경상남도 김해시 삼안로60번길 15-13 (지내동),"15-13, Saman-ro 60beon-gil, Gimhae-si, Gyeongsangnam-do, KOREA ",,,,0,,,,,,,,True
삼원테크,SAMWON TECH,185-08-01117,,,김현승,제조업,플라스틱발포,2225,14B,"열교 차단재의 개발, 제조 및 발포폴리에틸렌의 제조",Development and manufacture of Heat Transfer Materials and manufacture of foamed polyethylene,경상북도 성주군 선남면 명관로 337-14,"337-14, Myeonggwan-ro, Seonnam-myeon, Seongju-gun, Gyeongsangbuk-do, KOREA",,,,0,,,,,,,,True
㈜에니켐텍,"Any Chem Technology Co., Ltd.",305-81-79610,,,강철원,제조업,정밀화학중간체 개발,2012,12A,"정밀화학중간체(유기화합물, 유기금속화합물)의 개발 및 생산",Development and Production of Fine Chemicals(Organic & Organometallic Compounds),"충청남도 공주시 공단길 33-8, 1층 (검상동)","33-8, Gongdan-gil, Gongju-si, Chungcheongnam-do, KOREA",,,,0,,,,,,,,True
주식회사 리노종합유통,"Reno General Distribution  CO., LTD.",606-81-99090,,,길용섭,"제조업,도소매","축산물가공,유통","1012, 4632","03A,29A","육류가공, 저장처리 및 유통","Meat processing, storage processing and distribution",부산광역시 사상구 낙동대로1548번길 5 (삼락동),"5, Nakdong-daero 1548beon-gil, Sasang-gu, Busan, KOREA",,,,0,,,,,,,,True
㈜서경CMT,"SEO KYUNG CMT CO., LTD.",622-81-11679,,,이정후,제조업,실리카질가공부석,2322,15A,"기능성(경량, 제진, 내열, 단열, 강화, 중량, 토양개량제) 세라믹 Filler의 생산   ","Production of Functional (Light Weight, Anti-Vibration, Heat-Resisting, Insulation, Strengthening, Increase in Quantity and Soil conditioner) Ceramic Filler",부산광역시 강서구 녹산산단165로 94 (송정동),"(Songjeong-dong) 94, Noksansandan 165-ro, Gangseo-gu, Busan, KOREA",,,http://www.sk-cmt.co.kr/,0,,,,,,,gutti1@naver.com,True
제이씨메디㈜,"JC MEDI CO., LTD.",606-86-07877,,,백명준,"제조업,도매","섬유제품및산업용마스크, 아웃도어",1521,05C,"신발(운동화, 등산화, 골프화, 캐주얼화)의 제조","Manufacture of shoes(sport shoes, hiking boots, golf shoes, casual shoes)",부산광역시 강서구 가락대로1182번길 146 (봉림동),"146, Garak-daero 1182beon-gil, Gangseo-gu, Busan, KOREA",,,,0,,,,,,,,True
주식회사 대신종합관리시스템,"DAESHIN TOTAL MANAGEMENT SYSTEM CO., LTD.",409-86-29533,,,이현,서비스,"청소용역, 인력공급업, 경비용역, 건물(시설)관리용역",4250,28D,시설물 유지관리서비스,Facilities maintenance service industry,"전라남도 화순군 화순읍 충의로 91, 2층","2F, 91, Chungui-ro, Hwasun-eup, Hwasun-gun, Jeollanam-do, KOREA ",,,,0,,,,,,,,True
레드엠에스,LED MS Co.,507-60-64703,,,김상경,제조업,전기전자제품,2719,19C,자세교정용품(목디스크교정용품 등)의 제조,"Manufacture of posture correction products (neck disk correction products, etc.)","충청북도 청주시 서원구 충대로 1, 209호 (개신동, S21-1동 충북대학교 농업전문창업보육센터)","#209, 1, Chungdae-ro, Seowon-gu, Cheongju-si, Chungcheongbuk-do, KOREA",,,,0,,,,,,,,True
대경종합열처리,DAEKYEONG GENERAL HEAT TRETMENT CO.,606-08-59324,,,박희숙,제조,열처리,2592,17B,"열처리(고주파, 소둔, 소준, 뜨임)","Heat Treatment(High-Frequency, Annealing, Normalizing, Tempering)",부산광역시 강서구 화전산단6로114번길 21 (화전동),"21, Hwajeonsandan 6-ro 114beon-gil, Gangseo-gu, Busan, KOREA",,,,0,,,,,,,,True
주식회사 광진산업,"KWANG JIN INDUSTRY Co., Ltd.",305-81-60014,,,정진백,제조업,위생용지,"1712, 1790",07A,"위생용지(점보롤, 핸드타올, 와이퍼, 냅킨, 해동지, 두루마리, 미용티슈, 키친타올, 물티슈, 벌크티슈)의 제조","Manufacture of Hygiene Paper(Jumbo Rolls, Hand Towel, Wiper, Napkin, Kitchen Paper Napkin, Toilet Paper, Facial Tissue, Kitchen Towel, Wet Tissue, Bulk Tissue)",충청남도 금산군 추부면 추풍로 146,"146, Chupung-ro, Chubu-myeon, Geumsan-gun, Chungcheongnam-do, KOREA    ",,,www.kjipaper.co.kr,0,,,,,,,,True
나경어소시에이트,NAKYUNG & ASSOCIATOR Co.,603-04-17439,,,이경식,제조,"냉동 및 냉장장비, 기계설비공사","2917, 4220","18A,28D",산업용 냉동/냉장/난방 시스템 설비의 제조 및 기계설비의 시공,"Manufacture of industrial freeze, refrigerate and heating system equipment and construction of mechanical works",부산광역시 강서구 새진목길 46-8,"46-8, Saejinmok-gil, Gangseo-gu, Busan, KOREA ",,,,0,,,,,,,,True
나경어소시에이트,NAKYUNG & ASSOCIATOR Co.,603-04-17439,,,이경식,제조,"냉동 및 냉장장비, 기계설비공사","2917, 4220","18A,28D",산업용 냉동/냉장/난방 시스템 설비의 제조 및 기계설비의 시공,"Manufacture of industrial freeze, refrigerate and heating system equipment and construction of mechanical works",부산광역시 강서구 새진목길 46-8,"46-8, Saejinmok-gil, Gangseo-gu, Busan, KOREA ",,,,0,,,,,,,,True
스카이산업㈜,"Sky Industry Co., Ltd.",272-86-01817,,,이용훈,제조업,"타월, 베개","1399, 1321",04A,"타월, 면직물의 제조",Manufacturing of towels and cotton fabrics,충청북도 옥천군 동이면 옥천로 2182,"2182, Okcheon-ro, Dongi-myeon, Okcheon-gun, Chungcheongbuk-do, KOREA",,,,0,,,,,,,,True
세계엔텍㈜,"Saekae Entech Co., Ltd.",621-81-56071,,,한순련,제조 외,"제진기(유압식,로타리식) 외","2917, 2919, 4220","18A,28D","수처리기계(유압식·로터리제진기, 원심탈수기, 원심농축기, 슬러지수집기, 수문)의 설계, 개발, 생산 및 설치","Design, Development, Production and Installation of Water Treatment Machine(Hydraulic·Rotary Dust Separator, Centrifugal Hydroextractor, Centrifugal Evaporator, Sludge Collector, Sluice)",울산광역시 울주군 삼동면 삼동로 858-3 ,"858-3, Samdong-ro, Samdong-myeon, Ulju-gun, Ulsan, KOREA",,,,0,,,,,,,saekae3074@naver.com,True
주식회사 삼진네트,"SamJin Net Co., Ltd.",603-81-88745,,,양재훈,"제조, 도매","어망, 안전망 수출(어망)","1392, 1340",04A,"1. 어망, 안전망 및 스포츠망의 생산
2. 항균/항바이러스 섬유의 도전처리","1. Production of fishing nets, safety nets and sports nets
2. Conductive coating of antibacterial/antiviral fiber",부산광역시 사하구 하신번영로 77 (신평동),"77, Hasinbeonyeong-ro, Saha-gu, Busan, KOREA ",,,,0,,,,,,,,True
쌍용화학,SSANG YONG CHEMICAL Co.,622-09-66902,,,허정호,"제조, 도매","가공안료, 합성수지착색",2013,12A,Dry Color 및 Master Batch의 생산,Production of Dry Color and Master Batch,경상남도 김해시 분성로627번길 41-26 (삼방동),"41-26, Bunseong-ro 627beon-gil, Gimhae-si, Gyeongsangnam-do, KOREA  ",,,,0,,,,,,,,True
오티에스,OTS. Co. ,604-11-39128,,,이효숙,제조,"기계, 전기장비 ",2413,17A,소방설비 및 배관 제조 ,Manufacture of fire fighting equipment and pipe,부산광역시 강서구 미음국제5로마길 47 (미음동),"47, Mieumgukje 5roma-gil, Gangseo-gu, Busan, KOREA",,,,0,,,,,,,,True
㈜은하," EUN HA CO., LTD.",622-81-05686,,,백은하,기타기계및장비 제조업,산업용열식건조기 외,"2918, 2225","18A,14B","우레탄 시트기계 및 우레탄 시트의 설계, 개발 및 생산"," Design, Development, Production of Urethane Sheet Machine and Urethane Sheet",경상남도 김해시 분성로579번길 47 (어방동),"(Eobang-dong) 47, Bunseong-ro 579beon-gil, Gimhae-si, Gyeongsangnam-do, KOREA ",,,,0,,,,,,,,True
㈜원창피드셀,"WONCHANG FEEDCELL Co., Ltd.",621-81-82619,,,박문원,제조업,주형및금형,2919,18A,"분체 및 액체 계량·포장·자동 이송 설비의 설계, 개발, 생산, 설치","Design, Development, Manufacture, Installation of Automatic Feeding, Packing and Measuring System for Dry & Liquid Material",경상남도 양산시 하북면 용연로 8,"8, Yongyeon-ro, Habuk-myeon, Yangsan-si, Gyeongsangnam-do, KOREA ",,,,0,,,,,,,,True
다린스틸테크주식회사,"DARINSTEEL Co., Ltd.",311-81-52810,,,박찬실,제조업,산업기계 기자재 가공 제작업 외,"2511, 2592, 2917","17B,18A","용접(오버레이, 파이프)과 산업기계류 및 철구조물의 생산","Welding (overlay, pipe) and Production of Industrial Machinery and Steel Structures ",부산광역시 강서구 가달2로55번길 28,"28, Gadal 2-ro 55beon-gil, Gangseo-gu, Busan, KOREA ",,,,0,,,,,,,,True
아이엔티코리아,INT KOREA Co.,615-16-06898,,,"김신양, 김경동",제조업 외,비금속광물 외,2399,15A,"기능성(경량, 제진, 내열, 단열, 강화, 증량)세라믹 filler 및 실링 컴파운드의 생산","Production of Functional(Light Weight, Anti-Vibration, Heat-Resisting, Heat Insulation, Strengthening, Weighting)Ceramic Filler and Sealing Compound",경남 김해시 한림면 김해대로1099번안길 45,"45, Gimhae-daero 1099beonan-gil, Hallim-myeon, Gimhae-si, Gyeongsangnam-do, KOREA ",,,,0,,,,,,,,True
하나스톤㈜,"Hana Stone Co., Ltd.",490-81-00411,,,조영휘,제조업,콘크리트 제품,2332,16A,"휀스톤, 보강토, 호안블럭, 디자인블럭 및 콘크리트 제품의 생산","Production of fenstones, Reinforced soil, Revetment blocks, Design blocks and Concrete products",전라북도 순창군 팔덕면 광덕로 134,"134, Gwangdeok-ro, Paldeok-myeon, Sunchang-gun, Jeollabuk-do, KOREA",,,,0,,,,,,,,True
㈜씨에이치케이,"CHK Co., Ltd.",606-81-88889,,,김평갑,제조업 외,선박구성부분품 외,"2812, 2890, 2511, 2719","19A,17B,19C","제어반, 배선함, 케이블 박스, 작업대, 경보 시스템, 냉장고 용기 소켓, 소방용 댐퍼, 방화 셔터, 덕트, 그릴, 확산기 및 파일럿 의자의 설계, 개발 및 제조","Design, Development and Manufacture of Steel Furniture, Telephone Booths, Control Boxes, Junction Boxes, Cable Boxes, Working Tables, Alarm Systems, Refrigerator Container Sockets, Fire Dampers, Fire Roller Shutters, Ducts, Grills, Diffusers and Pilot Chairs",부산광역시 강서구 미음산단로 387 (미음동),"387, Mieumsandan-ro, Gangseo-gu, Busan, KOREA ",,,www.chkj.co.kr,0,,,,,,,,True
㈜화성이엔티,"HWASEONG E&T CO., LTD.",606-86-58852,,,김종옥,제조업 외,"금속판넬함, 수배전반 외",2812,19A,"육해상 전기 판넬의 설계, 생산 및 설치","Design, Production and Installation of Electric Panels for Land & Sea",부산광역시 강서구 가달2로 60 (생곡동),"60, Gadal 2-ro, Gangseo-gu, Busan, KOREA",,,,0,,,,,,,,True
신세기기업㈜,"New Century Enterprise Co., Ltd.",601-81-34976,,,한원수,운보 외,화물운송 외,"4930, 5299","31A,31B","화물 운송, 주선, 하역 서비스","Cargo Transportation, Logistics Consulting and Stevedoring Services","부산광역시 중구 충장대로9번길 18, 2층(중앙동 4가)","2F, 18, Chungjang-daero 9beon-gil, Jung-gu, Busan, KOREA ",,,,0,,,,,,,,True
주식회사 창조이엔씨,"ChangJo E&C. Co.,Ltd.",790-87-01705,,,최락인,"건설업, 제조업, 서비스","경미한공사(전기 및 정보통신공사, 소방시설공사, 신재생에너지, 태양광, 금속구조물, 창호공사, 기계설비), 전기자재 제조 및 판매, 교통안전시설, 신호등주, 신호제어기, 조명 등","2811, 4220","19A,28D","태양광발전장치의 개발, 시공 및 유지보수","Development, construction and maintenance of solar energy generation equipment","전라북도 전주시 덕진구 석소2길 25, 2층 202호(우아동2가)","#202, 2F, 25, Seokso 2-gil, Deokjin-gu, Jeonju-si, Jeollabuk-do, KOREA",,,,0,,,,,,,,True
대건테크,DEA-GUN TECH,823-70-00143,,,조현용,제조업 외,"산업기계, 금속제품 외",2917,18A,방폭형 배풍기의 생산 및 분체 도장,Production of Explosion Proof Ventilation and Powder Coating,경상남도 양산시 어곡공단로 186 (어곡동),"186, Eogokgongdan-ro, Yangsan-si, Gyeongsangnam-do, KOREA",,,,0,,,,,,,,True
㈜다올,"Daol Co., Ltd.",221-87-01188,,,김상재,제조,전기전자제어 시스템 등,2812,19A,전자제어 시스템의 제조,Manufacture of Electronic Control System,"충청남도 논산시 시민로294번길 8-4, 2층(내동)","8-4, Simin-ro 294beon-gil, Nonsan-si, Chungcheongnam-do, KOREA ",,,,0,,,,,,,,True
만성정기,MANSUNG PRECISION MACHINERY CO.,621-08-41935,,,유준종,제조,"유공압기기, 유압장치","2912, 3031",18A,"유압실린더 및 매니폴드의 설계, 개발 및 생산","Design, Development and Production of Hydraulic Cylinder and Manifold",경상남도 양산시 산막공단남11길 51-1 (북정동),"51-1, Sanmakgongdannam 11-gil, Yangsan-si, Gyeongsangnam-do, KOREA",,,,0,,,,,,,,True
우성수지㈜,"WOOSOUNG SUJI CO., LTD.",621-81-73269,,,조경운,원료재생 및 환경복원업 외,비금속원료 재생업 외,2020,12B,PE 및 PP Pellet의 생산,Production of PE and PP Pellets,부산광역시 기장군 정관읍 산단7로 92-19,"92-19, Sandan 7-ro, Jeonggwan-eup, Gijang-gun, Busan, KOREA",,,,0,,,,,,,,True
주식회사 해오름과학,"HAEOREUM SCIENCE Co., Ltd.",887-86-01680,,,안성현,"도소매, 제조업","과학기기, 필터, 무역업(수입), 측정 및 분석기구, 컴퓨터, 주변기기","2721, 4659","19D,29A","과학기기, 분석기구 제조 및 도소매",Scientific instrument and analytical instrument manufacture and wholesale and retail,"서울특별시 송파구 송파대로 201, 에이동 지129-2, 오에스-60호(문정동, 송파 테라파워2)","201, Songpa-daero, Songpa-gu, Seoul, KOREA ",,,,0,,,,,,,,True
해원산업㈜,"HAEWEON INDUSTRY CO., LTD.",610-81-26242,,,이용재,"건설업, 제조업",,"4220, 2511, 2913","28D,17B,18A","1. 발전설비공사(원자력발전설비기기), 기계설비공사(압력탱크, 밸브, 배관), 배관공사, 강구조물공사, 상하수도설비공사, 금속구조물창호공사, 수처리기자재, 정수 및 하수처리장비공사, 전문소방시설공사, 가스시설(제1종)공사
2. 압력용기, 철구조물, 환경 기자재(수처리기자재, 집진설비), 배관 Spool, 기타금속구조물의 생산","1. Generating unit work(nuclear power generation equipment), machine equipment work(pressure tank, valve, pipe), pipe work, steel structure work, water supply and drainage facility work, metal structure windows & doors work, water treatment equipment, water & sewage treatment equipment work, fire fighting facility work, gas facility construction(the first class)
2. Production of pressure vessel, steel structure, environmental equipment(water treatment equipment, dust collector), pipe spool and other metal structure",울산광역시 울주군 온산읍 처용산업로 51-5,"51-5, Cheoyongsaneop-ro, Onsan-eup, Ulju-gun, Ulsan, KOREA ",,,,0,,,,,,,,True
㈜비오비플랜,"BOB PLAN Co., Ltd.",305-86-00909,,,고성일,건설업,실내건축공사,4241,28C,"인테리어공사의 설계, 개발 및 시공","Design, Development and Construction of Interior work","대전광역시 서구 도안북로 93번길 31, 3층 303호","#303, 31,  Doanbuk-ro 93beon-gil, Seo-gu, Daejeon, KOREA ",,,,0,,,,,,,,True
주식회사 정도,"JUNGDO CO., LTD.",217-81-51902,,,문성우,제조업,임가공 외,2592,17B,이종육성 용접,Overlay Welding,부산광역시 강서구 미음산단1로15번길 11 (구랑동),"11, Mieumsandan 1-ro 15beon-gil, Gangseo-gu, Busan, KOREA ",,,,0,,,,,,,jungdo424@naver.com,True
주식회사 율산,"YOULSAN Co., Ltd.",138-81-67789,,,전순분,"도소매, 제조업","산업용기계장비 및 기자재, 합성고무 및 플라스틱물질, 인쇄인크, 가공 공작기계, 화학물질 및 화학제품, 재생재료 폐품 및 기타 산업용 중간재, 상품중개업","2041, 2049",12B,"친환경 잉크, 접착제, 희석제의 제조","Manufacture of eco-friendly ink, adhesives, and diluents",충청남도 천안시 서북구 입장면 연곡길 180-37,"180-37, Yeongok-gil, Ipjang-myeon, Seobuk-gu, Cheonan-si, Chungcheongnam-do, KOREA ",,,http://www.youlsan.com,0,,,,,,,,True
밸마코퍼레이션,ValMar Corporation,871-07-01389,,,김연옥,도매업,"무역(산업용재화 수입, 수출)","4659, 4672",29A,"해상 및 산업용 밸브류, 피팅류, 파이프류, 플랜지류 & 기타의 수입 및 수출","Imports and Exports of Marine and Industrial Valves, Fittings, Pipes, Flanges & Others","부산광역시 사하구 다송로84번길 46, 3층 308호(다대동)","308, 46, Dasong-ro 84beon-gil, Saha-gu, Busan, KOREA ",,,,0,,,,,,,jwkim5382@daum.net,True
㈜한국에이프런체인공업,"KOREA APRON CHAIN INDUSTRY CO., LTD.",606-86-13215,,,윤무용,제조업 외,물품취급장비 외,2916,18A,"체인(컨베이어, 칩, 스크랩, 에이프런, 슬래트)의 설계, 개발 및 생산","Design, Development and Production of Chain (Conveyor, Chip, Scrap, Apron, Slat)",부산광역시 사상구 새벽로 125 (감전동),"125, Saebyeok-ro, Sasang-gu, Busan, KOREA ",,,,0,,,,,,,,True
성호물산㈜,"Seongho Trading Co., Ltd.",315-81-31781,,,김현자,제조업,고철 및 폐지 압축,3813,39B,"폐기물 수집, 운반 및 판매","Waste collection, transport and sale ",충청북도 청주시 서원구 남지로 21번길 32 (미평동),"32, Namji-ro 21beon-gil, Seowon-gu, Cheongju-si, Chungcheongbuk-do, KOREA",,,,0,,,,,,,,True
주식회사 씨엘테크,"CL TECH Co., Ltd.",808-86-01940,,,곽형삼,"제조업, 건설업, 서비스업","표면처리자동화장치 제작, 자동차부품 제조 및 임가공업, 표면처리개조공사 및 보수유지공사, 건물위생관리, 청소용역, 건물시설관리용역, 표면처리정기점검","2621, 2629",19B,Head-up Display 및 전기차 배터리팩 용 전류 센서의 제조,Manufacture of  Head-up Display and electric vehicle battery pack current sensor,"충청남도 아산시 둔포면 이화동길 91 (공장동, 비동)","91, Ihwadong-gil, Dunpo-myeon, Asan-si, Chungcheongnam-do, KOREA ",,,,0,,,,,,,,True
㈜옥시스톤,"OXYSTONE Co., Ltd.",132-81-64367,,,윤영식,"제조업, 건설업","건축자재, 석공사업","2399, 2391",15A,"내·외장용 석제품(인조라임스톤, 인조석)의 제조","Manufacture of Interior and Exterior stone Products (Artificial Limestone, Artificial Stone)",충청북도 괴산군 사리면 사리로 49 (방축리),"49, Sari-ro, Sari-myeon, Goesan-gun, Chungcheongbuk-do, KOREA",,,oxystone@hanmail.net,0,,,,,,,oxystone@hanmail.net,True
금탑건설㈜,"KUMTOP CONSTRUCTION. CO., LTD.",607-81-41849,,,이종범,건설업 외,비계구조물해체 및 철근콘크리트 외,"4211, 4213, 4212","28B,28C","비계구조물해체공사, 철근콘크리트공사, 토공사에 대한 시공",Construction of Demolition Scaffolding and Structure Reinforced Concrete WorksLamp and Electric Work,"부산광역시 금정구 식물원로75번길 46, 202호 (장전동, 재우카라디움)","#202, 46, Singmurwon-ro 75beon-gil, Geumjeong-gu, Busan, KOREA ",,,,0,,,,,,,,True
지에스볼트㈜,"GS BOLT CO., LTD.",606-86-22368,,,문하수,제조업,"볼트, 너트및나사제품",2594,17B,"산업용 볼트, 너트의 제조",Manufacture of Bolts and Nuts for Industries,부산광역시 강서구 화전산업대로 159 (화전동),"159, Hwajeonsaneop-daero, Gangseo-gu, Busan, KOREA",,,www.gsbolt.com,0,,,,,,,,True
서진열처리,Seo Jin Heat Treatment,694-33-00744,,,박신형,제조업,열처리,2592,17B,"금속(표면, 열, 산)처리 ","Metal (Surface, Heat, Acid) Treatment",경상남도 김해시 장유로149번길 58(부곡동),"58, Jangyu-ro 149beon-gil, Gimhae-si, Gyeongsangnam-do, KOREA ",,,,0,,,,,,,,True
인지전기공업㈜ 양산지점,"IN JI ELECTRIC INDUSTRIAL Co., Ltd. 
Yang San Jijeom",621-85-24499,,,박인주,제조,"조명기구, 전자식안정기",2842,19A,"LED터널등기구, LED가로등 및 보안등기구, 매입형 및 고정형 LED등기구, LED램프, 센서등기구, 형광등기구의 설계, 개발 및 생산","Design, Development and Manufacture of LED Tunnel Luminaires, LED Luminaires for Road and Street Lighting, Recessed and Fixed LED Luminaires, LED Lamps, Sensor Luminaires, Lighting Fitting for Fluorescent Lamps etc.
",경상남도 양산시 상북면 소토2길 8,"8, Soto 2-gil, Sangbuk-myeon, Yangsan-si, Gyeongsangnam-do, KOREA ",,,,0,,,,,,,ju07011@hanmail.net,True
주식회사 동남이앤씨,"DONGNAM ENC Co., Ltd.",675-81-01705,,,권용훈,"전문, 과학 및 기술서비스업",건설기술용역,"7292, 7020","34A,34B","엔지니어링 사업(도시계획, 도시재생, 교통, 도로 및 공항, 조경, 측량) 및 학술연구","Engineering projects (urban planning, urban regeneration, traffic, roads and airports, landscaping) and surveying, academic research","대구광역시 수성구 수성로 186-1, 3층 (중동)","3F, 186-1, Suseong-ro, Suseong-gu, Daegu, KOREA",,,,0,,,,,,,,True
유성화학,YOU SUNG CHEMICAL CO.,618-19-73820,,,김도한 외 1명,제조업 외,"프라스틱제품, 기타건축용섬유 외",2224,14B,플라스틱 사출성형품의 생산,Production of Injection Molding Products of Plastic,경상남도 양산시 상북면 소토4길 15,"15, Soto 4-gil, Sangbuk-myeon, Yangsan-si, Gyeongsangnam-do, KOREA ",,,,0,,,,,,,,True
블루센 주식회사,"Bluesen Co., Ltd.",606-81-88031,,,손창식,제조 외,"유랑계, 환경계측기기, 자동제어반 외","2812, 2917","18A,19A","음수기, 음수대, 환경계측기기, 수질계측기, 수질자동조정장치, 배전반, 유량계, 감시제어 및 모니터링시스템의 설계, 개발, 생산, 설치 ","Design, Development, Manufacture and Installation of Water Bowl, Drinking Fountain, Environmental Instrumentation, Water Quality Analyzer, Automatic Water Conditioners, Distributing Swichboard, Flow MeterRemote Control and Monitoring System",대구광역시 달성군 구지면 국가산단대로34길 30,"30, Gukgasandan-daero 34-gil, Guji-myeon, Dalseong-gun, Daegu, KOREA ",,,,0,,,,,,,,True
동성아이앤씨㈜,DONG SUNG INCORPORATED,607-81-62790,,,최정화,제조업 외,"의류(단체복, 피복) 외","1419, 1322","04B,04A","의류(단체복, 니트, 점퍼, 앞치마), 마스크, 방호복, 캠핑텐트 및 방수그늘막의 설계, 개발 및 생산","Design, development and production of clothing (uniform, knitwear, jumper, apron), mask, protective clothing, camping tent and tarp",부산광역시 금정구 공단로 68-23(금사동),"68-23, Gongdan-ro, Geumjeong-gu, Busan, KOREA",,,www.leeds.co.kr,0,,,,,,,,True
태경메탈 주식회사,"Tae Kyung Metal Co., Ltd.",450-86-01305,,,김종문,제조업,주강제조 외,2411,17A,주강주조품의 생산,Production of Steel Castings,경상남도 김해시 주촌면 서부로1499번길 25-20,"25-20, Seobu-ro 1499beon-gil, Juchon-myeon, Gimhae-si, Gyeongsangnam-do, KOREA ",,,,0,,,,,,,,True
㈜영신시스템,"YOUNGSIN SYSTEM CO., LTD.",607-81-32035,,,손정석,"건설업, 제조 외",전기공사 외,"4231, 2812","28C,19A","전기공사, 계장공사, 방폭전기/계장공사 및 자동제어장치, 수/배전반의 설계, 개발, 생산 및 설치, 전기/계장의 검교정","Design, Development, Production, Installation and Calibration of Electrical equipment of Auto Control system, Incoming Panel & Swich Board & Electric Work, Control & Instrumentation Construction and Explosion-proof Electric Work, Instrumentation Construction",부산광역시 기장군 기장읍 배산로56번길 1 ,"1, Baesan-ro 56beon-gil, Gijang-eup, Gijang-gun, Busan, KOREA ",,,,0,,,,,,,ysbill@youngshin95.com,True
연신에스티㈜,"YonShinST Co., Ltd.",655-88-01530,,,강연화,제조업,강관가공품,"2413, 2411",17A,강관 및 형강류의 가공,Processing of steel pipes and section steels,충청북도 청주시 청원구 내수읍 청암로 266,"266, Cheongam-ro, Naesu-eup, Cheongwon-gu, Cheongju-si, Chungcheongbuk-do, KOREA ",,,,0,,,,,,,,True
㈜국도특장,"Gukdo Special Equipment Co., Ltd.",460-87-00523,,,김재영,제조,차체 및 특장차 제조,3020,22A,"차체 및 특장차의 설계, 개발 및 제조","Design, Development and Manufacture of Car Body and Special Vehicle",전라북도 김제시 백구면 백구공단길 23,"23, Baekgugongdan-gil, Baekgu-myeon, Gimje-si, Jeollabuk-do, KOREA",,,,0,,,,,,,,True
해지(더블스퀘어-중복),,,,,,,,,,,,,,,,,0,,,,,,,,True
㈜영광정밀,"YEONGGWANG PRECISION CO., LTD.",621-81-87778,,,엄광주,제조업,"자동차부품, 기타조립금속",3032,18A,고압호스용 Fitting Adapter 및 Shell의 생산,Production of Fitting Adapter and Shell for High-pressure HoseStructure,경상남도 양산시 북정공단2길 59,"59, Bukjeonggongdan 2-gil, Yangsan-si, Gyeongsangnam-do, KOREA ",,,,0,,,,,,,,True
㈜대림텍스,"DAE RIM TEX CO., LTD.",615-81-16055,,,유월용,제조,화섬유 외,1322,04A,"화섬직물(자동차내장용, 신발용, 봉제완구용, 의류용)의 생산","Production of Chemical Fiber Textile for Automotive Interior Parts, Shoes, Stuffed Toys, Clothing",부산광역시 강서구 녹산산단382로14번길 14 (송정동),"14, Noksansandan 382-ro 14beon-gil, Gangseo-gu, Busan, KOREA",,,http://www.daerimtex.com/,0,,,,,,,,True
태영강건㈜,"Taeyoung Steel Construction Co., Ltd.",312-81-65583,,,안태하,"건설,제조업","강구조물공사,금속구조물,창호,온실공사,금속제패널,조립식구조물,난간,울타리","2511, 4213, 4242, 4241","17B,28C","1. 강구조물, 금속제패널, 금속구조물의 생산, 시공
2. 창호공사, 도장공사의 시공","1. Production and Construction of steel structure, metal panel, matal structure
2. Construction of window and door works and painting works",충청남도 천안시 동남구 성남면 석곡3길 77-10,"77-10, Seokgok 3-gil, Seongnam-myeon, Dongnam-gu, Cheonan-si, Chungcheongnam-do, KOREA",,,,0,,,,,,,tyggth@hanmail.net,True
㈜안전가설산업,Anjun Gaseol Industry INC.,305-81-97734,,,곽준섭,"도소매, 제조업,건설업","건축가설재, 건축가설재재생처리업,유로품재생가공업,건축공사업",4213,28C,"철골 및 관련 구조물 조립, 설치 공사",Steel frame and related structure assembly and Installation Work ,대전광역시 동구 이사로 68-59 (이사동),"68-59, Isa-ro, Dong-gu, Daejeon, KOREA",,,,0,,,,,,,anjun9744@hanmail.net,True
㈜덕분이엔씨,"DEOKBUN E&C Co., Ltd.",308-81-42164,,,고병진,"건설업, 제조업, 도매업, 서비스","정보통신공사업신재생에너지, 컴퓨터 및 주변기기, 전자관 및 전자기기, 전자직접회로, 통신자재, 통신기기, cctv, 방송설비, 보안설비, 통신자재, 통신기기, SI통합설비","4232, 2642","28C,19B","1. 정보통신 공사에 대한 시공
2. CCTV의 제조 및 설치","1. The Provision of Telecommunication Works
2. Manufacture and installation of CCTV","대전광역시 유성구 노은로 167, 1동 509호(지족동, 크리스탈 타워)","167, Noeun-ro, Yuseong-gu, Daejeon, KOREA",,,,0,,,,,,,,True
㈜디프로매트,"DIPLOMAT SAFE CO., LTD.",606-81-07362,,,"장만영, 장민철",제조 외,"합금철강, 제강, 기타 외",2599,17B,"내화금고, 데이터금고, 파일캐비넷, 방도금고, 철금고의 설계, 개발 및 생산","Design, Development and Production of Fire Resistance Safe, Data Safe, Filing Cabinet, Burglary Safe, Steel Safe",부산광역시 강서구 녹산산단261로60번길 19 (송정동),"19, Noksansandan 261-ro 60beon-gil, Gangseo-gu, Busan, KOREA",,,,0,,,,,,,,True
㈜스마일테크,"Smile Tec Co., Ltd.",301-81-92760,,,김종흠,제조업,"금속공작물, 금속조립식구조물, 건축부착물 등",2511,17B,건축용 외·내장 패널 제조,Manufacture of exterior and interior panels for construction,충청북도 청주시 청원구 내수읍 풍정2길 87,"87, Pungjeong 2-gil, Naesu-eup, Cheongwon-gu, Cheongju-si, Chungcheongbuk-do, KOREA",,,,0,,,,,,,,True
㈜스마일테크,"Smile Tec Co., Ltd.",301-81-92760,,,김종흠,제조업,"금속공작물, 금속조립식구조물, 건축부착물 등","2511, 4219","17B,28C",건축용 외·내장 패널 제조 및 시공,Manufacture and Construction of exterior and interior panels for construction,충청북도 청주시 청원구 내수읍 풍정2길 87,"87, Pungjeong 2-gil, Naesu-eup, Cheongwon-gu, Cheongju-si, Chungcheongbuk-do, KOREA",,,,0,,,,,,,,True
㈜동화에프에이,"DONGHWA FA CO., LTD.",606-86-17526,,,이실환,제조 외,전자기기 외 ,"2812, 4231","19A,28C","1. 전기(제어, 계장제어)장치의 설계, 개발, 생산 및 설치
2. 전기공사","1. Design, Development, Production and Installation of Electrical(Control, Instrumentation control) Device 
2. Electric Works ","부산광역시 사상구 대동로 303, 벽산디지털밸리 402-3호","Rm.402, Rm.403, Byucksan Digital Valley, 303, Daedong-ro, Sasang-gu, Busan, KOREA",,,,0,,,,,,,,True
㈜기산화학,"Kisan Chemical Co., Ltd.",518-87-00161,,,김영선,제조,"유연제, 난연제",2013,12A,PVC 안정제의 제조,Manufacturings of PVC stabilizer,충청남도 당진시 석문면 산단2로 95,"95, Sandan 2-ro, Seokmun-myeon, Dangjin-si, Chungcheongnam-do, KOREA ",,,,0,,,,,,,kisan2011@naver.com,True
주식회사 에코시즌,"ECO SEASON Co., Ltd.",211-81-39744,,,정원화,제조업,자동차운전정보시스템,2049,12B,"Quantum Energy Cell을 이용한 차량용, 생활용, 농·축·수산용 ERES(Eco Recovery Energy System) 제품의 생산","Production of Eco Recovery Energy System (ERES) Products for Vehicles, Household, Agricultural·Livestock·Fisheries Using Quantum Energy Cells","부산광역시 금정구 동천로 4, 1F (회동동)","1F, 4, Dongcheon-ro, Geumjeong-gu, Busan, KOREA",,,www.ecoseason.co.kr,0,,,,,,,293956@hanmail.net,True
㈜티아이에스에스,"TISS CO., LTD.",617-81-31784,,,이상봉,서비스 외,컴퓨터시스템자문 및 관리 외,6202,33A,"전산망(보안, 솔루션, 정보통신설비)의 설치 및 유지보수"," Installation and Maintenance of Network (Security, Solution, Information and communication equipment)","부산광역시 해운대구 좌동로 88, 1204호 ","Rm 1204, 88, Jwadong-ro, Haeundae-gu, Busan, KOREA ",,,www.tissnet.com,0,,,,,,,,True
㈜대덕테크,"Daeduk_Tech Co., Ltd.",314-81-96554,,,편용범,제조,"정밀부품 CNC,산업기계 등","2927, 2916, 2511, 2651","18A,17B,19A","1. 산업용 기계 및 부품의 설계, 개발 및 제조
2. 금속제 조립식 구조물의 설계 및 제조
3. 전기전자제품(비젼카메라)의 제조","1. Design, Development and Manufacture of Industrial Machinery and Parts
2. Design and Manufacture of Metal Prefabricated Structures
3. Manufacture of Electrical and Electronic Products (Vision Cameras)",대전광역시 대덕구 대덕대로1417번길 34 (문평동),"34, Daedeok-daero 1417beon-gil, Daedeok-gu, Daejeon, KOREA",,,,0,,,,,,,,True
농업회사법인 보리누리주식회사,BoriNuri Agricultural Corporation,566-88-01088,,,한명석,"제조업, 전문, 과학 및 기술 서비스업","자동화설비, 농업용기계, 인공지능(AI) 솔루션 개발","2721, 2921, 5822","19D,18A,33B","1. 자동화설비, 농기계의 설계, 개발 및 제조 
2. 수경재배기의 개발 및 제조
3. 하드웨어 및 소프트웨어의 개발","1. Design, Development and Manufacture of Automation Facility and Agricultural Machinery
2. Development and Manufacture of Water Culture Machine
3. Development and Hardware and Software","대전광역시 유성구 진잠로106번길 95, 2층 201호(원내동)","95, Jinjam-ro 106beon-gil, Yuseong-gu, Daejeon, KOREA",,,,0,,,,,,,,True
㈜지엠엔지니어링,"Global Maritime Engineering Co., Ltd.",587-86-00840,,,박재문,제조,조선기자재,"2721, 2812","19D,19A","선체응력, 선박의 축마력계측장비, 선박성능 감시장치 및 전기제어반의 설계, 개발, 생산 및 설치 ","Design, Development, Production and Installation of Hull Stress Monitoring System, Shaft Torque Meter, Ship Performance Monitoring System and Electric Console and Control Panel",부산광역시 기장군 정관읍 산단7로 78-20,"78-20, Sandan 7-ro, Jeonggwan-eup, Gijang-gun, Busan, KOREA ",,,,0,,,,,,,,True
㈜비아이티에코루브,"BIT ECO LUB CO., LTD.",621-81-64381,,,윤상철,제조 외,윤활유 및 그리스,2049,12B,"고무배합유, 실러유 및 절삭유의 생산","Production of Process oil, Sealle oil and Cutting oil",경상남도 양산시 충렬로 309-1 (유산동)  ,"309-1, Chungnyeol-ro, Yangsan-si, Gyeongsangnam-do, KOREA",,,,0,,,,,,,,True
주식회사 웰사이언픽랩,WELL SCIENFICLAB Inc.,456-87-01412,,,이영철,제조업,생활용품,2041,12B,나노코팅제의 제조,Manufacture of nano coating agent,"경기도 성남시 수정구 복정로118번길 31, 103호 (복정동)","31, Bokjeong-ro 118beon-gil, Sujeong-gu, Seongnam-si, Gyeonggi-do, KOREA ",,,www.radonblocking.com,0,,,,,,,,True
농업회사법인 까름 주식회사,"Karum Agricultural Co., Ltd.",569-87-00456,,,황영준,제조업,농업용멀칭제,2221,14B,친환경 자연 분해 멀칭의 개발 및 제조,Development and Manufacture of Enviromentally friendly nature Mulching,전라북도 군산시 중가도길 43 (오식도동),"43, Junggado-gil, Gunsan-si, Jeollabuk-do, KOREA",,,,0,,,,,,,ggareum@daum.net,True
㈜한솔,"Hansol Co., Ltd.",621-81-76591,,,"백갑문, 이경애",음식,구내식당(기타음식업),1075,03A,단체급식 식료품의 생산,Production of Food for Institutional food service,경상남도 양산시 상북면 충렬로 501,"501, Chungnyeol-ro, Sangbuk-myeon, Yangsan-si, Gyeongsangnam-do, KOREA ",,,,0,,,,,,,,True
㈜대한폴리머,"DAEHAN POLYMER Co., Ltd.",615-81-79953,,,김상도,제조 외,천연착색제및유연제 외,2049,12B,"접착제(에폭시, 우레탄)의 생산","Production of Adhesives(Epoxy, Urethane)",경상남도 김해시 김해대로2596번길 11-37,"11-37, Gimhae-daero 2596beon-gil, Gimhae-si, Gyeongsangnam-do, KOREA ",,,,0,,,,,,,,True
주식회사 태양케미칼,"TaeYang Chemical Co., Ltd.",615-81-83030,,,박도형,제조 외,포장재 외,2225,14B,"가정용 수도 계량기 보온재 및 가전제품 보온재의 설계, 개발 및 생산","Design, Development and Production of Thermal Insulator of Home Water Meter and Home Appliances",경상남도 김해시 진영읍 서부로 378번길 52-9,"52-9, Seobu-ro 378beon-gil, Jinyeong-eup, Gimhae-si, Gyeongsangnam-do, KOREA ",,,,0,,,,,,,dhpark911@lgesuppliers.com,True
주식회사 청우,"CHUNGWOO Co., Ltd.",643-87-01132,,,김태원,제조업,"철구조물, 조선철의장","2511, 2512",17B,"조선철의장품, 철구조물, 탱크의 생산","Production for Shipbuilding Steel Fittings, Steel Structure and Tanks",경상남도 김해시 진례면 테크노밸리1로 19-32,"19-32, Techno valley 1-ro, Jillye-myeon, Gimhae-si, Gyeongsangnam-do, KOREA",,,,0,,,,,,,chungw0410@naver.com,True
㈜한국펄프,"Korea Pulp Co., Ltd.",301-81-86026,,,이경희,제조업,화장지,1790,07A,화장지의 제조,Manufacturing of toilet paper,충청북도 청주시 상당구 문의면 미천고은로 65 ,"65, Micheongoeun-ro, Munui-myeon, Sangdang-gu, Cheongju-si, Chungcheongbuk-do, KOREA",,,,0,,,,,,,,True
주식회사 현진에프엔에스,"HYUNJIN F&S Co., Ltd.",318-88-01704,,,이승현,"제조업, 도, 소매","반도체 제조장비 및 부품제작업, 반도체설비 특수가스켓 제조업, 정밀부품 및 금속가공업, 실험장비 설계 및 제조업, 초정밀을 이용한 광학기기제조업, 반도체 용품","2591, 2592, 7212","17B,34A","1. 정밀부품, 시험 및 반도체 장비용 설비 부품 제조
2. 반도체용 배기 엔지니어링 서비스","1. Manufacture of equipment parts for precision parts, testing and semiconductor equipment
2. Exhaust engineering services for semiconductors","대전광역시 대덕구 대화로106번길 66, 726호 (대화동, 펜타플렉스)","#726, 66, Daehwa-ro 106beon-gil, Daedeok-gu, Daejeon, KOREA",,,,0,,,,,,,hjfns2020@naver.com,True
㈜와이엔디케이,"Y&DK Co., Ltd.",373-88-00906,,,복민갑,"제조업, 도,소매, 서비스업","금형코어, 초정밀부품, 연구장비부품, 연구개발","2929, 2599","18A,17B",금형코어 및 초정밀가공품의 제조,Manufacture of molded cores and ultra-precision products,"대전광역시 유성구 과학로 169-148, 연구2동 267호(어은동, 한국기초과학지원연구원)","169-148, Gwahak-ro, Yuseong-gu, Daejeon, KOREA ",,,,0,,,,,,,,True
㈜퓨쳐테크,"Future Tech Co., Ltd.",621-81-82939,,,윤정식,제조 외,"기타신발, 선박용고무부품, 임대","2219, 2225","14A,14B","고무제품, 신발용 고무 부품 및 스폰지의 생산","Production of Rubber product, Rubber parts and Sponge for Footwear",부산광역시 기장군 정관읍 산단7로 59,"59, Sandan 7-ro, Jeonggwan-eup, Gijang-gun, Busan, KOREA ",,,www.futuretech.kr,0,,,,,,,,True
주식회사 신일전기,"SHINIL ELECTRIC Co., Ltd.",613-81-63848,,,이까꾸수마,건설업 외,"전기공사, 신재생에너지공사 외",4231,28C,"전기(플랜트, 조명, 배전) 공사","Electric(Plant, Lighting, Power Distribution) Works",경상남도 진주시 진성면 진의로 205,"205, Jinui-ro, Jinseong-myeon, Jinju-si, Gyeongsangnam-do, KOREA ",,,,0,,,,,,,,True
한산콘크리트㈜,"HANSAN CONCRETE Co., Ltd.",313-81-11474,,,안무열,제조업,콘크리트2차제품,2332,16A,"콘크리트 2차 제품(벤치 플룸, 용배수로관, 호안 및 옹벽블록)","Concrete Secondary Products(Bench flummes, Concrete Drain Pipes and Concrete Blocks)",충청남도 서천군 장항읍 장항공단길 112-9 ,"112-9, Janghanggongdan-gil, Janghang-eup, Seocheon-gun, Chungcheongnam-do, KOREA",,,,0,,,,,,,,True
한국템씰 주식회사,"TEMPSEALS KOREA Co., Ltd.",446-88-00539,,,김흥일,제조업,"산업용 온도계, 압력계",2721,19D,산업용 압력 계측기 및 테스트 장비의 제작,Manufacture of industrial Pressure gauges and test Equipments," 경기도 부천시 석천로 397, 101동 303호(삼정동, 부천테크노파크쌍용3차)","397, Seokcheon-ro, Bucheon-si, Gyeonggi-do, KOREA",,,,0,,,,,,,,True
㈜휴비스,"HUBIS CO., LTD.",314-86-10420,,,김명진,제조업,제어계측장비,"2921, 2721","18A,19D","산업용 레이저 시스템(레이저 용접 및 가공 장비 등), 제조공정 자동화 및 검사장비, 용접모니터링장비에 대한 개발, 제조 및 서비스","Industrial laser systems(Laser welding and processing equipment etc.) / Manufacturing process automation and inspection equipment / Development, manufacture and service of welding monitoring equipment",대전광역시 유성구 테크노1로 57 (관평동),"57, Techno 1-ro, Yuseong-gu, Daejeon, KOREA ",,,,0,,,,,,,,True
㈜태창오토텍,"TAE CHANG AUTOTECH CO., LTD.",435-86-01932,,,김윤영,제조업,자동차차체용부품,2224,14B,자동차용 플라스틱 제품의 사출,Injection of Plastic Products for Automobile ,울산광역시 울주군 상북면 길천산업1길 16-4,"16-4, Gilcheonsaneop 1-gil, Sangbuk-myeon, Ulju-gun, Ulsan, KOREA ",,,,0,,,,,,,,True
㈜대동계측,"DAEDONG INSTRUMENT CO., LTD.",606-86-13097,,,노희종,제조 외,토목계측기 외,2721,19D,"토목계측기 [Load Cell, 변형률계, 응력계(숏크리트, Lining, 철근), 간극수압계, 지하수위계, 토압계, 층별침하계(마그네트, 접동저항), 지표침하판, 지중수평변위계, 진동현측정기, 변위계, Casing Tiltmeter, 틸트메타(TILT METER), 크랙메타(V.W Crackmeter)], 차수판의 설계, 개발 및 생산","Design, Development and Production of Construction Measuring Instrument [Load Cell, Straingage, Stress Meter(Shotcrete, Lining, Steel Reinforcement), Piezometer, Water Level Meter, Total Pressure Cell, Extensometer(Magnet, Rotary Potentionmeter), Settlement Plate, Inclinemeter, Vibrating Wire Read Out, Vibrating Wire Displacement, Casing Tiltmeter, TILT METER, V.W Crackmeter], Water Barrier",부산광역시 사상구 사상로375번길 46,"46, Sasang-ro 375beon-gil, Sasang-gu, Busan, KOREA",,,,0,,,,,,,,True
㈜대원전열,"DAEWON ELECTRIC HEATER CO., LTD.",606-86-60926,,,정호영,제조 외,"전열기, 전기기기 외",2851,19A,"전열기의 설계/개발, 생산","Design/Development, Production of Electric Heater","부산광역시 사상구 괘감로 37, 26동 110호","110-ho, 26-dong, 37, Gwaegam-ro, Sasang-gu, Busan, KOREA ",,,,0,,,,,,,,True
㈜은화,"EUN HWA CO., LTD.",604-81-22746,,,김도형,건설업 외,도장공사 외,"4241, 4213, 7410","28C,35C","1. 공사(도장, 습식, 방수, 금속·창호, 실내건축, 석공사, 철근·콘크리트, 지붕·건축물 조립)
2. 시설물 유지 관리","1. Work (Painting, Wet and Waterproofing, Metal and Windows, Interior Construction, Masonry, Rebar and Concrete, Roof and Building Assembly)
2. Facilities Maintenance","부산광역시 금정구 중앙대로 1600, 101호(부곡동)","101, 1600, Jungang-daero, Geumjeong-gu, Busan, KOREA ",,,,0,,,,,,,,True
㈜티엠텍,"TMTECH Co., Ltd.",167-87-01337,,,이명희,제조업,생활용품,2851,19A,음식물 처리기기의 제조,Manufacture of food processing equipment,충청북도 음성군 대소면 신내로 168-31,"168-31, Sinnae-ro, Daeso-myeon, Eumseong-gun, Chungcheongbuk-do, KOREA ",,,,0,,,,,,,,True
㈜제이지스타,"JG STAR Co., Ltd.",211-88-87401,,,황정기,서비스,광고 및 홍보마케팅,"7139, 7390","35C,34A","1) 엔터테인먼트 산업(공연 등)의 광고, 홍보 및 마케팅
2) 매니징의 기획, 운영 및 서비스","1) Advertising, Promotion and marketing of Entertainment industry (performance, etc.)
2) Planning, Operation and Service of Managing",서울특별시 서초구 신반포로43길 41 (잠원동),"41, Sinbanpo-ro 43-gil, Seocho-gu, Seoul, KOREA",,,,0,,,,,,,,True
대성SEALTECH,DAESEONG SEALTECH CO.,621-18-89277,,,허대성,제조업 외,기계부품 외,2413,17A,고압호스용 철피팅의 생산 ,Production of Steel Fitting for High-pressure Hose,경상남도 양산시 상북면 충렬로 510,"510, Chungnyeol-ro, Sangbuk-myeon, Yangsan-si, Gyeongsangnam-do, KOREA",,,,0,,,,,,,,True
㈜케이지,KG Inc.,621-86-00233,,,"김순복, 이규동","제조,도매","PC, LCD조립 외",4679,29A,"재활용 폐기물(플라스틱, 비철류 등)의 판매","Sales of Recycled Waste (Plastics, Non-ferrous, etc.)",경상남도 양산시 상북면 신전길 9,"9, Sinjeon-gil, Sangbuk-myeon, Yangsan-si, Gyeongsangnam-do, KOREA ",,,,0,,,,,,,,True
㈜마이더스이엔지,"MIDAS ENG Co., Ltd.",831-81-01815,,,서석현,제조,배관 제작,2913,18A,"반도체 제조용 설비(배관, 모듈)의 제조 및 설치","Manufacturing and Installation of semiconductor manufacturing facilities (pipes, modules) ","충청남도 당진시 우강면 박원로 1, 나동","na dong, 1, Bagwon-ro, Ugang-myeon, Dangjin-si, Chungcheongnam-do, KOREA ",,,,0,,,,,,,,True
㈜제일소방전기,"JAEIL FIREFIGHTING ELECTRIC CO., LTD.",261-81-27826,,,이주미,건설업 외,전기공사 외,"4220, 4231","28D,28C","1. 소방공사(전기, 기계)
2. 전기공사(플랜트, 조명, 배전, 자동제어)","1. Fire Fighting Works (Electrical, Mechanical)
2. Electric Works(Plant, Lighting, Power Distribution, Automatic Control)","경상남도 하동군 금남면 섬진강대로 664, 2층 201호 2호실","Room 2, 201 Ho, 2F, 664, Seomjingang-daero, Geumnam-myeon, Hadong-gun, Gyeongsangnam-do, KOREA ",,,,0,,,,,,,,True
주식회사 동양이엔씨,"DONGYANG E&C Co., Ltd.",473-86-00293,,,오순창,건설업,강구조물공사,"2511, 2919","17B,18A","철 구조물, 약품주입설비, 기계 패키지의 설계, 개발 및 제작","The design, development and manufacture of steel structure, chemical injection package and engineered package",대전광역시 대덕구 대화로32번길 84 (대화동),"84, Daehwa-ro 32beon-gil, Daedeok-gu, Daejeon, KOREA",,,,0,,,,,,,,True
㈜더블스퀘어,"Double Square Co., Ltd.",342-81-02430,,,이휘동,제조업외,산업용 냉장 및 냉동장비 제조업 외,2917,18A,"냉동기, 냉온수기, 냉각탑, 항온항습기, 공기조화기, 에어컨의 설계, 제조, 설치 및 유지보수","Design, Production, Installation and Maintenance Service of Refrigerator, Cold and Hot water Dispensers, Cooling Tower, Constant Temperature & Humidity Machine and Air Conditioners","충청남도 천안시 서북구 2공단5로 52, 지상8층 810호, 811호, 812호(차암동)","52, 2gongdan 5-ro, Seobuk-gu, Cheonan-si, Chungcheongnam-do, KOREA",,,,0,,,,,,,doublesquare01@naver.com,True
주식회사 지스,"JIS Co., Ltd.",255-86-00642,,,김인호,제조,금속가공업,2591,17B,"금속압력용기, 연료변환장치 및 기타 연료전지 부품 제조","Manufature of metal pressure vessel, fuel processor and other fuel cell components",대전광역시 유성구 국제과학2로 33 (신동),"33, Gukjegwahak 2-ro, Yuseong-gu, Daejeon, KOREA",,,,0,,,,,,,,True
부산산업,BUSAN INDUSTRY CO.,606-15-71137,,,김세권,제조 외,"산업기계, 밸브, 철구조물, 철도용품 외","2913, 2511","18A,17B","버터플라이밸브, 제수밸브, 체크밸브, 볼밸브, 수문 및 신축이음관, 구동기의 설계, 개발 및 제조","Design, Development and Manufacture do Butterfly Valve, Sluice Valve, Check Valve, Ball Valve, Sluice Gate and Expansion Joint, Actuator(MOV)",부산광역시 사상구 낙동대로1338번길 23,"23, Nakdong-daero 1338beon-gil, Sasang-gu, Busan, KOREA ",,,,0,,,,,,,,True
주식회사 비아이씨티,"Busan Information & Communication Technology Co., Ltd.",132-88-01435,,,이주한,정보통신업 외,임베디드 응용 S/W개발 외,"5822, 2642","33B,19B","익수자위치발신장치, 어망위치발신장치, 안전관리용 지능형 CCTV 개발, 생산 및 설치","Development, Production and Installation of Man Overboard Device, Net Buoy-AIS and Safe Management CCTV System","부산광역시 북구 만덕3로16번길 1, 402호(만덕동, 부산이노비즈센터)","402, 1, Mandeok 3-ro 16beon-gil, Buk-gu, Busan, KOREA",,,www.bict.co.kr,0,,,,,,,,True
에이원이앤에이치㈜,A-One E&H Corp.,880-88-00501,,,김윤구,"제조, 건설업","태양광발전시스템의 제작, 시공 ",4122,28B,태양광발전시스템의 시공 및 유지보수,Construction and maintenance of solar power systems,"대전광역시 중구 당디로 53, 2층 (산성동)","2nd floor, 53, Dangdi-ro, Jung-gu, Daejeon, KOREA ",,,,0,,,,,,,,True
에이원이앤에이치㈜,A-One E&H Corp.,880-88-00501,,,김윤구,"제조, 건설업","태양광발전시스템의 제작, 시공 ",4122,28B,태양광발전시스템의 시공 및 유지보수,Construction and maintenance of solar power systems,"대전광역시 중구 당디로 53, 2층 (산성동)","2nd floor, 53, Dangdi-ro, Jung-gu, Daejeon, KOREA ",,,,0,,,,,,,,True
대명엠텍 주식회사,"DAE MYEONG M-TECH CO., LTD.",606-86-24560,,,박근호,제조,"산업기계 및 크레인, 감속기, 선박부품 등 외",2914,18A,"제철설비라인, 감속기 및 기어류의 설계, 개발, 생산 및 설치","Design, Development, Production and Installation of Steel Manufacture Facility Line, Reducer Gear and Gears",부산광역시 강서구 녹산산단289로 33(송정동),"33, Noksansandan 289-ro, Gangseo-gu, Busan, KOREA",,,,0,,,,,,,,True
주식회사 금강시스템스,"KUMKANG SYSTEMS CO., LTD.",603-81-84486,,,유우창,서비스 외,전기관련엔지니어링 외,"2721, 4231, 4232, 4220","19D,28C,28D","1. 장비자동화 Control System 및 전력계측제어장비의 설계/개발, 생산 및 설치
2. 전기, 정보통신, 기계설비 공사의 설계/감리, 시공 및 유지보수","1. Design, Development, Production and Installation of Equipment Automatic Control System and Power Measuring Device
2. Design, Supervision, Construction and Maintenance of Electrical and Telecommunications and Mechanical Equipment Works
","부산광역시 해운대구 센텀중앙로 90, 2202호(재송동, 큐비이센텀)","#2202, 90, Centum jungang-ro, Haeundae-gu, Busan, KOREA ",,,,0,,,,,,,,True
주식회사 금강시스템스,"KUMKANG SYSTEMS CO., LTD.",603-81-84486,,,유우창,서비스 외,전기관련엔지니어링 외,"2721, 4231, 4232, 4220","19D,28C,28D","1. 장비자동화 Control System 및 전력계측제어장비의 설계/개발, 생산 및 설치
2. 전기, 정보통신, 기계설비 공사의 설계/감리, 시공 및 유지보수","1. Design, Development, Production and Installation of Equipment Automatic Control System and Power Measuring Device
2. Design, Supervision, Construction and Maintenance of Electrical and Telecommunications and Mechanical Equipment Works
","부산광역시 해운대구 센텀중앙로 90, 2202호(재송동, 큐비이센텀)","#2202, 90, Centum jungang-ro, Haeundae-gu, Busan, KOREA ",,,,0,,,,,,,,True
엔티씨네오텍㈜,"NTC NEO TECH CO., LTD.",606-81-23019,,,조성제,제조 외,감속기 외,"2914, 2916",18A,"감속기(발전용, 선박용), 산업플랜트장치의 설계, 개발 및 생산","Production, Design and Development of Reduction Gear for Generation of Electric Power & Vessel and Industrial Plant Equipment",부산광역시 강서구 미음산단4로 190 (미음동) ,"190, Mieumsandan 4-ro, Gangseo-gu, Busan, KOREA ",,,,0,,,,,,,,True
주영산업㈜,"JU YOUNG INDUSTRIAL CO., LTD.",621-81-39053,,,성호진,제조 외,접착제 외,2041,12B,"페인트(유성도료, 방청도료, 노면 표지용 도료, 수성도료, 수도용 도료, 내화도료, 미끄럼방지포장재, 도막형바닥재, 도료용희석제, 폴리우레아 수지 도막 방수재 외)의 설계, 개발 및 생산","Design, development and production of paint(solvent-based paints, rust preventing paint, traffic paints, synthetic resin emulsion paints, paints for water works, fire proof coating, pavement materials for antiskid, surface coating for floor coverings, thinner for organic coating materials, polyurea resin waterproofing membrane coating etc.)",경상남도 양산시 유산공단11길 36(유산동),"36, Yusangongdan 11-gil, Yangsan-si, Gyeongsangnam-do, KOREA",,,,0,,,,,,,,True
㈜한빛이앤씨,"HANBIT ENC Co., Ltd.",305-86-03584,,,윤승묵,"건설, 제조","정보통신공사, 광통신,cctv제[조","4232, 2642, 4220","28C,19B,28D","정보통신 공사, 광통신, CCTV 제조 및 설치","Information and communication construction, optical communication, CCTV manufacturing and installation ","세종특별자치시 한누리대로 2144, 2동 711호 (보람동, 스마트허브Ⅱ)","#711, 2Dong, 2144, Hannuri-daero, Sejong-si, KOREA",,,,0,,,,,,,hanbit_enc@nate.com,True
㈜대호비투비,"DAE HO BTOB Co., Ltd.",605-81-39202,,,이인우,제조,금형프라스틱제품,2929,18A,"사출금형의 설계, 개발 및 생산","Design, Development and Production of Injection Mold",부산광역시 강서구 낙동북로 31번길 10,"10, Nakdongbuk-ro 31beon-gil, Gangseo-gu, Busan, KOREA ",,,,0,,,,,,,,True
엔에스,NS CO.,542-34-00023,,,박희연 외 1명,제조업,"기계장치, 압축가스용기, 자동차엔진부품",2421,17A,"촉매담체, 합금필터, 전극체의 설계, 개발 및 생산","Design, Development and Production of Catalyst carrier, Alloy filter, Electrode",울산광역시 울주군 온산읍 화산로 155-7,"155-7, Hwasan-ro, Onsan-eup, Ulju-gun, Ulsan, KOREA ",,,,0,,,,,,,,True
주식회사 한국과학모형,"Korea Scientific Model Co., Ltd.",889-86-00289,,,박형규,제조업,모형제작,3393,23D,"모형(전시, 작동, 그래픽 애니매이션)의 설계 및 생산","Design and Production of Model(Exhibition, Functioning, Experiment and Graphic Animation)",부산광역시 사하구 하신중앙로 3번가길 11,"11, Hasinjungang-ro 3beonga-gil, Saha-gu, Busan, KOREA ",,,,0,,,,,,,,True
[해지]주식회사 랩시스텍,"LAB SYSTEK CO., LTD.",362-86-01949,,,나경숙,"제조업,정보통신업","opp포장용테이프, 프라즈마공기방역기, 컴퓨터프로그래밍 서비스","2229, 2917, 2919","14B,18A,19C","산업용 포장 테이프, 기체여과기 및 기타 의료용 기기 제조","Manufacturing of industrial packaging tapes, airframe filtration machine  and other medical devices ","울산광역시 중구 종가로 15, 기술혁신A동 306호 (다운동, 울산테크노파크)","#306, A dong, 15, Jongga-ro, Jung-gu, Ulsan, KOREA",,,,0,,,,,,,godsknight98@labsystekinc.com,True
디엘이 주식회사,"DLE CO., LTD.",605-81-89570,,,김우섭,건설업,"전기공사, 통신공사 외",4231,28C,전기공사,Works of Electric,"부산광역시 사하구 장평로 311, 10동 202호 (신평동)","Rm. 202, 10-dong, 311, Jangpyeong-ro, Saha-gu, Busan, KOREA ",,,,0,,,,,,,,True
㈜대진산업,"DAEJIN INDUSTRIAL Co., Ltd.",621-81-27348,,,유영남,기타기계및장비제조업 외,"산업기계, 공해방지기기 외","2916, 2917",18A,"크레인, 집진설비, 쇼트기계(Air Blast, Hanger Blast), 상하수처리설비(호퍼, 콘베어, 제진기, 침사인양기, 슬러지수집기)의 설계, 개발, 생산 및 설치","Design, Development, Production and Installation of Crane, Dust Collector, Shot Machine(Air Blast, Hanger Blast), Water Disposal Equipment(Hopper, Cotton Dusting Machine, Chain and Bucket Elevator, Sludge Collector)","부산광역시 사상구 주례로 101, 2동 B17호","2-dong, B17-ho, 101, Jurye-ro, Sasang-gu, Busan, KOREA ",,,,0,,,,,,,,True
아이스코,AISCO CO.,120-12-61696,,,정상훈,제조업 외,배관자재 외,"2591, 2020","17B,12B","금속(Flange, Tube-sheet, Forged Neck, Channel Cover, Forged Nozzle) 및 합성수지의 생산","Production of Metal (Flange, Tube-Sheet, Forged Neck, Channel Cover, Forged Nozzle) and Synthetic Resin","부산광역시 강서구 화전산단6로90번길 22, 1층 아이스코 (화전동, 코리아메탈)","1F, 22, Hwajeonsandan 6-ro 90beon-gil, Gangseo-gu, Busan, KOREA",,,,0,,,,,,,,True
CHEMTEC,CHEMTEC,606-16-09585,,,송진우,제조업 외,유기계면활성제/비누제품/합성세제/치약 외 ,2049,12B,"수처리제(냉각탑, Boiler, RO설비, 폐수처리장 미생물 제재), 세관제 및 세척제의 설계, 개발 및 생산","Design, Development and Production of Water Treatment Chemical(Cooling Tower, Boiler, Reverse Osmosis Facilities, Micro Organism), Descaler and Cleaner","부산광역시 강서구 유통단지1로 41, 본관동 3층 315, 316호 (대저2동)","#316, #315, Main Building dong, 41, Yutongdanji 1-ro, Gangseo-gu, Busan, KOREA",,,,0,,,,,,,,True
제이원메탈 주식회사,"J.ONE METAL Co., Ltd.",410-86-55536,,,설미경,"제조업,건설업","지붕판금공사,금속제 패녈","2511, 4213","17B,28C",금속제 패널 제조 및 지붕/외장재의 시공,Manufacture of Metal Panels and Construction of Roof/Exterior Materials,경상북도 칠곡군 왜관읍 삼청6길 79,"79, Samcheong 6-gil, Waegwan-eup, Chilgok-gun, Gyeongsangbuk-do, KOREA",,,,0,,,,,,,,True
신원하이텍 주식회사,"SHINWON HI-TEK Co., Ltd.",502-86-04224,,,정진용,"제조업,건설업","지붕판금공사,금속제 패녈","2511, 4213","17B,28C",금속제 패널 제조 및 지붕/외장재의 시공,Manufacture of Metal Panels and Construction of Roof/Exterior Materials,경상북도 칠곡군 왜관읍 삼청6길 77,"77, Samcheong 6-gil, Waegwan-eup, Chilgok-gun, Gyeongsangbuk-do, KOREA  ",,,,0,,,,,,,,True
동해강업㈜,"Donghae Steel Co., Ltd.",607-81-21504,,,박재열,제조업 외,금속판제품 외,"2511, 2924","17B,18A",금속판 제품 및 재활용품자동선별기의 생산 ,Production of Metal Plate Products and Automatic sorting Equipment for Recycling,부산광역시 기장군 정관읍 산단4로 59,"59, Sandan 4-ro, Jeonggwan-eup, Gijang-gun, Busan, KOREA ",,,,0,,,,,,,,True
㈜비에스테크,"BS TECH Co., Ltd.",305-86-10616,,,윤석봉,제조업,"이화학기기,산업용 냉동 냉장 장비",2721,19D,"배터리 테스트용 장비의 설계, 개발 및 제조","Design, Development and Manufacture of Equipment for Battery Testing","대전광역시 대덕구 대화로 127(대화동, A동3층, B동1층)","127, Daehwa-ro, Daedeok-gu, Daejeon, KOREA ",,,www.bs-tech.kr,0,,,,,,,,True
[해지] 주식회사 선영축산농업회사법인,Agricultural Corporation SunYoung Livestock,606-81-71942,,,김현애,도매 외,식육 외,1012,03A,"육류(돼지고기, 소고기)의 가공","Processing of Meat (Pork, Beef)",부산광역시 사하구 장림로 275(장림동),"275, Jangnim-ro, Saha-gu, Busan, KOREA ",,,,0,,,,,,,,True
주식회사 명성티엔씨,"Myong Sung TNC Co., Ltd.",407-87-00686,,,주성훈,제조,디지털리니어스케일제조,2721,19D,"엔코더(리니어, 앵글), 스케일(디지털, 리니어, 마그네틱 테이프), 무선핸드휠의 설계, 개발, 생산 및 설치","Design, Development, Manufacture and Installation of Encoders(Linear, Angle), Scale(Digital, Linear, Magnetic Tape) and Wireless Hand Wheel",경상남도 김해시 능동로7번길 4-17,"4-17, Neungdong-ro 7beon-gil, Gimhae-si, Gyeongsangnam-do, KOREA ",,,,0,,,,,,,,True
신강건설산업㈜,"Shingang Construction & Construction Co., Ltd.",310-81-24631,,,서영민,제조,"금속제패널,난간,울타리",2511,17B,금속구조물 제조,Manufacture of metal structures,"충청남도 아산시 신정로 333-26, 1동 (기산동)","1-dong, 333-26, Sinjeong-ro, Asan-si, Chungcheongnam-do, KOREA",,,,0,,,,,,,,True
주식회사 화성스틸 테크노밸리점,"Hwaseong Steel Co., Ltd. (Techno Valley)",314-85-44452,,,김민규,"제조업,도소매","표면처리강제, 스텐레스","2591, 2592",17B,"레이저 가공품 및 절곡품에 대한 설계, 개발 및 생산","Design, Development and Production of Laser Processing Products and Bending Products",대전광역시 유성구 테크노2로 335 (탑립동),"335, Techno 2-ro, Yuseong-gu, Daejeon, KOREA",,,,0,,,,,,,3148544452@hometax.g0.kr,True
주식회사 화성스틸 테크노밸리점,"Hwaseong Steel Co., Ltd. (Techno Valley)",314-85-44452,,,김민규,"제조업,도소매","표면처리강제, 스텐레스","2591, 2592",17B,"레이저 가공품 및 절곡품에 대한 설계, 개발 및 생산","Design, Development and Production of Laser Processing Products and Bending Products",대전광역시 유성구 테크노2로 335 (탑립동),"335, Techno 2-ro, Yuseong-gu, Daejeon, KOREA",,,,0,,,,,,,3148544452@hometax.g0.kr,True
위시스 주식회사,"WISSYS Co., Ltd.",195-87-02103,,,김완수,제조업,"전자기 측정, 시험 및 분석 기구",2721,19D,"수중음파탐지기, 신관류, 시한장입기, 점검장치(전자기기 등)의 설계, 개발 및 제조","Design, Development and Manufacture of Sonar, Fuze, Time Setter, Test Set(Electronics Equipment, etc.) ","대전광역시 유성구 온천서로 95, 2층","2F, 95, Oncheonseo-ro, Yuseong-gu, Daejeon, KOREA ",,,,0,,,,,,,yms@wissys.co.kr,True
주식회사 삼성하우징도어,"Samsung Housing Door Co., Ltd.",678-86-02066,,,노선호,제조,"금속문, 창, 셔터 및 관련제품 ",2511,17B,"금속문, 창, 셔터 및 관련제품 제조","Manufacture of metal doors, windows, shutters and related products",대전광역시 대덕구 신탄진로115번안길 27 (신대동),"27, Sintanjin-ro 115beonan-gil, Daedeok-gu, Daejeon, KOREA ",,,,0,,,,,,,sshdoor@naver.com,True
㈜바이오에스텍,"BIO S TECH CO., LTD.",303-81-32598,,,장석윤,제조,"화장품, 치약, 비누 및 기타세재",2042,12B,"화장품, 생활용품의 설계, 개발 및 제조","Design, Development and Manufacturing of Cosmetic, Household Goods",충청북도 음성군 원남면 원남산단로 274-46  ,"274-46, Wonnamsandan-ro, Wonnam-myeon, Eumseong-gun, Chungcheongbuk-do, KOREA ",,,,0,,,,,,,,True
㈜바이오에스텍,"BIO S TECH CO., LTD.",303-81-32598,,,장석윤,제조,"화장품, 치약, 비누 및 기타세재",2042,12B,"화장품, 생활용품의 설계, 개발 및 제조","Design, Development and Manufacturing of Cosmetic, Household Goods",충청북도 음성군 원남면 원남산단로 274-46  ,"274-46, Wonnamsandan-ro, Wonnam-myeon, Eumseong-gun, Chungcheongbuk-do, KOREA ",,,,0,,,,,,,,True
주식회사 대한정유,"Daehan oil refining Co., Ltd.",615-86-00219,,,손영준,제조업,"윤활유(박리제), 임가공",1922,10A,박리제 생산,Production of exfoliants,경상남도 김해시 주촌면 서부로1499번길 22-102 (내삼리),"22-102, Seobu-ro 1499beon-gil, Juchon-myeon, Gimhae-si, Gyeongsangnam-do, KOREA",,,,0,,,,,,,daehan5189@naver.com,True
㈜피티더블유스틸솔루션,"PTW STEEL SOLUTION CO., LTD.",162-81-00011,,,박용균,제조업 외,제철 및 산업설비 외,"2915, 2923",18A,"Tension Leveler, Skin pass mill 및 가열로의 설계, 개발, 생산 및 설치","Design, Development, Production and Installation of Tension Leveler, Skin pass mill and Heating furnace",경상북도 포항시 북구 흥해읍 남옥로27번길 23-1,"23-1, Namok-ro 27beon-gil, Heunghae-eup, Buk-gu, Pohang-si, Gyeongsangbuk-do, KOREA",,,,0,,,,,,,,True
우영페인팅,WooYoung Painting CO.,314-21-14257,,,이은숙,제조업,"분체도장, 철구조물제작",2592,17B,산업용기계 및 장비의 분체도장,Powder coating of Industrial machinery and equipment,대전광역시 대덕구 평촌1길 55 (평촌동),"55, Pyeongchon 1-gil, Daedeok-gu, Daejeon, KOREA",,,www.wypainting.kr,0,,,,,,,,True
㈜대봉기연,"Daebong Engineering Co., Ltd.",606-81-59157,,,박준석,"제조, 도매 외",기계및전기전자부품 외,2929,18A,"자동화 설비(이송장치, 레벨러, 피더 등)의 설계 및 제작","Design and Production of Automation Equipments (Transfer Unit, Straightener, Feeder etc.)",부산광역시 강서구 가리새1로 9,"9, Garisae 1-ro, Gangseo-gu, Busan, KOREA ",,,,0,,,,,,,,True
㈜상봉정밀,"Sang Bong Precision Co., Ltd.",409-81-79945,,,이제훈,제조 외,"주형및금형, 사출 외",2929,18A,"플라스틱 사출 성형용 금형의 설계, 개발 및 생산","Design, Development and Production of Mold for Plastic Injection ",광주광역시 북구 첨단중앙로182번길 137,"137, Cheomdanjungang-ro 182beon-gil, Buk-gu, Gwangju, KOREA",,,,0,,,,,,,,True
㈜정우콘크리트,"Jeongwoo Concrete Co., Ltd.",608-81-12046,,,이영식,제조업,"콘크리트, 타일, 기와, 벽돌",2332,16A,"콘크리트 타일, 기와, 벽돌 및 블록 제조","Manufacture of Concrete Tiles, Roofing Tiles, Bricks and Blocks","부산광역시 영도구 해양로 112, 4층 (청학동)","112, Haeyang-ro, Yeongdo-gu, Busan, KOREA ",,,jeongwoo.co.kr,0,,,,,,,,True
㈜에이앤에스,"A&S Co., Ltd.",606-86-10178,,,최진희,제조 외,"배관자재, 제관",2591,17B,"금속(Flange, Tube-Sheet, Forged Neck, Channel Cover, Forged Nozzle)의 생산 ","Production of Metal(Flange, Tube-Sheet, Forged Neck, Channel Cover, Forged Nozzle)","경상남도 양산시 주남마을길 11-17, 1층","11-17, Junammaeul-gil, Yangsan-si, Gyeongsangnam-do, KOREA",,,,0,,,,,,,,True
㈜현진테크놀로지,"HYUNJIN technology Co., Ltd.",307-81-40334,,,김미현,"건설,제조",정보통신공사,"4232, 4651, 2642, 4652","28C,29A,19B","1. 정보통신공사 및 유지보수
2. 네트웍장비(백본, Server, 스위치)에 대한 판매, 설치 및 유지보수
3. CCTV에 대한 제조 및 설치 
4. CCTV솔루션 판매","1. The Information & Communication Construction and Maintenance
2. Sale, Install and Maintenance of Network Equipment (Backbone, Server, Switch)
3. Manufacture and Install of CCTV
4. Sale of CCTV Solution","충청남도 금산군 추부면 서대산로 37-6, 2층","2nd floor, 37-6, Seodaesan-ro, Chubu-myeon, Geumsan-gun, Chungcheongnam-do, KOREA",,,,0,,,,,,,,True
카신모터스,CARSIN MOTORS,306-47-76723,,,"김석진, 김용이","제조, 건설업, 부동산, 서비스","자동차개량, 개조분해외, 가스시설공사, 비주거용건물임대업(자기땅), 자동차종합정비, 건설기계정비, 세차업, 자동차보관 및 탁송관리",9521,29B,자동차 종합 수리 및 서비스,Automobile comprehensive repair and service,대전광역시 대덕구 아리랑로55번길 7(읍내동),"7, Arirang-ro 55beon-gil, Daedeok-gu, Daejeon, KOREA ",,,,0,,,,,,,,True
주식회사 RPI,"RPI Co., Ltd.",606-86-59263,,,최희은,제조 외,조선기자재제박및도장업 외,2592,17B,철금속제품의 액체도장,Liquid Coating of Ferrous Metal Products,경상남도 김해시 상동면 묵방로 75,"75, Mukbang-ro, Sangdong-myeon, Gimhae-si, Gyeongsangnam-do, KOREA ",,,,0,,,,,,,,True
이음기술 주식회사,"2eumtech Co., Ltd.",615-86-17928,,,신현환,제오업,수질측정시스템 및 수질측정기 제조,2721,19D,지질탐사용 계측기기의 제조,Manufacturing of Measuring Instruments for Geological Survey,"세종특별자치시 한누리대로 2236, A동 2층 207호","A-207, 2236, Hannuri-daero, Sejong-si, KOREA ",,,,0,,,,,,,,True
㈜월드이노텍,"WORLD INNOTECH Co., Ltd.",621-81-10890,,,이한욱,제조,"원심분리기, 상하수도폐수처리기 외","2917, 2919, 4220","18A,28D","1. 유압식제진기, 로타리제진기, 원심분리기, 상하수도폐수처리기, 협잡물제거기, 혐기성 소화설비, 가용화설비, 수도용 여과장치의 설계, 개발 및 생산
2. 기계설비공사, 상하수도설비공사","1. Design, Development and Production of Hydraulic·Rotary Dust Separator, Centrifugal Seperator, Waste Water Treatment Machine for Water Supply and Drainage, Impurity Remover, Anaerobic Digestion Process, Solubilization Efficiency Process, Water supply filter Devices
2. Mechanical Works, Works for Water Supply and Drainage","경상남도 양산시 웅상농공단지길 42 (덕계동, (주)월드이노텍,사무실)","42, Ungsangnonggongdanji-gil, Yangsan-si, Gyeongsangnam-do, KOREA",,,,0,,,,,,,world274@naver.com,True
㈜월드이노텍,"WORLD INNOTECH Co., Ltd.",621-81-10890,,,이한욱,제조,"원심분리기, 상하수도폐수처리기 외","2917, 2919, 4220","18A,28D","1. 유압식제진기, 로타리제진기, 원심분리기, 상하수도폐수처리기, 협잡물제거기, 혐기성 소화설비, 가용화설비, 자동역세 여과기의 설계, 개발 및 생산
2. 기계설비공사, 상하수도설비공사","1. Design, Development and Production of Hydraulic·Rotary Dust Separator, Centrifugal Seperator, Waste Water Treatment Machine for Water Supply and Drainage, Impurity Remover, Anaerobic Digestion Process, Solubilization Efficiency Process, Backuash Filter Drain
2. Mechanical Works, Works for Water Supply and Drainage","경상남도 양산시 웅상농공단지길 42 (덕계동, (주)월드이노텍,사무실)","42, Ungsangnonggongdanji-gil, Yangsan-si, Gyeongsangnam-do, KOREA",,,,0,,,,,,,world274@naver.com,True
아이에스㈜,"IS Co., Ltd. ",131-81-49567,,,인성철,"건설, 제조 외","전기,통신,소방시설공사,자동제어반,계장제어장치 외","2652, 4220, 4231, 4232, 7212","19B,28D,28C,34A","1. 음향, 영상, CCTV 시스템의 설계, 제작, 설치 및 A/S
2. 전기, 정보통신, 소방공사의 설계, 시공, 감리 및 A/S
3. 에너지절감(ESCO)용 설비/시설의 설계, 시공 및 A/S
4. 태양광 발전설비 제작, 설치 및 A/S","1. Design, production, installation and A/S of sound, video, and CCTV systems 
2. Design, construction, supervision and after-sales service for electricity, information and communication and firefighting construction
3. Design, construction and A/S of equipment/facility for energy saving (ESCO) 
4. Solar power generation facility manufacturing, installation and A/S ","인천광역시 연수구 청량로155번길 6, 201(옥련동)","#201, 6, Cheongnyang-ro 155beon-gil, Yeonsu-gu, Incheon, KOREA",,,www.is-hi.kr,0,,,,,,,,True
비에스에스 주식회사,"BSS Co., Ltd.",431-86-00402,,,김후석,제조 외,컨테이너 외,"2511, 4122, 4231","17B,28B,28C","콘테이너, 특수 콘테이너, 철 구조물, 발전기 구조용 금속 제품의 설계, 제조 및 전기 공사, 태양광 발전 설비 공사","Design and Manufacture of Container, Special Container, Steel Structure, Generator Structural Metal Products and Electric work, Solar power system work","경기도 화성시 동탄순환대로 830, 13층 1308호 (영천동, 동탄SKV1center)","830, Dongtansunhwan-daero, Hwaseong-si, Gyeonggi-do, KOREA",,,,0,,,,,,,,True
㈜진성유압,"JIN SUNG HYDRAULIC CO., LTD.",606-86-01567,,,김정호,제조업,유압기계 외,"2912, 2721","18A,19D",유압배관 장치의 생산 및 설치,Production and Installation of Hydraulic Piping System,부산광역시 강서구 제도로 30-23,"30-23, Jedo-ro, Gangseo-gu, Busan, KOREA ",,,,0,,,,,,,,True
㈜티씨아이,"TCI Co., Ltd.",620-81-38013,,,박용운,제조,자동차부품,"2224, 3032","14B,18A","자동차용 플라스틱 제품의 사출, 도장 및 선루프 사이드몰딩 아세이의 조립","Injection, Painting of Plastic Products for Automobile and Sunroof Side Molding Assembly",울산광역시 울주군 상북면 길천산업3길 14-16,"14-16, Gilcheonsaneop 3-gil, Sangbuk-myeon, Ulju-gun, Ulsan, KOREA ",,,,0,,,,,,,tcitaechang@naver.com,True
주식회사 엘아이텍,"LITECH Co., Ltd.",553-86-00508,,,신문석,"서비스, 도소매","회원관리, 정보통신, 소프트웨어 개발업 등",5822,33B,"물류시스템, 화물운송시스템, 중고화물차경매시스템 등의 개발 및 공급","Development and supply of logistics system, cargo transportation system, used truck auction system, etc. ","충청남도 천안시 동남구 풍세로 769-39, 301호(신방동)","#301, 769-39, Pungse-ro, Dongnam-gu, Cheonan-si, Chungcheongnam-do, KOREA ",,,,0,,,,,,,,True
㈜금송진산기계,"Kumsong Jinsan Machinery Co., Ltd.",615-81-47086,,,권영호,제조업 외,기계제작 외,2922,18A,"목재 생산용 기계장비의 설계, 개발, 생산 및 설치","Design, Development, Production and Installation of Mechanical Equipment for Wood Production",경상남도 김해시 생림면 나전로 117,"117, Najeon-ro, Saengnim-myeon, Gimhae-si, Gyeongsangnam-do, KOREA ",,,,0,,,,,,,,True
농업회사법인 주식회사 떡찌니,"DDUCZZINY Co., Ltd.",220-88-07925,,,석지현,제조,"떡, 음료, 과자, 즉석조리식품","1071, 4632, 4721","03A,29A",떡 및 떡류(즉석조리식품)의 제조 및 판매,Manufacture and sale of rice cakes and rice cakes (instant food),경기도 광주시 곤지암읍 가마을길 203,"203, Gamaeul-gil, Gonjiam-eup, Gwangju-si, Gyeonggi-do, KOREA ",,,,0,,,,,,,,True
㈜데일리잡,"DAILYJOB Co., Ltd.",314-86-38340,,,김철주,서비스,"온라인정보제공업, 리서치업 등",6399,33B,온라인 정보 제공,Online information provision,"대전광역시 서구 둔산로31번길 65, 2층 3층(둔산동, 금강빌딩)","65, Dunsan-ro 31beon-gil, Seo-gu, Daejeon, KOREA",,,,0,,,,,,,,True
㈜제일바이오,"JEILBIO Co., Ltd.",556-87-02045,,,최수경,"도매 및 소매업, 서비스업",정밀기기 및 과학기기 도매업,"2721, 4659","19D,29A","과학기기, 분석기구 제조 및 도소매",Manufacturing and sales of scientific and analytical instruments,"대전광역시 유성구 대학로 28, 1106호(봉명동, 홍인오피스텔)","#1106, 28, Daehak-ro, Yuseong-gu, Daejeon, KOREA",,,www.jeilbio.co.kr,0,,,,,,,,True
㈜대현,"Daehyun Co., Ltd.",615-81-02890,,,남계곤,운보 외,트레일러 외,4930,31A,수출입 컨테이너 화물 및 내수 화물의 운송 및 보관,"Transportation and Storage Service of In-bound, Out-bound Container Cargo and Domestic Cargo","부산광역시 중구 중앙대로 102, 902호 (중앙동4가, 팬오션(주)부산빌딩)","#902, 102, Jungang-daero, Jung-gu, Busan, KOREA",,,,0,,,,,,,,True
㈜현대주방금속,"HYEONDAE JUBANG METAL CO., LTD.",475-81-01537,,,정연자 ,주방기구제작,주방용 금속기구 제작,2599,17B,주방용 금속기구의 제조,Manufacture of metal equipment for kitchen,"경기도 구리시 갈매순환로166번길 45, 제비에이치 232호, 233호, 234호, 235호, 236호 (갈매동, 구리갈매 아너시티)","#232~236, 45, Galmaesunhwan-ro 166beon-gil, Guri-si, Gyeonggi-do, KOREA",,,,0,,,,,,,,True
[해지]함께쓰는 우산 장애인 보호작업장,Shared Umbrella Disability Protection Workplace,636-82-00353,,,장윤경,"제조업, 도매 및 소매업","커피, 빵류, 과자류 및 당류 소매업",1079,03A,커피 원두 가공(생산),Manufacture of Coffee products,"경기도 의왕시 갈미2로 30, 401호(내손동, 미광프라자)","30, Galmi 2-ro, Uiwang-si, Gyeonggi-do, KOREA ",,,,0,,,,,,,,True
㈜원천수지,"WONCHEONSOOJI Co., Ltd.",887-86-02466,,,원종문,제조업,재생 플라스틱,2020,12B,합성수지 필름의 제조,Manufacture of synthetic resin film ,충청북도 청주시 청원구 북이면 의암로 133-32 ,"133-32, Uiam-ro, Bugi-myeon, Cheongwon-gu, Cheongju-si, Chungcheongbuk-do, KOREA",,,,0,,,,,,,,True
주식회사 에어프로텍,"Air-Protect Co., Ltd.",602-87-02275,,,김재정,제조업,산업용 장비,"2913, 2917",18A,"터보블로워, 터보컴프레서, 터보냉동기의 제조 및 설치","Manufacture and Installation of Turbo Blowers,Turbo Compressors and Turbo Chillers System",충청북도 청주시 청원구 팔결로 315 (외하동),"315, Palgyeol-ro, Cheongwon-gu, Cheongju-si, Chungcheongbuk-do, KOREA ",,,,0,,,,,,,,True
㈜에스엔,"SN Co., Ltd.",314-86-21062,,,송수준,제조업,"전동기, 발전기 및 전기 변환장치, 배전반, 전기공급 및 제어장치","2812, 2928","19A,18A","1. 배전반, 분전반, MCC, 전기자동제어반의 설계, 제조 및 서비스
2. 산업용 로봇 제조","1. Design, Manufacturing and Services of Switchgear, Switchboard, MCC and  Automation & Control Panel
2. Manufacture of Industrial Robots",대전광역시 유성구 국제과학17로 39,"39, Gukjegwahak 17-ro, Yuseong-gu, Daejeon, KOREA",,,,0,,,,,,,,True
㈜신화기연,"SHINHWA GIYEON CO., LTD.",542-87-01917,,,선철원,제조업,"밸브,배관",2913,18A,"1. 상·하수용 배관자재의 제조
2. 밸브실, 제수밸브보호통 및 지수전보호통에 대한 설계, 개발 및 제조","1. Manufacture of piping materials for water and sewage
2. Design, development and manufacture of valve chamber, water valve protection cylinder and shutoff protection cylinder",충청북도 청주시 청원구 오창읍 호죽성재로 550,"550, Hojukseongjae-ro, Ochang-eup, Cheongwon-gu, Cheongju-si, Chungcheongbuk-do, KOREA",,,,0,,,,,,,,True
주식회사 다유텍,"DAYOUTEK CO., Ltd.",124-87-23090,,,서민석,제조업,전자부품 주형 및 금형,2224,14B,플라스틱 사출 성형 제품 제조,Manufacture of Plastic Molding Parts,경기도 화성시 봉담읍 최루백로 451-2 ,"451-2, Choerubaek-ro, Bongdam-eup, Hwaseong-si, Gyeonggi-do, KOREA",,,dyt3582@hanmail.net,0,,,,,,,dayoutech@daum.net,True
엠에스에이치티씨,MSHTC,433-85-01550,,,박종운,제조업,금속열처리,2592,17B,"금속제품에 대한 열처리(자동차 부품, 중장비 부품, 산업기계 부품, 조선기자재부품 등)","Heat treatment for metal products (automobile parts, heavy equipment parts, industrial machinery parts, shipbuilding equipment parts, etc.)","경상남도 함안군 법수면 장백로 528-26 (강주리, 엠에스에이치티씨)","528-26, Jangbaek-ro, Beopsu-myeon, Haman-gun, Gyeongsangnam-do, KOREA",,,,0,,,,,,,,True
㈜에이엔알,"ANR CO., LTD.",124-86-29160,,,이재균,"서비스, 제조업, 건설업, 도소매, 부동산, 서비스","소프트웨어개발, SI, 컴퓨터 제조업, 정보통신공사, 전산장비, 임대, 네트워크 및 정보보안컨설팅, 자료 처리업",5822,33B,"소프트웨어 개발 및 공급, 보안솔루션 구축 및 유지보수, 시스템 개발 및 유지보수","Software development and supply, security solution construction and maintenance, system development and maintenance","대전광역시 대덕구 대화로 120, 905호 (대화동, 가온비즈타워)","#905, 120, Daehwa-ro, Daedeok-gu, Daejeon, KOREA",,,,0,,,,,,,,True
㈜유진이앤티,"YUJIN E&T CO., LTD.",610-81-82360,,,이두홍,제조업 외,"고무 플라스틱,조성물생산 외",2012,12A,"ACP(Aluminum Composite Panel-알루미늄 복합패널)용 난연 컴파운드의 설계, 개발 및 생산","Design, development and production of flame retardant compound for ACP (Aluminum Composite Panel)",경상남도 양산시 산막공단남4길 39-2 (북정동),"39-2, Sanmakgongdannam 4-gil, Yangsan-si, Gyeongsangnam-do, KOREA",,,,0,,,,,,,,True
협신전기,Hyupshin Electricity Co.,210-01-52155,,,최해석,제조,엘리베이터 부품,2629,19B,엘리베이터용 전기전자 부품에 대한 생산,Production of electrical and electronic parts for elevators,"충청북도 충주시 충주산단1로 4-1, 가동(목행동)","Ga-dong, 4-1, Chungjusandan 1-ro, Chungju-si, Chungcheongbuk-do,  KOREA",,,,0,,,,,,,,True
주식회사 디비바이오,"DB bio Co., Ltd.",551-86-02500,,,이재석,"도매 및 소매업, 제조업, 협회 및 단체, 수리 및 기타 개인 서비스업","과학기자재, 시약, 컴퓨터 및 전자제품 부품, 무역, 과학기자재 장비 AS",2721,19D,"과학기기, 분석기구 제조 및 판매",Manufacturing and sales of scientific and analytical instruments,"충청북도 청주시 흥덕구 오송읍 만수길 45, 1층(해우빌)","45, Mansu-gil, Osong-eup, Heungdeok-gu, Cheongju-si, Chungcheongbuk-do, KOREA",,,,0,,,,,,,,True
진광에스엔씨㈜,"Jinkwang SNC Co., Ltd.",723-86-00408,,,이종진,"건설업,제조업,도소매",정보통신공사업 외,"4232, 4231, 4651, 2642, 4652","28C,29A,19B","1. 정보통신공사, 전기공사 및 유지보수
2. 네트워크장비(백존, SERVER, 스위치)에 대한 판매, 설치 및 유지보수
3. CCTV에 대한 제조 및 설치
4. CCTV솔루션 판매
5. 스마트신호등 제조 및 설치
6. 통합배선반 제조 및 설치","1. Information and communication construction, electrical construction and maintenance
2. Sales, installation and maintenance of network equipment (backzone, server, switch)
3. Manufacturing and installation for CCTV
4. Sales of CCTV solutions
5. Smart traffic light manufacturing and installation
6. Manufacture and installation of integrated wiring board",대전광역시 동구 대전로 288-48 (대성동),"288-48, Daejeon-ro, Dong-gu, Daejeon, KOREA",,,,0,,,,,,,,True
큰마음유한회사,"Big Heart Co., Ltd.",314-81-27299,,,이경자,제조,"장구류명찰, 군장용품","1441, 1449",04B,군장병 용품의 제조,Manufacture of military soldiers' supplies,대전광역시 서구 계백로1300번길 135 (정림동),"135, Gyebaek-ro 1300beon-gil, Seo-gu, Daejeon, KOREA ",,,,0,,,,,,,,True
㈜코엘코,"Korea Elevator Coex Co., Ltd.",113-86-87817,,,이효철,제조,엘리베이터 부품,2916,18A,엘리베이터 부품 제조,Manufacture of elevator parts,"경기도 김포시 통진읍 애기봉로 662번길 22-26, 가동","Gadong, 22-26, Aegibong-ro 662beon-gil, Tongjin-eup, Gimpo-si, Gyeonggi-do, KOREA",,,,0,,,,,,,,True
[해지]우강테크,WOOKANG Co.,309-02-52433,,,김지언,제조업,도장 및 기타 피막 처리업,2592,17B,"철골, 기계, 플랜트의 표면처리","Surface treatment of steel frame, machine, and plant",충청남도 당진시 우강면 박원로 1 ,"1, Bagwon-ro, Ugang-myeon, Dangjin-si, Chungcheongnam-do, KOREA",,,,0,,,,,,,,True
유진공업 주식회사,"YooJin Co., Ltd.",753-81-01306,,,박노근,제조업,냉간단조,2591,17B,"냉간단조 제품(전기전자용, 자동차용)에 대한 생산","Production of cold forging products (for electric and electronic, automobile)",경상남도 함안군 칠원읍 용산5길 30-20,"30-20, Yongsan 5-gil, Chirwon-eup, Haman-gun, Gyeongsangnam-do, KOREA",,,,0,,,,,,,,True
주식회사 제이피산업,"Jpindustry Co., Ltd.",248-86-01231,,,정인영,"도소매, 제조업, 도매 및 소매업","기타 각종 철 및 비철금속, 기타 1차 비철금속 제조업, 철물 및 난방용구 소매업",2221,14B,필름의 제조,Manufacture of film,"대전광역시 대덕구 대화로 160, 9동 325호 (대화동)","160, Daehwa-ro, Daedeok-gu, Daejeon, KOREA",,,,0,,,,,,,,True
주식회사 제이피산업,"Jpindustry Co., Ltd.",248-86-01231,,,정인영,"도소매, 제조업, 도매 및 소매업","기타 각종 철 및 비철금속, 기타 1차 비철금속 제조업, 철물 및 난방용구 소매업",2020,12B,합성수지필름의 제조,Manufacture of synthetic resin film,"대전광역시 대덕구 대화로 160, 9동 325호 (대화동)","160, Daehwa-ro, Daedeok-gu, Daejeon, KOREA",,,,0,,,,,,,,True
주식회사 루트원테크,"ROOTONETECH CO., LTD.",708-86-02412,,,남용우,"개발 및 제조업, 자문, 개발, 제조, 공급, 개발 및 공급","유무선 통신시스템, 소프트웨어, 인터넷 에이에스피 플랫폼","2641, 2642",19B,유무선 통신시스템의 제조,Manufacture of wired and wireless communication system ,"세종특별자치시 갈매로 353, 에이동 4026호 (어진동, 에비뉴힐)","#4026, A dong, 353, Galmae-ro, Sejong-si, KOREA",,,,0,,,,,,,,True
제일모터산업 주식회사,"Jeil Motor Industry Co., Ltd.",890-81-02768,,,이미도,"제조업, 도매 및 소매업","BLDC moter 설계,제작,생산,자동차 부품등",2812,19A,산업용 BLDC 모터의 제조,Manufacture of BLDC Motor for Insudtrial,"전라북도 김제시 백산면 하공로 549, 1층","1F, 549, Hagong-ro, Baeksan-myeon, Gimje-si, Jeollabuk-do, KOREA",,,,0,,,,,,,lmd882@naver.com,True
주식회사 이트라이언,"eTRION Co., Ltd.",183-87-00489,,,강도연,제조업,배터리 팩,2811,19A,배터리팩의 제조,Manufacture of battery packs,"대전광역시 유성구 테크노4로 17, D동 1층 106호(관평동, 비즈센터)","17, Techno 4-ro, Yuseong-gu, Daejeon, KOREA ",,,http://e-trion.co.kr,0,,,,,,,,True
한성볼트,HanSung Bolt Co.,606-04-30940,,,조수진,제조,"볼트,너트 생산",2594,17B,자동차 및 산업용 볼트 및 너트의 제조,Manufacturing of bolts and nuts for automotive and industry ,부산광역시 강서구 공항로1409번길 61-11 (대저1동),"61-11, Gonghang-ro 1409beon-gil, Gangseo-gu, Busan, KOREA",,,,0,,,,,,,,True
오성쎌레트라 주식회사,"O-Sung Celetra Co., Ltd.",393-87-02366,,,김재철,제조업,반도체 제조용 기계 제조업,2913,18A,"반도체 제조용 기계(배관, 제관 등)의 제조","Manufacturing of semiconductor manufacturing machinery (piping, canning, etc.) ","경기도 평택시 고덕면 도시지원1길 16, 830호 (고덕비즈타워)","#830, 16, Dosijiwon 1-gil, Godeok-myeon, Pyeongtaek-si, Gyeonggi-do, KOREA",,,,0,,,,,,,,True
주식회사 케이엠제이,"KMJe Co., Ltd.",312-86-60263,,,고명진,제조업,화학장치,2917,18A,박막 증류 장치의 설계 및 제조,Design and manufacture of thin film distillation apparatus ,"충청남도 천안시 동남구 성남면 대흥1길 153-34, 2동","2-dong, 153-34, Daeheung 1-gil, Seongnam-myeon, Dongnam-gu, Cheonan-si, Chungcheongnam-do, KOREA",,,www.kmje.co.kr,0,,,,,,,,True
[해지]대한철강㈜,"DAEHAN STEEL Co., Ltd.",204-84-28671,,,박종구,"도매업,제조업","철강,철판,코일,철강절단가공",2419,17A,"1. 슬리팅 가공 및 샤링 가공에 대한 생산 및 서비스
2. 형상교정 및 세척 가공에 대한 생산 및 서비스
","1. Production and Service of Slitting Processed and Sharing Processed
2. Production and Service of Levelling Processed and Lavage Processed","본사·공장: 충청남도 당진시 신평면 원머리로 271
2공장: 충청남도 당진시 송산면 동곡로 77","Head Office·Factory: 271, Wonmeori-ro, Sinpyeong-myeon, Dangjin-si, Chungcheongnam-do, KOREA
Factory2: 77, Donggok-ro, Songsan-myeon, Dangjin-si, Chungcheongnam-do, KOREA",,,www.daehansteel.co.kr,0,,,,,,,,True
㈜세명씨메트리,"SEMYUNG SYMMETRY Co., Ltd.",130-86-50407,,,조순기,제조업,건축자재(금속 조립구조재),2511,17B,"건축자재(갱폼, 특수폼, 알폼 등)의 제조","Manufacture of building materials (gang form, special form, A.L form, E/V Box form, etc.)",충청북도 음성군 생극면 오신로445번길 71 (신양리),"71, Osin-ro 445beon-gil, Saenggeuk-myeon, Eumseong-gun, Chungcheongbuk-do, KOREA",,,,0,,,,,,,,True
아토솔루텍㈜,"ATTO SOLUTEK CO., LTD.",159-88-02012,,,최재영,도매 외,산업용기계설비 외,"2719, 2929, 2913, 2599","19C,18A,17B","우주, 항공산업용 치공구(Milling Fixture, Bending Jig, 이송장치), 사출 금형, 터빈용 임펠러, 방산용 차량 다연장로켓포 프레임 및 선박 엔진용 윤활오일펌프기어의 생산","Production of tools for space and aerospace industry (Milling Fixture, Bending Jig, Transfer Equipment), injection molds, impeller for turbine, multiple rocket launcher frames for defense vehicle and lubricating oil pump gears for marine engine",경상남도 김해시 진영읍 하계로240번길 211-25,"211-25, Hagye-ro 240beon-gil, Jinyeong-eup, Gimhae-si, Gyeongsangnam-do, KOREA ",,,,0,,,,,,,,True
㈜유니스테크,"UNIS TECH CO., LTD.",802-86-00579,,,채정덕,도매 외,기관부품 외,"2913, 2917",18A,"선박용 펌프(원심형, 기어형, 3축 스크류형, 피스톤형, 모노형), 유수분리기용 필터 및 메카니칼 씰의 설계, 개발 및 생산","Design, development and production of marine pumps(centrifugal type, gear type, 3-screw type, piston type, one rotor screw type), oily water separator filters and mechanical seal","부산광역시 동구 중앙대로286번길 3-11, 5층(초량동, 유니스빌딩)","5F, 3-11, Jungang-daero 286beon-gil, Dong-gu, Busan, KOREA ",,,,0,,,,,,,,True
주식회사 해원,"HAE WON Co., Ltd.",409-86-45227,,,김선학,제조업,"플라스틱 절연체, 테이프","2225, 2229",14B,FORM 가공 및 점착/접착테이프 생산,Form Processing and Adhesive Tape Production,전라남도 영광군 대마면 전기차1로 116,"116, Jeongicha 1-ro, Daema-myeon, Yeonggwang-gun, Jeollanam-do, KOREA ",,,,0,,,,,,,,True
주식회사 해원,"HAE WON Co., Ltd.",409-86-45227,,,김선학,제조업,"플라스틱 절연체, 테이프","2225, 2229",14B,FORM 가공 및 점착/접착테이프 생산,Form Processing and Adhesive Tape Production,전라남도 영광군 대마면 전기차1로 116,"116, Jeongicha 1-ro, Daema-myeon, Yeonggwang-gun, Jeollanam-do, KOREA ",,,,0,,,,,,,,True
㈜동아특수금속,"Dong-A Special Metal Co., Ltd.",608-81-63754,,,"노윤경, 박정호","제조업, 도소매","합금철제조, 금속용접처리, 금속융단및유사절단가공","2411, 2431",17A,"금속재료(금속주조합금, 기타금속가공)에 대한 제조","Manufacturing of metal materials (metal casting alloy, other metal processing) ",경상남도 함안군 법수면 장백로 528-16 (강주리),"528-16, Jangbaek-ro, Beopsu-myeon, Haman-gun, Gyeongsangnam-do, KOREA",,,www.dongaspecial.co.kr,0,,,,,,,,True
주식회사 윈텍,"WINTECH CO., LTD.",303-81-32055,,,양승남,제조,"필름가공, 접착용필름",2229,14B,"가공소재(윈도우용필름)의 설계, 개발, 생산 및 부가서비스","Design, Development, Production and Service of Processed Materials (Window Film)",충청북도 음성군 생극면 신덕로 35-32,"35-32, Sindeok-ro, Saenggeuk-myeon, Eumseong-gun, Chungcheongbuk-do, KOREA ",,,www.wintechfilm.com,0,,,,,,,,True
케이제이테크,KJ Tech,858-10-00752,,,이광구,제조업,"구조물제작,레이저가공","2591, 2592",17B,"금속 제품의 설계, 개발, 절단가공 및 제조","Design, Development, Cutting Processing and Manufacture of Metal Product",대전광역시 유성구 테크노2로 13-9 (관평동),"13-9, Techno 2-ro, Yuseong-gu, Daejeon, KOREA",,,,0,,,,,,,,True
한국클린씨터미날㈜,"CLEAN SEA TERMINAL KOREA CO., LTD.",202-81-64346,,,장석율,서비스 외,산업설비청소업 외,7421,35C,ISO 탱크컨테이너의 세척 및 수리,Cleaning and repair of ISO tank container,경상남도 양산시 물금읍 제방로 225,"225, Jebang-ro, Mulgeum-eup, Yangsan-si, Gyeongsangnam-do, KOREA",,,,0,,,,,,,,True
주식회사 태영하이테크,"TAEYOUNG HI-TECH Co., Ltd.",609-86-05112,,,신동환,제조업외,동력전달장치 외,2914,18A,"1.자동차 및 산업제품(기어)에 대한 생산
2.방산제품(기어)에 대한 설계, 개발 및 생산","1. Production for automobiles and industrial products (gears)
2. Design, development and production of defense products (gears)",경상남도 창원시 마산회원구 자유무역2길 178 (양덕동),"178, Jayumuyeok 2-gil, Masanhoewon-gu, Changwon-si, Gyeongsangnam-do, KOREA",,,,0,,,,,,,tax@taeyounggear.com/jhan@taeyounggear.com,True
주식회사 세종씨이엠,"SEJONG CEM Co., Ltd. ",307-81-47206,,,임인택,"서비스업, 연구개발 및 제조 외","시설(건물)종합관리용역, 공기 청정 살균기 외",2719,19C,공기 청정 살균기의 제조,Manufacture of air cleaner sterilizer,"세종특별자치시 나성로 41, 702호(나성동, 하해빌딩)","#702, 41, Naseong-ro, Sejong-si, KOREA ",,,,0,,,,,,,,True
㈜플러스전기공사,"PLUS ELECTRIC Co., Ltd.",287-88-01230,,,이해경,"건설업, 제조업, 정보통신업","전기공사, 수배전반, 엠씨씨, 분전반제작, 내부 통신배선 공사업, 응용 소프트웨어 개발 및 공급업, 시스템 소프트웨어 개발 및 공급업, 컴퓨터 프로그래밍 서비스업","2812, 4220, 4231","19A,28D,28C","1. 수배전반, MCC, 분전반의 제조, 설치 및 유지보수   
2. 전기공사 시공 및 유지보수","1. Manufacture, installation and maintenance of switchgear, MCC, and distribution board
2. Electrical construction and maintenance ",대전광역시 대덕구 송촌북로19번길 17 (중리동),"17, Songchonbuk-ro 19beon-gil, Daedeok-gu, Daejeon, KOREA",,,,0,,,,,,,,True
㈜동양아이텔,"DONG YANG I TEL CO., LTD.",605-81-21041,,,황일신,제조 외,"통신제품, CATV, CCTV, 영상음향기기 외","2642, 4231, 4232","19B,28C","1. CATV, CCTV, 방송음향기기, 통신장비(Headend, CA증폭기, 광장비)의 생산
2. 전기/통신 공사","1. Production of CATV, CCTV, Sound Apparatus and Telecommunication Equipment (Hedadend, CA Amplifier, Optical-ceiver)
2. Construction of Electric and Communication Work ","경기도 안양시 동안구 벌말로 66, A동 316호(관양동, 평촌역하이필드)","316-ho, A-dong, 66, Beolmal-ro, Dongan-gu, Anyang-si, Gyeonggi-do, KOREA",,,,0,,,,,,,,True
㈜플러스파워,"PLUSPOWER Co., Ltd.",384-88-02151,,,최희진,"제조업, 도매 및 소매업","배전만 및 전기 자동제어반 제조업, 전동공구, 가전제품 및 부품 도매업, 전구, 램프 및 조명장치 도매업 등","2812, 2642, 2719, 2919, 5821","19A,19B,19C,18A 33B","1. 분전반, 배전반, 원동기제어반, CCTV, 플라즈마살균기, 전동공구의 설계, 개발, 제조 및 유지보수
2. 소프트웨어의 개발, 공급 및 유지보수","1. Design, development, manufacturing and maintenance of distribution boards, switchboards, motor comtrol panels, CCTVs, plasma sterilizers, and power tools
2. Development, supply and maintenance of software","대전광역시 동구 대학로 62, 320호(용운동, 대전대학교 창업보육센터)","#320, 62, Daehak-ro, Dong-gu, Daejeon, KOREA ",,,,0,,,,,,,,True
㈜코어테크닉스,"CORETECHNICS CO., LTD.",130-86-91543,,,신현곤,"제조업, 도소매업","사출성형 및 금형제작, 전자부품","2224, 2591, 2842","14B,17B,19A",자동차 및 LED조명기구의 사출품 제조,Manufacturing of Extruded Products for Automobiles and LED Lighting Equipment,"경기도 시흥시 엠티브이25로20번길 41, C동 5호 (정왕동)","No. 5 in 41 C-dong, Emtibeui 25-ro 20beon-gil, Siheung-si, Gyeonggi-do, KOREA",,,,0,,,,,,,,True
㈜은성엔지니어링,"EUNSUNG ENGINEERING CO., LTD.",301-81-43444,,,김정현,"제조, 도소매","배전반, 전기전자부품, 자동제어반, 금속공작물, 전기 및 전자기기",2812,19A,"수배전반, MCSG반, 저압반, Load Center반, MCC반 및 분전반에 대한 설계, 개발, 제조 및 시험, 설치","Design, Development, Manufacture and Test, Installation of Switchgear Board, Metal Clad Switchgear Board, Low Voltage Switchboard, Load Center Board, Motor Control Center, Distribution Board",충청북도 청주시 청원구 오창읍 미래지로 6-36,"6-36, Miraeji-ro, Ochang-eup, Cheongwon-gu, Cheongju-si, Chungcheongbuk-do,KOREA",,,,0,,,,,,,,True
누리테크,NURI Tech,610-39-99222,,,김대선,제조업,"레이저,절곡,제관","2591, 2592",17B,"금속 제품의 설계, 개발, 절단가공 및 제조","Design, Development, Cutting Processing and Manufacture of Metal Product",대전광역시 대덕구 평촌1길 59,"59, Pyeongchon 1-gil, Daedeok-gu, Daejeon, KOREA ",,,,0,,,,,,,,True
㈜주왕산업,"JUWANG INDUSTRIAL CO., LTD.",402-81-66342,,,나윤경,제조업,"유량계측조절기, 수질분석, 무정전전원장치, 태양광발전장치, 수배전반, 계측기, 자동제어반, 프로세서제어반, 계장제어장치, 경관조명기구, 자동점멸기, 교통신호등, 교통제어설비, 가로등, 유무선원격제어장치","2811, 2812, 4231, 4232","19A,28C","1. 집합형배전반, 일반배전반, 전동기제어반, 분전반, 자동제어반, 중앙감시반, 계장제어반 및 계측기기, 태양광 발전장치(태양광 발전 접속함 포함) 및 배전반용 하네스에 대한 설계, 개발, 제작 및 설치  
2. 전기공사 및 정보통신공사의 시공","1. The registration covers the design, development, manufacture and installation of switchboards, control and distribution panels, measuring equipment, photovoltaic devices and harnesses
2. Provision of electrical and telecommunication work",전라북도 남원시 시묘길 100(노암동),"100, Simyo-gil, Namwon-si, Jeollabuk-do, KOREA ",,,,0,,,,,,,,True
㈜남양테크,"NAM YANG TECH CO., LTD.",609-81-54807,,,박성희,제조업,"자동화기계, 설비설계",2929,18A,"자동화기계설비에 대한 설계, 개발, 제조 및 서비스","Design, Development, Production and Servicing of Automatic Industrial Machine",경상남도 창원시 의창구 죽전로82번길 49 (팔용동),"49, Jukjeon-ro 82beon-gil, Uichang-gu, Changwon-si, Gyeongsangnam-do, KOREA",,,,0,,,,,,,,True
㈜남양테크,"NAM YANG TECH CO., LTD.",609-81-54807,,,박성희,제조업,"자동화기계, 설비설계",2929,18A,"자동화기계설비에 대한 설계, 개발, 제조 및 서비스","Design, Development, Production and Servicing of Automatic Industrial Machine",경상남도 창원시 의창구 죽전로82번길 49 (팔용동),"49, Jukjeon-ro 82beon-gil, Uichang-gu, Changwon-si, Gyeongsangnam-do, KOREA",,,,0,,,,,,,,True
주식회사 파워코닉스,"POWERCONIX CO., LTD.",779-81-02194,,,고영준,제조업 외,"자동제어, 배전반 외",2812,19A,"방폭(분전반, LCS, 정션박스), 전기분배전반의 설계, 개발 및 생산","Design, development and production of Ex-proof enclosure(distribution box, LCS, junction box), distribution box",경기도 화성시 정남면 문학로68번길나길 26,"26, Munhak-ro 68beonna-gil, Jeongnam-myeon, Hwaseong-si, Gyeonggi-do, KOREA ",,,,0,,,,,,,,True
㈜벨카리노,"BELCARINO Co., Ltd.",516-81-01269,,,"정무송, 홍승숙","제조, 도소매",,"3330, 4784","23C,29A","시계(손목시계, 회중시계, 골프시계), 가죽제품(가방, 구두, 지갑, 벨트), 넥타이 및 스카프의 설계 및 개발, 생산, 판매
골프용품(클럽, 공, 가방, 의류, 모자, 우산, 장갑)의 생산, 판매","Design & Development, Production, Sales of Watch(Wrist Watch, Pocket Watch, Golf Watch), Leather Goods(Bag, Shoes, Wallet, Belt), Necktie and Scarf 
Production, Sales of golf Supplies(Club, Ball, Clothes, Cap, Umbrella, Gloves)","서울특별시 성동구 아차산로 103, 지하1층 2103-2호 (성수동2가, 영동테크노타워)","#2103, B1, Yeongdong Techno Tower, 103, Achasan-ro, Seongdong-gu, Seoul, KOREA ",,,,0,,,,,,,,True
아이티텍 유한회사,IT-Tech,409-81-55564,,,유현,건설,정보통신공사,4232,28C,정보통신시설공사 및 유지보수,Information Telecommnication Works and Maintenance,"광주광역시 광산구 월계로 175, 3F (월계동)","3F, 175, Wolgye-ro, Gwangsan-gu, Gwangju, KOREA",,,,0,,,,,,,,True
주식회사 하나통신,"Hana Telcom Co., Ltd.",408-81-31900,,,유현,건설,정보통신공사,4232,28C,정보통신시설공사 및 유지보수,Information Telecommnication Works and Maintenance,전라남도 화순군 화순읍 진각로 152-6 ,"152-6, Jingak-ro, Hwasun-eup, Hwasun-gun, Jeollanam-do, KOREA",,,,0,,,,,,,,True
아라텔레콤(유),A La Telcom,410-86-06618,,,윤종아,건설,정보통신공사,4232,28C,정보통신시설공사 및 유지보수,Information Telecommnication Works and Maintenance,광주광역시 북구 동문대로 170 (두암동),"170, Dongmun-daero, Buk-gu, Gwangju, KOREA",,,,0,,,,,,,,True
(유)효성엔지니어링,Hyosung Engineering Co.,417-81-16015,,,강인규,건설,통신공사,4232,28C,정보통신시설공사 및 유지보수,Information Telecommnication Works and Maintenance,전라남도 여수시 미평로 65 (미평동),"65, Mipyeong-ro, Yeosu-si, Jeollanam-do, KOREA",,,,0,,,,,,,,True
주식회사 유런하이테크,"U-RUN HIGHTECH Co., Ltd.",313-81-24149,,,전병덕,제조업,자동차부품,2591,17B,정밀부품(자동차용 부품)의 개발 및 제조,Development and Manufacture of Precision Parts(Automotive Parts),충청남도 보령시 주포면 관산공단길 54,"54, Gwansangongdan-gil, Jupo-myeon, Boryeong-si, Chungcheongnam-do, KOREA",,,,0,,,,,,,,True
주식회사 원치과기공소,"One Dental Laboratory Co., Ltd.",522-87-01932,,,한성우,제조업,치과기공소,2719,19C,치과기공에 대한 개발 및 생산,The Development and Production for Dentist Factory,"경기도 수원시 영통구 신원로 88, 104동 304~305호, 204호 (신동, 디지털엠파이어2)","88, Sinwon-ro, Yeongtong-gu, Suwon-si, Gyeonggi-do, KOREA",,,,0,,,,,,,,True
인 디자인,IN Design CO.,395-13-01891,,,황인철,도소매업,"매트, 주방가구",4643,29A,매트 및 주방가구의 판매,Sales of mats and kitchen furniture,"세종특별자치시 해밀3로 43, 401호 (해밀동, 스카이드림)","#401, 43, Haemil 3-ro, Sejong-si, KOREA",,,,0,,,,,,,,True
㈜논산전력,Non San Electric Power Corp.,308-81-33383,,,정경한,건설업,정보통신공사,"4231, 4232",28C,전기공사 및 정보통신공사에 대한 시공 및 유지보수,Construction and Maintenance of Electrical Works and Information and Communication Works,충청남도 논산시 은진면 와야2길 20-7,"20-7, Waya 2-gil, Eunjin-myeon, Nonsan-si, Chungcheongnam-do, KOREA ",,,,0,,,,,,,,True
㈜파워플레이어,"POWER PLAYER Co., Ltd.",862-81-01333,,,김유재,제조업,화장품,"2042, 4644","12B,29A",화장품 제조 및 판매,Manufacture and Sale of Cosmetics,"대구광역시 동구 동대구로 465, 9층 914호(신천동, 대구스케일업허브)","465, Dongdaegu-ro, Dong-gu, Daegu, KOREA ",,,,0,,,,,,,,True
주식회사 삼정티비엠,"SAMJEONG TBM CO., LTD.",640-86-01965,,,정재우,제조 외,단조제품 외,"2591, 2432","17B,17A",형열간단조품 및 정밀주조품의 생산,Production of Hot Forging Products and Investment Casting,경상남도 김해시 진례면 고모로 80-24,"80-24, Gomo-ro, Jillye-myeon, Gimhae-si, Gyeongsangnam-do, KOREA ",,,,0,,,,,,,jungjaewoo815@gmail.com,True
서진씨엔에스㈜,"SEOJIN CNS CO., LTD.",301-81-41581,,,"김재영, 박찬숙",서비스업,소프트웨어 개발 및 공급,5822,33B,소프트웨어 개발 및 유지보수,Development and Maintenance of Software,"충청북도 청주시 상당구 1순환로 1202-3, 403, 404, 501호 (방서동, 서진빌딩)","Rm. 403, 404, 501, 1202-3, 1sunhwan-ro, Sangdang-gu, Cheongju-si, Chungcheongbuk-do, KOREA ",,,www.seojine.com,0,,,,,,,,True
주식회사 브라더푸드,"Brotherfoods Co., Ltd.",754-88-00973,,,서준호,"제조업, 도매 및 소매업","제과제빵, 각종식료품 무역",1071,03A,빵 및 과자류 제조,Manufacture of bakery products and sugar confectioneries,충청남도 공주시 계룡면 서주골길 1 ,"1, Seojugol-gil, Gyeryong-myeon, Gongju-si, Chungcheongnam-do, KOREA ",,,,0,,,,,,,,True
[해지]동원정공,DONG WON PRECISION INDUSTRY CO.,835-09-01427,,,장대근,제조업,전자부품,2591,17B,메카니칼 철판 프레스품의 생산,Production of Mechanical Steel Coil Press,경상남도 김해시 진영읍 서부로378번길 1-2," 1-2, Seobu-ro 378beon-gil, Jinyeong-eup, Gimhae-si, Gyeongsangnam-do, KOREA ",,,,0,,,,,,,,True
주식회사 한테크,"HANTEC Co., Ltd.",130-81-91193,,,김정호,"건설, 제조, 서비스","승강기설치, 엘리베이터, 물품취급장비 및 승강기보수","2916, 4220","18A,28D","승강기(엘리베이터, 덤웨이터, 에스컬레이터, 휠체어리프트)의 설계, 개발, 제작, 설치 및 유지보수","Design, development, manufacture, installation and maintenance of lifts (elevators, dumpers, escalators, wheelchair lifts)","경기도 광명시 광명로 841, 401호 (광명동, 동진프라자)","#401, 841, Gwangmyeong-ro, Gwangmyeong-si, Gyeonggi-do, KOREA",,,,0,,,,,,,,True
㈜제이에스교육,"JS Education Co., Ltd.",308-86-00704,,,이진숙,교육서비스업,보습학원,8569,37A,교육서비스업,The educational services industry,"서울특별시 강동구 동남로75길 13-7, 2,3층 (명일동, 배재빌딩)","2nd and 3rd floor, 13-7, Dongnam-ro 75-gil, Gangdong-gu, Seoul, KOREA",,,,0,,,,,,,,True
주식회사 강진,"Gangjin Co., Ltd.",385-88-00947,,,박상천,"제조업,건설업 외","플라스틱, PVC창호공사,금속구조물창호공사,유리 외","2222, 2511, 4242","14B,17B,28C",플라스틱 및 금속 창호 제조 및 시공,Manufacturing and construction of plastic and metal windows,경기도 화성시 장안면 발읍재안길 3 ,"3, Bareupjaean-gil, Jangan-myeon, Hwaseong-si, Gyeonggi-do, KOREA",,,,0,,,,,,,,True
주식회사 금성에이브이,"GS Audio Visual Co., Ltd.",271-86-00625,,,김성호,제조업외,"전자, 통신장비 외","4232, 2642, 2812","28C,19B,19A","1. 정보통신공사
2. 영상감시장치, 구내방송장치, 통합배선반의 제조","1. Information and Communication Construction
2. Manufacture of Video Surveillance Devices, Premises Broadcasting Devices and Integrated Wiring Boards",충청북도 충주시 상방11길 3 (봉방동),"3, Sangbang 11-gil, Chungju-si, Chungcheongbuk-do, KOREA",,,,0,,,,,,,,True
메가정보기술,MEGA INFORMATION TECHNOLOGY,303-01-70585,,,김성응,건설업외,통신공사외,"4232, 2642, 2812","28C,19B,19A","1. 통신공사  2. CCTV, 통합배선반의 제조","1. Communication Construction 2. Manufacture of CCTV, Integrated Wiring Board",충청북도 충주시 소가주1길 157(용관동),"157, Sogaju 1-gil, Chungju-si, Chungcheongbuk-do, KOREA ",,,,0,,,,,,,,True
주식회사 경포,"KYUNGPO CO., LTD.",505-81-07619,,,"김동율, 조기종","서비스, 부동산업",청소용역외,7410,35C,공동주택(시설)유지관리 서비스,Multi-family housing (facilities) maintenance service,경상북도 경주시 유림로 53-8(황성동),"53-8, Yurim-ro, Gyeongju-si, Gyeongsangbuk-do, KOREA ",,,,0,,,,,,,,True
이앤비정보통신㈜,"E&B Information & Communication Co., Ltd.",123-81-57125,,,변인수,"건설,제조 외","통신공사, 통신장비 외",4232,28C,정보통신시설공사,Construction of Information elecommunication Works,경기도 안양시 동안구 흥안대로439번길 55 (관양동),"55, Heungan-daero 439beon-gil, Dongan-gu, Anyang-si, Gyeonggi-do, KOREA",,,,0,,,,,,,enbtele@bill36524.com,True
주식회사 효준베스트진테크,"HYOJUN BJTECH Co., Ltd.",264-88-01218,,,진동철,제조업,자동화설비,"2612, 2721","19B,19D","자동제어장치(콘덴서 장비, LED 인덱스 장비, QLED 검사기 장비, 컨베이어 장비)에 대한 생산","Production of Automatic control device(condenser equipment, LED index equipment, QLED inspection equipment, conveyor equipment)","충청남도 천안시 서북구 성환읍 대학로 91, 15416호","15416-ho, 91 Daehak-ro, Seonghwan-eup, Seobuk-gu, Cheonan-si, Chungcheongnam-do, KOREA
",,,,0,,,,,,,,True
주식회사 미경정밀,"MIKYUNG PRECISION CO., LTD.",137-81-69426,,,박영규,제조업,"차단기, 개폐기용부품, 금형",2812,19A,"전기회로 개폐용 부품(코아, 터미널, 콘텐트)의 생산 및 부가서비스","Production and Servicing of Electric Circuit Switch Parts(Core, Terminal, Contact)",충청북도 청주시 청원구 북이면 장재금대로 226 ,"226, Jangjaegeumdae-ro, Bugi-myeon, Cheongwon-gu, Cheongju-si, Chungcheongbuk-do, KOREA ",,,,0,,,,,,,,True
에이앤오,ANO,519-60-00376,,,이보영,제조업,"전기회로 개폐, 보호 장치 제조업",2812,19A,전기회로 개폐용부품(차단기) 및 보호장치 생산,Production of Electric Circuit Switch Parts,충청북도 청주시 청원구 북이면 장재토성길 27,"27, Jangjaetoseong-gil, Bugi-myeon, Cheongwon-gu, Cheongju-si, Chungcheongbuk-do, KOREA ",,,,0,,,,,,,ano2220@naver.com,True
예스상사,Yessangsa,195-76-00303,,,정장용,"제조업, 도매 및 소매업","간판 및 광고물 제조업, 실사·현수막 출력, 철구조물 제작, 간판재료 등",3391,23D,간판 및 광고물의 제조,Manufacture of Signboards and Advertisements,대전광역시 대덕구 대덕대로1284번길 291(신일동),"291, Daedeok-daero 1284beon-gil, Daedeok-gu, Daejeon, KOREA ",,,,0,,,,,,,,True
동삼엔지니어링,DONGSAM ENGINEERING,230-47-00775,,,김동의,"제조업, 도매 및 소매업","산업기계, (밀링)선반, 굴곡시험기, 실험실용배기기, 교육훈련장비 등","2922, 2721","18A,19D","교육훈련용 장비 및 산업용(가공공작기계, 시험기) 기계 제조","Manufacture of training equipment and industrial (processing machine tools, testing machines) machines",충청남도 논산시 가야곡면 등1길 24 ,"24, Deung 1-gil, Gayagok-myeon, Nonsan-si, Chungcheongnam-do, KOREA ",,,,0,,,,,,,,True
주식회사 신우테크,"SHINWOOTECH Co., Ltd.",365-88-00749,,,권혜준,제조업,배전반 및 전기 자동제어반 제조업외,2812,19A,배전반 및 전기 자동제어반의 제조,Manufacture of Distribution Panel and Electrical Automatic Control Panel,충청남도 천안시 서북구 직산읍 석양길 28,"28, Seogyang-gil, Jiksan-eup, Seobuk-gu, Cheonan-si, Chungcheongnam-do, KOREA",,,,0,,,,,,,,True
주식회사 신우테크,"SHINWOOTECH Co., Ltd.",365-88-00749,,,권혜준,제조업,배전반 및 전기 자동제어반 제조업외,2812,19A,배전반 및 전기 자동제어반의 제조,Manufacture of Distribution Panel and Electrical Automatic Control Panel,충청남도 천안시 서북구 직산읍 석양길 28,"28, Seogyang-gil, Jiksan-eup, Seobuk-gu, Cheonan-si, Chungcheongnam-do, KOREA",,,,0,,,,,,,,True
경성산업주식회사,"KYUNGSUNG INDUSTRY Co., Ltd.",409-81-52437,,,김성자,"건설, 제조, 도소매","정보통신공사 및 전기공사, 계측제어시스템 및 자동제어반, 태양광발전장치 및 교통통제용제어장치 등","2721, 2811, 2812, 2842, 4232, 4231","19D,19A,28C","1. 계장(계측)제어장치, 에너지저장장치, 배전반, 자동제어반, CCTV시스템의 제조
2. 정보통신공사 및 전기공사의 시공","1. Manufacture of instrumentation (measurement) control device, energy storage device, switchboard, automatic control panel, CCTV system
2. Construction of information and communication works and electrical works",전라남도 화순군 이양면 이양농공길 55,"55, Iyangnonggong-gil, Iyang-myeon, Hwasun-gun, Jeollanam-do, KOREA",,,,0,,,,,,,,True
주식회사 코스모산전,"COSMOIS Co., Ltd.",305-86-16191,,,임민우,제조업,"부스덕트, 태양광, 수배전반, 직물제 마스크 제조, 철구조물 제작 외","2511, 2811","17B,19A","부스덕트, 태양광발전장치의 설계, 개발 및 제조","Design, Development and Manufacture of Bus Ducts and Photovoltaic Devices",충청남도 금산군 추부면 다복로 600-22,"600-22, Dabok-ro, Chubu-myeon, Geumsan-gun, Chungcheongnam-do, KOREA",,,,0,,,,,,,,True
주식회사 지오스테크놀러지,"XIOS TECHNOLOGY Co., Ltd.",246-87-01149,,,박일하,제조업 외,광통신부품 외,"2612, 2629",19B,"반도체, 광융합소자, 센서 부품 및 모듈의 개발 및 생산","Design and Production of Semiconductor, Optical Convergence, Sensor Component and Modules","광주광역시 북구 첨단벤처소로38번길 20-13, B7동 신기술창업센터 302호 (월출동, 한국광기술원)","#302, B7, 20-13, Cheomdan venture so-ro 38beon-gil, Buk-gu, Gwangju, KOREA",,,,0,,,,,,,,True
동인엔지니어링㈜,"DONG IN ENGINEERING CO., LTD.",123-81-77266,,,박진희,제조업외,산업화자동호설비및콘트롤판넬 외,"2811, 2721","19A,19D","자동제어설비(인버터, 피엘씨, 서보 및 큐비클)에 대한 설계, 개발, 조립 및 설치","Design, Development, Assembling and Installation of Automatic Control Systems including Inverter, PLC, Servo and Cubicles","경기도 안양시 동안구 흥안대로427번길 38, 809호 (관양동, 인덕원성지스타위드)","#809, 38, Heungan-daero 427beon-gil, Dongan-gu, Anyang-si, Gyeonggi-do, KOREA",,,,0,,,,,,,dongin1@dongineng.co.kr,True
삼영이엔씨㈜,"SAMYUNG ENC Co., Ltd.",601-81-26156,,,황재우,제조외,"통신기기,무선항법장치외","2642, 2721","19B,19D","육상 및 선박용 통신, 항해, 어로장비 및 측량기구에 대한 설계, 개발 및 생산","Design, Development and Manufacture of Electronic Equipment for Overland, Marine Communication, Navigation, Fishing and Sounding",부산광역시 영도구 상리로 69 (동삼동),"69, Sangni-ro, Yeongdo-gu, Busan, KOREA",,,www.samyungenc.com,0,,,,,,,,True
주식회사 아트원,"Art One Co., Ltd.",128-86-61430,,,정수균,건설업 외,실내건축 외,"4241, 5911","28C,39A","1. 실내건축공사에 대한 시공 
2. 영화, 비디오물 및 방송 프로그램 제작","1. Construction for interior construction work
2. Production of movies, videos, and broadcast programs","경기도 고양시 일산동구 태극로 60, 1007, 1008호 (장항동, 방송지원센터 빛마루)","#1008, #1007, 60, Taegeuk-ro, Ilsandong-gu, Goyang-si, Gyeonggi-do, KOREA",,,,0,,,,,,,,True
주식회사 비어프랜드,"BE A FRIEND CO., LTD.",366-81-01631,,,한진석,"제조업, 건설업, 도매 및 소매업, 서비스","산업용 냉장 및 냉동장비 제조업, 인테리어공사, 축산물 등",2917,18A," 냉각 테이블(펠티어 테이블), 휴대용 냉온기의 제조","Manufacture of Cooling tables (Peltier tables), Portable Coolers","대전광역시 유성구 온천북로 45, 3층 302호(봉명동, 대원빌딩)","#302, 45, Oncheonbuk-ro, Yuseong-gu, Daejeon, KOREA",,,,0,,,,,,,,True
라이언엔지니어링 주식회사,"LION ENGINEERING CO., LTD.",366-81-01631,,,이수미,제조업 외,산업용냉장 및 냉동장비 제조업 외,"2923, 2721","18A,19D",성형롤러머신 및 분체자동화 플랜트의 제조,Manufacture of Mould Roller Machine and Particle Automation Plant,전라남도 광양시 옥곡면 신금산단1길 42,"42, Singeumsandan 1-gil, Okgok-myeon, Gwangyang-si, Jeollanam-do, KOREA",,,www.lion1994.com,0,,,,,,,,True
㈜이알씨,ERC,130-81-75548,,,장석영,제조업,엔지니어링기술개발,"2721, 5822","19D,33B","1. 소음 및 진동 분석 계측 장비의 개발 및 제조
2. 소프트웨어 개발 및 공급  ","1. Development and manufacture of noise and vibration analysis instrumentation equipment
2. Development and supply of software","경기도 수원시 영통구 신원로 88, 103동 1007호","1007ho, 103dong, 88, Sinwon-ro, Yeongtong-gu, Suwon-si, Gyeonggi-do, KOREA ",,,http://www.erc.co.kr/,0,,,,,,,,True
㈜이편한자동화기술,"E-PYEONHAN AUTOMATION TECHNOLOGY CO., LTD.",825-86-00081,,,박찬배,"제조업, 도소매","전기, 전자부품, 농업 및 임업용 기계제조, 자동포장기계 및 특수목적용기계",2890,19A,인공지능 인체인식 시스템 개발 및 제조,Development and Manufacture of Artificial Intelligence Human Recognition System,대전광역시 동구 안골로28번길 15-4 (구도동),"15-4, Angol-ro 28beon-gil, Dong-gu, Daejeon, KOREA",,,,0,,,,,,,,True
주식회사 국민,"KUK MIN Co., Ltd.",416-81-09772,,,윤풍식,건설,정보통신공사,"4232, 4231, 4213, 4250","28C,28D","정보통신공사, 전기공사, 건축공사, 포장공사, 시설물유지관리서비스","Information Telecommunication works, Electric works, Construction works, Pavement works and Facility Maintenance works",전라남도 완도군 신지면 명사십리61번길 230 ,"230, Myeongsasimni 61beon-gil, Sinji-myeon, Wando-gun, Jeollanam-do, KOREA ",,,,0,,,,,,,,True
㈜아이에스오탱크,"ISO TANK SERVICE DEPOT Co., Ltd.",617-81-21419,,,정귀영,제조 외,철구조물 외,3401,18A,운반용 탱크 및 컨테이너의 수리,The Repair of Tank Containers and Containers,부산광역시 남구 신선로 294 (용당동),"294, Sinseon-ro, Nam-gu, Busan, KOREA",,,,0,,,,,,,,True
대정소방 주식회사,"DAEJEONG FIRE FIGHTING Co., Ltd.",417-81-50288,,,손경숙,건설업외,"소방공사업,소방점검업외","4220, 7532","28D,35C","소방시설의 시공, 점검 및 안전관리","Construction, inspection and safety management of firefighting facilities",전라남도 여수시 주삼덕양로 203 (주삼동),"203, Jusamdeogyang-ro, Yeosu-si, Jeollanam-do, KOREA",,,,0,,,,,,,,True
대정소방 주식회사,"DAEJEONG FIRE FIGHTING Co., Ltd.",417-81-50288,,,손경숙,건설업외,"소방공사업,소방점검업외","4220, 7532","28D,35C","소방시설의 시공, 점검 및 안전관리","Construction, inspection and safety management of firefighting facilities",전라남도 여수시 주삼덕양로 203 (주삼동),"203, Jusamdeogyang-ro, Yeosu-si, Jeollanam-do, KOREA",,,,0,,,,,,,,True
선경,SEONGYEONG Co.,225-51-00727,,,정왕균,제조업,탱크 외,"2511, 2512",17B,"압력용기탱크, 혼합탱크, 철구조물 및 철의장품의 생산","Production of Pressure Vessel Tanks, Mixing Tanks, Steel Structures and Steel Fittings",경상남도 김해시 한림면 안곡로 520-1,"520-1, Angok-ro, Hallim-myeon, Gimhae-si, Gyeongsangnam-do, KOREA",,,,0,,,,,,,,True
주식회사 데이그린,DAYGREEN Inc.,880-81-01291,,,이주현,제조업외,기타직물제품 제조업외,"1412, 1322","04B,04A","직물제품(실내복, 침구류, 커튼 등)의 디자인 및 제조","Design and manufacture of textile products (housewear, bedding, curtains, etc.)","대구광역시 중구 중앙대로81길 96, 201호 (남성로)","#201, 96, Jungang-daero 81-gil, Jung-gu, Daegu, KOREA",,,,0,,,,,,,,True
영신기전,Youngshin Gijeon Co.,883-23-01102,,,채창범,제조업,전동기,"2811, 3402","19A,19D","전동기(산업용, 선박용, 원자력용 등)에 대한 생산 및 수리","Production and repair of electric motors (industrial, marine, nuclear, etc.)",경상남도 창원시 성산구 연덕로15번길 81 (웅남동),"81, Yeondeok-ro 15beon-gil, Seongsan-gu, Changwon-si, Gyeongsangnam-do, KOREA",,,,0,,,,,,,,True
주식회사 동호산업,"Dongho Industry Co., Ltd.",202-87-00266,,,최진호,제조업,"부직포, 수세미, 침대커버 외","1322, 1399",04A,"부직포, 수세미, 매트리스 커버, 필터 및 마스크에 대한 제조","Manufacture of Non woven fabric, One time pad(loofah), Waterproof mattress cover, Filter and Mask",충청북도 음성군 금왕읍 금일로284번길 20 ,"20, Geumil-ro 284beon-gil, Geumwang-eup, Eumseong-gun, Chungcheongbuk-do, KOREA",,,,0,,,,,,,,True
㈜하나주방종합가구,"HN SYSTEM CO., LTD.",301-86-05917,,,이재용,제조업,"주방가구, 목재가구",4752,29A,"맞춤가구(씽크대, 붙박이장, 신발장, 진열장, 인조대리석)의 판매","Sales of customized furniture (sink, built-in cabinet, shoe rack, display case, artificial marble)",충청북도 청주시 서원구 남이면 남이가좌길 41 ,"41, Namigajwa-gil, Nami-myeon, Seowon-gu, Cheongju-si, Chungcheongbuk-do, KOREA",,,,0,,,,,,,,True
주식회사 국민산업,"Kukmin Industry Co., Ltd.",410-81-53038,,,손세현,건설외,시설물유지관리업외,"4232, 4122, 4250","28C,28B,28D","정보통신공사, 토목공사, 시설물 유지관리서비스","Information Telecommnication Works, Civil Works, and Facility Maintenance Works",전라남도 나주시 금천면 고안길 24-12 ,"24-12, Goan-gil, Geumcheon-myeon, Naju-si, Jeollanam-do, KOREA",,,,0,,,,,,,,True
주식회사 국민산업,"Kukmin Industry Co., Ltd.",410-81-53038,,,손세현,건설외,시설물유지관리업외,"4232, 4122, 4250","28C,28B,28D","정보통신공사, 토목공사, 시설물 유지관리서비스","Information Telecommnication Works, Civil Works, and Facility Maintenance Works",전라남도 나주시 금천면 고안길 24-12 ,"24-12, Goan-gil, Geumcheon-myeon, Naju-si, Jeollanam-do, KOREA",,,,0,,,,,,,,True
주식회사 대한네트웍,"DAEHAN NETWORK Co., Ltd.",238-88-00127,,,심점구,건설업외,정보통신공사업외,4232,28C,정보통신시설공사 및 유지보수(포장공사),Information Telecommnication Works and Maintenance(Road Pavement Works),전라남도 장성군 진원면 청용길 65-6 ,"65-6, Cheongyong-gil, Jinwon-myeon, Jangseong-gun, Jeollanam-do, KOREA",,,,0,,,,,,,,True
미쉘원홀딩스㈜,"MichelleWon Holdings Co., Ltd.",712-87-02494,,,이종국,정보통신업,응용 소프트웨어 개발 및 공급,"5822, 4791","33B,29A","1. 응용소프트웨어 개발 및 공급
2. 전자상거래(생활잡화, 식품, 의류등)","1. Application software development and supply
2. E-commerce (daily goods, food, clothing, etc.)","경기도 수원시 팔달구 세지로 394, 406호 (우만동)","#406, 394, Seji-ro, Paldal-gu, Suwon-si, Gyeonggi-do, KOREA",,,,0,,,,,,,,True
미쉘원홀딩스㈜,"MichelleWon Holdings Co., Ltd.",712-87-02494,,,이종국,정보통신업,응용 소프트웨어 개발 및 공급,"5822, 4791","33B,29A","1. 응용소프트웨어 개발 및 공급
2. 전자상거래(생활잡화, 식품, 의류등)","1. Application software development and supply
2. E-commerce (daily goods, food, clothing, etc.)","경기도 수원시 팔달구 세지로 394, 406호 (우만동)","#406, 394, Seji-ro, Paldal-gu, Suwon-si, Gyeonggi-do, KOREA",,,,0,,,,,,,,True
㈜태창이앤아이,TAECHANG E&I,135-86-42799,,,윤영기,제조업,"산업처리공정제어장비, 배전반, 자동제어반","2721, 2812","19D,19A","반도체/LCD장비의 자동제어 Control 판넬에 대한 설계, 개발 및 생산","Design, Development and Production of Automatic Control Panel of Semiconductor/LCD Equipment","경기도 수원시 영통구 신원로 306, 1동 105, 106호 (원천동, 영통이노플렉스-1단지)","#105, #106, 1dong, 306, Sinwon-ro, Yeongtong-gu, Suwon-si, Gyeonggi-do, KOREA",,,,0,,,,,,,hwlim@tceni.co.kr,True
주식회사 유성에스티,"YUSUNG S.T Co., Ltd.",708-87-00255,,,박민호,"제조업, 부동산","반도체,LCD부품가공, 임대","2927, 2592, 2629","18A,17B,19B","정밀 절삭 가공부품 생산(반도체용 기계부품(LCD, LED), 제조기계용 부품, 조립금속제품용)","Production of precision-cutting parts(mechanical parts for semiconductors (LCD, LED), parts for manufacturing machines, assembly metal products)",충청남도 아산시 둔포면 아산밸리남로 193 ,"193, Asanbaellinam-ro, Dunpo-myeon, Asan-si, Chungcheongnam-do, KOREA",,,,0,,,,,,,,True
㈜세종기획,"SEJONG Package & Development Co., Ltd.",201-86-16695,,,위강복,"제조, 서비스업","인쇄, 제품디자인","1811, 1812",09A,인쇄물의 설계 및 제작,The Design and Printing of Printed Materials,"서울특별시 중구 퇴계로36가길 9, 4층 (필동2가)","4F, 9, Toegye-ro 36ga-gil, Jung-gu, Seoul, KOREA",,,,0,,,,,,,,True
안성에이텍㈜,"Ansung A-Tech Co., Ltd.",412-81-55764,,,이미정,"제조업, 도소매","증장비 및 농기계용 유압배관, 호스 제조, 유공압 제조 외",2912,18A,"유,공압 기기 제조(HOSE, PIPE ASSEMBLY)","Manufacture of hydraulic and pneumatic equipment (HOSE, PIPE ASSEMBLY)","충청남도 천안시 서북구 입장면 기로1길 75, 에이동","A Dong, 75, Giro 1-gil, Ipjang-myeon, Seobuk-gu, Cheonan-si, Chungcheongnam-do, KOREA",,,,0,,,,,,,,True
안성에이텍㈜,"Ansung A-Tech Co., Ltd.",412-81-55764,,,이미정,"제조업, 도소매","증장비 및 농기계용 유압배관, 호스 제조, 유공압 제조 외",2912,18A,"유,공압 기기 제조(HOSE, PIPE ASSEMBLY)","Manufacture of hydraulic and pneumatic equipment (HOSE, PIPE ASSEMBLY)","충청남도 천안시 서북구 입장면 기로1길 75, 에이동","A Dong, 75, Giro 1-gil, Ipjang-myeon, Seobuk-gu, Cheonan-si, Chungcheongnam-do, KOREA",,,,0,,,,,,,,True
㈜남광,"Namkwang Co., Ltd.",790-81-00437,,,장성중,건설업,기계설비공사업,4220,28C,기계 설비 설치 및 유지보수,Installation and maintenance of machine equipment,"울산광역시 울주군 온산읍 산암로 440, 317호","#317, 440, Sanam-ro, Onsan-eup, Ulju-gun, Ulsan, KOREA",,,,0,,,,,,,nkc.co@hotmail.com,True
㈜숨터솔루션,"SOOM TEO SOLUTION CO., LTD.",126-87-01995,,,구병식,제조업,층간소음차음제,2219,14A,"바닥 충격음 차단제의 설계, 개발 및 생산","Design, Development and Production of Floor Impact Sound Blocker",경상남도 의령군 봉수면 한지18길 46,"46, Hanji 18-gil, Bongsu-myeon, Uiryeong-gun, Gyeongsangnam-do, KOREA",,,,0,,,,,,,,True
주식회사 우강테크,"Wookang Tech Co., Ltd.",415-88-02213,,,김지언,제조업외,도장및기타피막처리업 외,2592,17B,"철골, 기계, 플랜트의 표면 및 도장 처리","Surface and painting treatment of steel frame, machine and plant","충청남도 당진시 우강면 박원로 1, 마동","1, Bagwon-ro, Ugang-myeon, Dangjin-si, Chungcheongnam-do, KOREA",,,,0,,,,,,,jieoun70@naver.com,True
주식회사 엔와이엘이디,"NY LED Co., Ltd.",326-81-00954,,,이우조,제조업,"LED 조명, 전기조명자재,","2842, 2812",19A,"매입형 및 고정형LED등기구, 투광조명기구(LED용), 공장 실내 LED등기구, 이동형LED등기구, 전기용품(케이블릴, 멀티탭), LED센서등, LED가로등 및 보안등, LED경관조명기구의 설계, 개발 및 생산","Design, Development and Production of Recessed LED Luminaires and Fixed LED Luminairres, Floodlight Fixture(for LED), Factory Indoor LED Lighting Fixtures, Portable LED Luminaire, Electrical Appliances (Cable Reel, Multi-Tap), LED Sensor Luminaires, LED Luminaires for Road Street and Area Lighting, LED Landscape lighting fixtures",경상남도 양산시 동면 석산4길 5-13,"5-13, Seoksan 4-gil, Dong-myeon, Yangsan-si, Gyeongsangnam-do, KOREA",,,,0,,,,,,,,True
델타인덱스 주식회사,DELTAINDEX Inc.,560-88-00077,,,심재복,"서비스업, 제조업, 소매업","소프트웨어 개발 및 공급업, 교육용역, 전자부품 및 반도체 제조, 전자상거래, 시스템 시험평가 및 컨설팅, 기술 및 학술용역, 연구개발업",5822,33B,소프트웨어의 개발 및 검증,Software Development and Validation,"대전광역시 유성구 문지로 272-16, 513호(문지동, 인공지능센터)","272-16, Munji-ro, Yuseong-gu, Daejeon,  KOREA",,,,0,,,,,,,,True
주식회사 에이팀코리아,"AtimKorea Co., Ltd.",879-81-01665,,,이태훈,제조업 외,전기공급 및 제어장치 외,"2812, 4220","19A,28D","전기공급 및 제어장치(모터구동용 인버터, 유량계, 압력계)에 대한 생산 및 설치","Production and installation of electricity supply and control devices (motor drive inverters, flow meters, pressure transmitter)",충청남도 천안시 동남구 통정6로 38-31 (신방동),"38-31, Tongjeong 6-ro, Dongnam-gu, Cheonan-si, Chungcheongnam-do, KOREA",,,,0,,,,,,,atimkorea@atimkorea.com,True
㈜더지,"THE G Co., Ltd.",378-81-01202,,,이인향,"도매 및 소매업, 제조업","가구, 전자상거래 도소매업",3201,23A,"매트리스의 설계, 개발 및 제조","Design, Development and Manufacture of Mattress",충청북도 청주시 서원구 남이면 청남로 1388-31,"1388-31, Cheongnam-ro, Nami-myeon, Seowon-gu, Cheongju-si, Chungcheongbuk-do, KOREA",,,,0,,,,,,,,True
㈜더지,"THE G Co., Ltd.",378-81-01202,,,이인향,"도매 및 소매업, 제조업","가구, 전자상거래 도소매업","4643, 4752",29A,매트리스 판매,Wholesale and Retail of Mattress,충청북도 청주시 서원구 남이면 청남로 1388-31,"1388-31, Cheongnam-ro, Nami-myeon, Seowon-gu, Cheongju-si, Chungcheongbuk-do, KOREA",,,,0,,,,,,,,True
주식회사 대광산업,"DAEKWANG INDUSTRY Co., Ltd.",631-81-01286,,,남상준,제조업외,"소방용기계기구, 이가공서비스업 외","2221, 4220","14B,28D",소방용 CPVC 합성수지 배관 제조 및 시공,Manufacture and Constructionof CPVC synthetic resin piping for firefighting,충청북도 청주시 흥덕구 강내면 서부로 93 ,"93, Seobu-ro, Gangnae-myeon, Heungdeok-gu, Cheongju-si, Chungcheongbuk-do, KOREA",,,,0,,,,,,,1001daekwang@naver.com,True
주식회사 북부,"Northern Co., Ltd.",317-81-34523,,,이창희,제조업 외,동물용사료및조제식품제조업,1080,03A,"사료(단미 사료, 기타 사료)제조",Manufacture of feed(single ingredients and other prepared feeds),충청북도 청주시 흥덕구 강내면 서부로 284-31 ,"284-31, Seobu-ro, Gangnae-myeon, Heungdeok-gu, Cheongju-si, Chungcheongbuk-do, KOREA",,,,0,,,,,,,lee7287@hometax.go.kr,True
세원테크,SEWON TECH,134-06-68514,,,한인선,제조외,도금 외,2592,17B,"금속제품(금, 은, 동, 니켈, 석, 카드뮴)의 도금, 전해연마 및 표면처리","Plating, Electropolishing and Surface Treatment of metal products (gold, silver, copper, nickel, stone, cadmium)","경기도 시흥시 소망공원로 188, 203호 (정왕동, 시화도금단지)","#203, 188, Somanggongwon-ro, Siheung-si, Gyeonggi-do, KOREA ",,,,0,,,,,,,hanin822@hanmail.net,True
㈜성일플랜트,"SUNGIL PLANT CO., Ltd.",301-81-88290,,,연보흠,"제조업, 건설업","기계설비 제조 및 판매, 형강류 가공업, 금속구조재(배관), 배관공사","2913, 4220, 4122","18A,28D,28B","산업용 기계설비(배관/제조/기계제조/환경설비)의 설계, 제조, 설치 및 시공","Design, manufacture, installation and construction of industrial mechanical equipment (piping/manufacturing/machine manufacturing/environmental equipment)",충청북도 청주시 흥덕구 송절로124번길 16(봉명동),"16, Songjeol-ro 124beon-gil, Heungdeok-gu, Cheongju-si, Chungcheongbuk-do, KOREA",,,,0,,,,,,,,True
㈜현대푸드,"HYUNDAI FOOD CO., LTD.",126-86-50510,,,강종채,"도소매, 제조업","수산물, 수산물가공업, 무역, 전자상거래업","1021, 4631","03A,29A",수산물 건조 및 염장제품 제조 및 도매,Manufacture and wholesale of seafood dried and salted aquatic animals,경기도 하남시 대성로95번길 51-20 (춘궁동),"51-20, Daeseong-ro 95beon-gil, Hanam-si, Gyeonggi-do, KOREA",,,,0,,,,,,,,True
주식회사 와이제이,"YJ CO., LTD.",606-86-25370,,,김종식,제조,"볼트, 너트",2594,17B,금속 파스너의 생산,Production of Metal Fasners,부산광역시 강서구 미음산단로199번길 27(미음동),"27, Mieumsandan-ro 199beon-gil, Gangseo-gu, Busan, KOREA",,,,0,,,,,,,,True
에스피테크,SPTECH,317-03-13404,,,이원재,제조,"금형수리, 제작, 양산, 부품가공","2629, 2922","19B,18A","1. 전기전자 부품제조 
2. 금속절삭기계 제조  ","1. Manufacture of electric and electronic parts 
2. Manufacture of metal cutting machines",충청북도 청주시 청원구 내수읍 풍정3길 78,"78, Pungjeong 3-gil, Naesu-eup, Cheongwon-gu, Cheongju-si, Chungcheongbuk-do, KOREA",,,,0,,,,,,,,True
주식회사 경인아이씨티,"GYEONGIN ICT CO., LTD.",578-87-01691,,,정승우,"건설업, 제조업","정보통신공사업, 주차관제장치 생산 및 설치","4232, 4231",28C,"정보통신, 전기공사의 시공 및 부가서비스","Construction and Additional Services of Information and Communication Corporation, Electrical construction","충청남도 공주시 반포면 반포초교길 180, 1층 일부호","180, Banpochogyo-gil, Banpo-myeon, Gongju-si, Chungcheongnam-do, KOREA",,,,0,,,,,,,,True
주식회사 나우테크윈,"NAWOO TECHWIN CO., LTD.",477-88-01978,,,변동근,제조업,"자동화기기, 산업기계","2721, 2820, 2916","19D,19A,18A","자동화장비시스템, 2차전지장비시스템, 특수대차 및 산업기계류의 설계, 개발, 생산 및 설치","Design, Development, Production and Installation of Automation System, Secondary Cell Equipment System, Special Transfer Car and Industrial Machinery",부산광역시 강서구 미음국제4로 66,"66, Mieumgukje 4-ro, Gangseo-gu, Busan, KOREA",,,,0,,,,,,,nature1127@naver.com,True
주식회사 모펙,"MOPEC CO., LTD.",679-88-01574,,,이상근,제조업,"육/해상플랜트, 산업기계","2721, 2820, 2511","19D,19A,17B","2차 전지 설비(Main Roll, Mixing 장치) 및 철구조물의 생산","Production of Secondary Battery Equipment (Main Roll, Mixing Device) and Steel Structures",경상남도 김해시 진례면 고모로146번길 74,"74, Gomo-ro 146beon-gil, Jillye-myeon, Gimhae-si, Gyeongsangnam-do, KOREA",,,,0,,,,,,,,True
나인테크놀로지,NINE TECHNOLOGY,814-15-01232,,,권순호,제조업,디스플레이 설비,"2812, 2721","19A,19D",산업자동화시스템의 제조,Manufacturing of Industrial Automation System,"충청남도 천안시 서북구 직산읍 직산로 136, 2307호((재)충남테크노파크천안밸리 창업보육센터 벤처관)","#2307, 136, Jiksan-ro, Jiksan-eup, Seobuk-gu, Cheonan-si, Chungcheongnam-do, KOREA",,,,0,,,,,,,,True
㈜신성머트리얼,"Shinsung Metrial Co., Ltd.",108-86-18017,,,김미정,제조업,금속정밀가공,"2591, 2812, 2592","17B,19A","금속 단조제품 설계, 개발 및 제조
도금 및 금속 표면처리, 가공","Design, development and manufacture of metal forged products
Plating and metal surface treatment, processing",부산광역시 강서구 과학산단1로103번길 57 (지사동),"57, Gwahaksandan 1-ro 103beon-gil, Gangseo-gu, Busan, KOREA",,,,0,,,,,,,,True
주식회사 MD이노베이션,"MD Innovation Co., Ltd.",342-87-02621,,,최홍근,제조업,"2차전지제조장비, 물류자동화장비, 반도체장비, 디스플레이제조장비 설계 및 제조","2820, 2721, 2599","19A,19D,17B","물류자동화 장비(컨베이어, 래핑기, 리프트 등), 2차전지 제조장비(배터리 등), 반도체 장비 및 디스플레이 장비(LCD, OLED)에 대한 설계, 개발 및 생산","Design, development and production of logistics automation equipment (conveyor, wrapping machine, lift, etc.), secondary battery manufacturing equipment (battery, etc.), semiconductor equipment, and display equipment (LCD, OLED)","충청남도 천안시 서북구 성환읍 대학로 91, 15430호(지식정보관)","#15430, 91, Daehak-ro, Seonghwan-eup, Seobuk-gu, Cheonan-si, Chungcheongnam-do, KOREA",,,,0,,,,,,,,True
삼지인터네셔날,SAMZIE INTERNATIONAL Co.,610-39-63874,,,엄승환,제조업 외,양초 외 ,3399,23D,양초의 생산,Production of Candle,울산광역시 울주군 웅촌면 은현공단1길 24-16 (은현리),"24-16, Eunhyeongongdan 1-gil, Ungchon-myeon, Ulju-gun, Ulsan, KOREA",,,,0,,,,,,,,True
㈜뉴젠아이엔에스,"NEWGEN I&S CO., LTD.",201-88-00969,,,박상규,서비스 외,소프트웨어개발 및 공급,5822,33B,소프트웨어 개발 및 공급,Development and Delivery of Software,"부산광역시 해운대구 센텀중앙로 60, 704호 (우동, 퍼스트인센텀)","#704, 60, Centum jungang-ro, Haeundae-gu, Busan, KOREA",,,,0,,,,,,,,True
주식회사 제이이엔지,"J ENG Co., Ltd.",162-86-02391,,,소재범,제조업,철구조물제작,"2513, 2511",17B,철구조물 및 구조물용 금속배관 가공품 제조,Manufacture of processed products of steel structures and metal piping for structures,충청남도 당진시 우강면 박원로 1 ,"1, Bagwon-ro, Ugang-myeon, Dangjin-si, Chungcheongnam-do, KOREA",,,,0,,,,,,,,True
주식회사 케이제이맥스,"KJMAX Co., Ltd.",142-81-56054,,,김양연,제조업 외,"종이용기류, 생활잡화 외",1790,07A,종이컵 및 종이용기류의 제조,Manufacture of paper cups and paper containers,충청북도 음성군 대소면 초금로71번길 155,"155, Chogeum-ro 71beon-gil, Daeso-myeon, Eumseong-gun, Chungcheongbuk-do, KOREA",,,,0,,,,,,,,True
㈜한빛파워,"HANVIT Power, Inc.",212-81-42956,,,선봉수,서비스외,전기관련엔지니어링 외,7212,34A,플랜트의 건설과 운영관련 기술 및 경영관리 용역,Technical and Management Service in Construction and Operation of Plants,"서울특별시 성동구 성수이로7길 27, 601호 (성수동2가, 서울숲코오롱디지털타워2)","Rm.601, 27, Seongsui-ro 7-gil, Seongdong-gu, Seoul, KOREA",,,,0,,,,,,,,True
㈜일신오토클레이브,"ILSHIN AUTOCLAVE CO., LTD.",314-81-43101,,,김현효,제조업 외,"산업및이화학기기, 공기 조화장치 제조업 외","2917, 2719, 2721","18A,19C,19D","오토클레이브(가압오븐, 복합제성형오토클레이브, 양생용오토클레이브), 초고압처리기(히포), 고압반응기, 압력용기, 초임계시스템, 프레스(정수압프레스, 단방향프레스), 분산 및 혼합(고압분산기, 초고압균질기, 페이스트믹서, 3롤밀, 고전단믹서, 프리믹서), 압력시험기, 교반기, 원자력발전소시스템(SSRT, SERT, LOOP, HDT, CEDM, CTRS)의 설계/개발 및 제조 ","Design, Development and Manufacture of Autoclave(Pressure Curing Oven, Composite Material Forming Oven, Concrete Curing Autoclaves), High Pressure Processing(HPP/HiPPo), High Pressure Reactor, Pressure Vessel, Supercritical Fluid System, Press(Isostatic Press, Hydraulic Press), Mix & Dispersion(High Pressured Disperser, Nano Disperser, Paste Mixer, 3roll Mill, Shearing Mixer, Pre Mixer), Pressure Tester, Agitator, Nuclear Power Plant System(SSRT, SERT, LOOP, HDT, CEDM, CTRS)",대전광역시 유성구 테크노2로 255 (탑립동),"255, Techno 2-ro, Yuseong-gu, Daejeon, KOREA",,,,0,,,,,,,,True
한울이앤씨㈜,"HanWool E&C Co.,Ltd.",113-86-13047,,,김성복,"건설업, 제조업, 도소매, 정보통신업","기계설비공사, 수처리기계, 수처리기기설비, 시스템 소프트웨어 개발 및 공급업","2890, 2917, 2919, 4220","19A,18A,28D","수처리 기계의 설계, 개발, 제조 및 설치","Design, development, manufacture and installation of water treatment machines","경기도 부천시 석천로 397, 104동 7층 716호 (삼정동, 부천테크노파크쌍용3차)","#716, 104 dodg,397, Seokcheon-ro, Bucheon-si, Gyeonggi-do, KOREA",,,,0,,,,,,,,True
한울이앤씨㈜,"HanWool E&C Co.,Ltd.",113-86-13047,,,김성복,"건설업, 제조업, 도소매, 정보통신업","기계설비공사, 수처리기계, 수처리기기설비, 시스템 소프트웨어 개발 및 공급업","2890, 2917, 2919, 4220","19A,18A,28D","수처리 기계의 설계, 개발, 제조 및 설치","Design, development, manufacture and installation of water treatment machines","경기도 부천시 석천로 397, 104동 7층 716호 (삼정동, 부천테크노파크쌍용3차)","#716, 104 dodg,397, Seokcheon-ro, Bucheon-si, Gyeonggi-do, KOREA",,,,0,,,,,,,,True
주식회사 미코,"Miko Co., Ltd.",303-81-64479,,,박명자,제조업외,지류외,1712,07A,가공 종이 제조,Manufacture of processing paper,충청북도 음성군 맹동면 초금로 182-11 ,"182-11, Chogeum-ro, Maengdong-myeon, Eumseong-gun, Chungcheongbuk-do, KOREA",,,,0,,,,,,,,True
디아이피㈜,"DIP Co., Ltd.",303-81-66161,,,박명자,제조업,종이컵,1790,07A,종이컵의 제조,Manufacture of paper cups,충청북도 음성군 맹동면 초금로 182-1,"182-1, Chogeum-ro, Maengdong-myeon, Eumseong-gun, Chungcheongbuk-do, KOREA",,,,0,,,,,,,,True
덕성테크 주식회사,"Duksung Tech Co., Ltd.",226-87-02431,,,장인우,제조업 외,배관제작 외,2599,17B,소방분기배관에 대한 가공 및 제조,Manufacture of fire branch piping,"충청남도 당진시 신평면 원신당로 188, 라동 2층","188, Wonsindang-ro, Sinpyeong-myeon, Dangjin-si, Chungcheongnam-do, KOREA",,,www.duksungtech.co.kr,0,,,,,,,,True
주식회사 나우정밀,"NOW TECH Co., Ltd.",312-86-32826,,,나석주,"제조업, 도매및소매","LCD반도체장비부품,기계무역업","2927, 3032",18A,"OLED반도체 장비부품(방착판, 증착기 부품) 및 자동차 부품(Bracket)에 대한 생산","Manufacture of OLED Semiconductor Equipment parts(Shielding Plate, Evaporator parts) and Automobile parts (Bracket)",충청남도 아산시 음봉면 산동로 145-13 ,"145-13, Sandong-ro, Eumbong-myeon, Asan-si, Chungcheongnam-do, KOREA",,,,0,,,,,,,,True
오비에스건설 주식회사,"5BS Construction Co., Ltd.",720-87-00707,,,최향래,건설업 외,"도장,방수공사업,시설물도색 외",4250,28D,"도장, 미장, 방수, 조적 및 시설물유지관리공사","Work of Painting, Plastering, Waterproofing, Masonry and Facilities Maintenance",충청남도 홍성군 홍성읍 내포로 260,"260, Naepo-ro, Hongseong-eup, Hongseong-gun, Chungcheongnam-do, KOREA",,,,0,,,,,,,,True
라인,Line Co.,796-40-00413,,,조성일,제조업,"자동차부품 성형,조립",3032,18A,"자동차 부품(Baffle, Bracket)에 대한 생산","Manufacture of automobile parts (Baffle, Bracket)",충청남도 아산시 신창면 서부남로667번길 38,"38, Seobunam-ro 667beon-gil, Sinchang-myeon, Asan-si, Chungcheongnam-do, KOREA",,,,0,,,,,,,,True
누구나㈜,NUGUNA corp.,533-87-01437,,,박상인,제조업,전기 기기,"2852, 2721, 3340, 2642","19A,19D,23D,19B","조리 및 난방 기구, 교육장비, 코딩교육교구, 안테나 장비 제조","Manufacture of cooking and heating appliances, education device, coding traning kit, antenna device","대전광역시 유성구 유성대로1689번길 70, 연구3동 506호(전민동, KT대덕2연구센타)","70, Yuseong-daero 1689beon-gil, Yuseong-gu, Daejeon, KOREA",,,,0,,,,,,,,True
주식회사 서명,"SEO MYEONG Co., Ltd.",599-88-02618,,,박종석,"건설업, 제조업","정보통신공사업, 전기공사업, 주차관제 생산 및 설치","4232, 4231",28C,"전기공사, 정보통신공사의 시공 및 부가서비스","Construction and Additional Services of Electrical Works, Information and Communication Works","충청북도 음성군 대소면 대동로 543, 2층","543, Daedong-ro, Daeso-myeon, Eumseong-gun, Chungcheongbuk-do, KOREA",,,,0,,,,,,,,True
㈜달성공영,"DALSUNG ENGINEERING & CONSTRUCTION CO., LTD.",503-81-56827,,,"한상춘, 이미영",건설 외,"금속구조물, 창호공사업 회",2511,17B,"금속구조물창호, 금속제기타울타리, 평행봉, 철봉, 옥외의자 및 차양의 설계, 개발, 생산 및 설치","Design, Development, Production and Installation of Windows and Doors Steel Structures, Metal Fences, Parallel Bars, Horizontal Bars, Outdoor Chairs and Canopy",대구광역시 달서구 성서서로34길 18(갈산동),"18, Seongseoseo-ro 34-gil, Dalseo-gu, Daegu, KOREA",,,,0,,,,,,,,True
이앤비정보통신㈜,"E&B TELECOM Co., Ltd.",123-81-57125,,,변인수,"건설,제조 외","통신공사, 통신장비 외",4232,28C,정보통신 시설공사,Construction of Telecommuncation Works,경기도 안양시 동안구 흥안대로439번길 55 (관양동),"55, Heungan-daero 439beon-gil, Dongan-gu, Anyang-si, Gyeonggi-do, KOREA",,,,0,,,,,,,,True
㈜엠씨미디어솔루션,"MC MEDIA SOLUTION CO., LTD.",107-87-56219,,,하동호,건설업외,"전기, 정보통신공사업외","4232, 4231, 5822","28C,33B","정보통신공사, 전기공사, 영상방송장비 설치 및 소프트웨어 개발","Information Telecommunication Works, Electric Works, Video Broadcast Equipment Installation and Software Development","서울특별시 중랑구 신내역로 111, 1105호, 1106호(신내동, 에스케이브이1센터A동)","#1105~1106, SKV 1 Center, A-dong, 111, Sinnaeyeok-ro, Jungnang-gu, Seoul, KOREA",,,,0,,,,,,,,True
봉봉전자,BONG BONG ELECTRONICS CO.,312-06-75707,,,봉원호,제조,전기전자부품,2812,19A,"차단기용 부품(교류전자 개폐기, 보조계전기) 및 Motor Stator에 대한 생산","Manufacture of parts for Circuit Breaker (AC Solenoid Switch, Auxiliary Relay) and Motor Stator","충청남도 아산시 음봉면 신의길 63-7, 2층","63-7, Sinui-gil, Eumbong-myeon, Asan-si, Chungcheongnam-do, KOREA",,,,0,,,,,,,,True
주식회사 봉봉바이오,"BONG BONG BIO CO., LTD.",553-87-01877,,,봉정환,제조업,"마스크, 필터",2050,12B,마스크 및 MB 필터에 대한 생산,Manufacture for Masks and MB filters,충청남도 아산시 음봉면 신의길 63-4,"63-4, Sinui-gil, Eumbong-myeon, Asan-si, Chungcheongnam-do, KOREA",,,,0,,,,,,,,True
주식회사 드림디지텍플러스,"Dreamdigitecplus Co., Ltd.",411-86-02459,,,박우진,"제조업, 도매및소매업","비문리더기 제조(h/w, s/w 포함)",2632,19A,"반려 동물용 비문리더기의 설계, 개발 및 제조","Design, development and manufacture of inscription reader for companion animals ","충청남도 천안시 서북구 직산읍 직산로 136, 314호 ((재)충남테크노파크천안밸리)","#314, 136, Jiksan-ro, Jiksan-eup, Seobuk-gu, Cheonan-si, Chungcheongnam-do, KOREA",,,,0,,,,,,,,True
주식회사 더블유피,"WP Co., Ltd.",784-81-02217,,,정보창,제조업  외,전기자동차부품 외,2629,19B,"자동차 및 산업용 기계 컨트롤러 설계, 개발 및 제조","Design, Development and Manufacture of automotive and industrial machine controller ","충청남도 천안시 서북구 직산읍 직산로 136, 3309호((재)충남테크노파크천안밸리 생산관)","#3309, 136, Jiksan-ro, Jiksan-eup, Seobuk-gu, Cheonan-si, Chungcheongnam-do, KOREA",,,"www.wptech.co.kr

",0,,,,,,,,True
주식회사 휴메디젠,"Huemedizen Co., Ltd.",208-86-02630,,,권소망,제조업외,건강 기능 식품 및 기능성 화장품,"1079, 2042","03A,12B","건강 기능식품 및 기능성 화장품 설계, 개발 및 제조","Design, Development and Manufacture of health functional food and functional cosmetics ","충청남도 천안시 서북구 직산읍 직산로 136, 생산관 3103호 (충남테크노파크천안밸리)","#3103 production hall, 136, Jiksan-ro, Jiksan-eup, Seobuk-gu, Cheonan-si, Chungcheongnam-do, KOREA",,,,0,,,,,,,,True
제이케이테크,JK TECH,504-33-76349,,,문영일,제조,"반도체 장비, 디스플레이 제조용 기계",2927,18A,"반도체 장비 및 디스플레이 제품 제조용 장비의 설계, 개발 및 제조","Design, development and manufacture of equipment for manufacturing semiconductor equipment and display products","충청남도 천안시 서북구 직산읍 직산로 136, 번영관동 1301, 1302, 1306, 1307 ((재)충남테크노파크천안밸리)","#1301, #1302, #1306, #1307, 136, Jiksan-ro, Jiksan-eup, Seobuk-gu, Cheonan-si, Chungcheongnam-do, KOREA",,,,0,,,,,,,,True
대광테크윈 주식회사,"DAE GWANG TECHWIN CO., LTD.",314-81-80862,,,정종필,"제조업, 도매업, 부동산","자동차부품, 산업기계, 무역업(자동차부품), 임대",2592,17B,자동차용 금속 부품의 제조,Manufacture of metal parts for automobiles,경상남도 창원시 진해구 남영로527번길 102 ,"102, Namnyeong-ro 527beon-gil, Jinhae-gu, Changwon-si, Gyeongsangnam-do, KOREA",,,,0,,,,,,,,True
동성테크 주식회사,"DONGSUNG TECH CO., LTD.",308-81-12898,,,정종필,제조 외,자동차부품,3039,18A,자동차용 부품의 제조,Manufacture of automobiles parts,"충청남도 논산시 연산면 연산사계3길 76, 1층","1F, 76, Yeonsansagye 3-gil, Yeonsan-myeon, Nonsan-si, Chungcheongnam-do, KOREA",,,,0,,,,,,,,True
주식회사 우창,"Woo Chang Co., Ltd.",310-81-20412,,,박민숙,제조업,PVC안정제,2049,12B,"PVC안정제의 설계, 개발 및 생산","Design, Development and Production of PVC Stabilizers",충청남도 서산시 지곡면 빗돌머리길 2-24,"2-24, Bitdolmeori-gil, Jigok-myeon, Seosan-si, Chungcheongnam-do, KOREA",,,,0,,,,,,,,True
주식회사 알루텍 ,"Alue Tec Co., Ltd. ",848-81-01017,,,변재상,제조업, 아노다이징 표면처리 ,"2612, 2592","19B,17B","반도체, 전자기기 아노다이징 제조","Manufacture of semiconductor, electronic equipment anodizing","경기도 부천시 평천로 856, 2층 (도당동)","2F, 856, Pyeongcheon-ro, Bucheon-si, Gyeonggi-do, KOREA",,,,0,,,,,,,,True
주식회사 윤성이엔씨,"Yoon Sung E&C Co., Ltd.",637-86-02139,,,강은희,"건설업, 도매 및 소매업, 부동산업","전기공사업, 전기,통신,소방 자재판매, 부동산 매매",4231,28C,전기공사의 시공 및 부가서비스,Construction and Supplementary Services of Electrical Work,"대전광역시 서구 도산로 198, 1층(변동)","1st floor (Byeon-dong), 198, Dosan-ro, Seo-gu, Daejeon, KOREA",,,,0,,,,,,,,True
태경이엔지,TAEKYEONG ENG,359-06-00199,,,김병수,제조업 외,건설기계장비 외,"2922, 2890","18A,19A",탄소복합제(CFRP) 성형장비에 대한 생산,Manufacture of Carbon Composite Material (CFRP) Molding Equipment,충청남도 아산시 음봉면 연암율금로295번길 68-49 ,"68-49, Yeonamyulgeum-ro 295beon-gil, Eumbong-myeon, Asan-si, Chungcheongnam-do, KOREA",,,,0,,,,,,,,True
㈜더블유에프텍,"World Facilities Technology Co., Ltd.",215-87-49469,,,이영길,"서비스,건설,업","검물시설유지관리용역(청소,관리)","7421, 4231, 4220, 4232, 7212","35C,28C,28D,34A","1. 건물 시설 유지 관리 용역 서비스
2. 전기, 소방 및 정보 통신 시설 공사 및 유지보수 서비스
3. 정보통신, 전기 설계 및 엔지니어링(감리) 서비스","1. Building facility maintenance service 
2. Electricity, firefighting and information and communication facility construction and maintenance services
3. Information and communication, electrical facility design and engineering (supervision) services","서울특별시 강남구 자곡로 172, 3층 309호(자곡동)","#309, 172, Jagok-ro, Gangnam-gu, Seoul, KOREA",,,,0,,,,,,,,True
㈜엑신건업,"EXIN INDUSTRIAL CO., LTD.",113-81-86055,,,김재선,건설,기계설비공사,4220,28D,"기계, 냉난방, 소방설비 시설 공사","Mechanical, Heating and Cooling, Fire Fighting Facilities Construction","서울특별시 서초구 동광로10길 27-7, 3층(방배동)","3nd floor, 27-7, Donggwang-ro 10-gil, Seocho-gu, Seoul, KOREA",,,,0,,,,,,,,True
주식회사 다해,"DA HAE Co., Ltd.",471-87-02614,,,유정은,"건설업, 서비스업","정보통신공사업, 유지보수","4232, 4231",28C,"정보통신, 전기공사의 시공 및 부가서비스","Construction and Additional Services of Information and Communication Corporation, Electrical construction","충청북도 음성군 대소면 대동로 543, 2층","543, Daedong-ro, Daeso-myeon, Eumseong-gun, Chungcheongbuk-do, KOREA",,,,0,,,,,,,,True
에코드림,Eco Dream,604-22-62886,,,황인경,도소매업,매트,"4641, 4752",29A,층간소음매트의 판매,Sales of inter-floor noise mats,"세종특별자치시 해밀3로 43, 401호 (해밀동, 스카이드림)","#401, 43, Haemil 3-ro, Sejong-si, KOREA",,,,0,,,,,,,,True
건우,GUNWOO,314-19-90039,,,임현덕,"도소매, 제조업 외","주방가구,전기제품, 가구 외",3202,23A,주방가구 및 일반 수납가구의 제조,Manufacture of Kitchen furniture and General storage furniture,대전광역시 동구 안골로28번길 15-28 (구도동),"15-28, Angol-ro 28beon-gil, Dong-gu, Daejeon, KOREA",,,,0,,,,,,,,True
동영테크원㈜,"Dong Young Techwon Co., Ltd.",621-81-17350,,,정윤화,제조,"조명기구, 자동제어기기 외","2812, 2642, 4231, 4220","19A,19B,28C,28D","1. 수배전반(분전반,배전반,전동기제어반) 및 빌딩자동제어장치, 계장(계측)제어장치, 보안용카메라, 자동제어반(반도체 논리계통 전원공급기, 전원감시기), 무선안전장치의 설계, 개발, 생산 및 설치
2. 전기공사, 정보통신공사 및 기계설비공사의 시공","1. Design, Development, Production and Installation of High & Voltage Metal-Clad Switcher(Cabinet Panel, Distributing Board, Motor Control Center), Building Automatic Control System, Measurement & Control Device, Security Camera and Instrument Automatic Control Panel(SSILS Power Supply, Power Supply Monitor), Wireless Safety Device       
2. Construction of Electrical Works, Telecommunication and Facilities Work",부산광역시 해운대구 반송로513번길 66-33 (석대동),"66-33, Bansong-ro 513beon-gil, Haeundae-gu, Busan, KOREA",,,,0,,,,,,,,True
동영기업㈜,"Dong Young Enterprise Co., Ltd.",522-86-01013,,,정금자,제조 외,"전기, 정보통신, 소방시설, 기계설비공사 외","2812, 4231, 4220","19A,28C,28D","1. 수배전반(분전반, 배전반, 전동기제어반) 및 빌딩자동제어장치, 계장(계측)제어장치의 설계, 개발, 생산 및 설치 
2. 전기공사, 정보통신공사 및 전문소방시설공사의 시공 ","1. Design, Development, Production and Installation of High & Voltage Metal-Clad Switcher(Cabinet Panel, Distributing Board, Motor Control Center), Building Automatic Control System, Measurement & Control Device 
2. Construction of Electrical Work, Telecommunication Work and Special Fire-Fighting Facilities Work ",부산광역시 해운대구 반송로513번길 66-33 (석대동),"66-33, Bansong-ro 513beon-gil, Haeundae-gu, Busan, KOREA",,,,0,,,,,,,,True
주식회사 필터테크,"FILTERTECH CO., LTD.",311-87-00686,,,박서윤,제조업 외,해수담수화장치 외,2917,18A,"쿨링포그시스템, 전자식 초미세 무압포그시스템, 해수담수화장치, 필터에 대한 생산","Production of Cooling Fog System, Electronic Ultra-fine Pressureless Fog System, Seawater Desalination Equipment, Filters","대전광역시 대덕구 덕암북로70번길 35, 2층 (덕암동)","2nd floor, 35, Deogambuk-ro 70beon-gil, Daedeok-gu, Daejeon, KOREA",,,www.water777.co.kr,0,,,,,,,,True
주식회사 에스피피,"SPP Co., Ltd.",824-88-01776,,,최한기,제조업,"금속 연마, 표면처리업",2592,17B,"반도체용 파이프, 밸브의 연마 처리","Polishing process of semiconductor pipes, valves",경상남도 김해시 장유로 33-40 (부곡동),"33-40, Jangyu-ro, Gimhae-si, Gyeongsangnam-do, KOREA",,,,0,,,,,,,,True
주식회사 에스피피,"SPP Co., Ltd.",824-88-01776,,,최한기,제조업,"금속 연마, 표면처리업",2592,17B,"반도체용 파이프, 밸브의 연마 처리","Polishing process of semiconductor pipes, valves",경상남도 김해시 장유로 33-40 (부곡동),"33-40, Jangyu-ro, Gimhae-si, Gyeongsangnam-do, KOREA",,,,0,,,,,,,,True
주식회사 제이경성,"JKYOUNGSUNG Co., Ltd.",307-81-39313,,,조성제,"도매 및 소매업, 전기업, 건설업, 서비스업","전기, 통신기기 및 기자재, 신재생에너지, 전기공사 등","4232, 4231, 7211","28C,34A","정보통신, 전기공사 및 철도신호공사의 시공, 설계, 감리 및 유지보수","Construction, design, supervision and maintenance of information and communications, electrical and railway signal works","대전광역시 유성구 월드컵대로 243, 203호 (구암동)","#203, 243, World cup-daero, Yuseong-gu, Daejeon, KOREA",,,,0,,,,,,,,True
주식회사 제이경성,"JKYOUNGSUNG Co., Ltd.",307-81-39313,,,조성제,"도매 및 소매업, 전기업, 건설업, 서비스업","전기, 통신기기 및 기자재, 신재생에너지, 전기공사 등","4232, 4231, 7211","28C,34A","정보통신, 전기공사 및 철도신호공사의 시공, 설계, 감리 및 유지보수","Construction, design, supervision and maintenance of information and communications, electrical and railway signal works","대전광역시 유성구 월드컵대로 243, 203호 (구암동)","#203, 243, World cup-daero, Yuseong-gu, Daejeon, KOREA",,,,0,,,,,,,,True
와이제이테크,YJ Tech Co.,133-16-01921,,,정성호,제조업 외,"특수용접, 기계 부품, 철구조물 외","2592, 2929","17B,18A",이종육성 용접 및 기계부품류의 생산,Overlay Welding and Production of Mechanical Parts,부산광역시 강서구 맥도강변길 464 (대저2동),"464, Maekdogangbyeon-gil, Gangseo-gu, Busan, KOREA",,,,0,,,,,,,,True
㈜보스산업,BOSS CORPORATION,606-86-07426,,,황영순,제조 외,신발 외,1521,05C,운동화 및 안전화의 설계/개발 및 생산,Design/Development and Production of Athletic Shoes and Safety Shoes,부산광역시 사상구 낙동대로1452번길 9 (삼락동),"9, Nakdong-daero 1452beon-gil, Sasang-gu, Busan, KOREA",,,,0,,,,,,,,True
용원기계공업㈜,"Yong Won Machinery Industries Co., Ltd.",622-81-19216,,,문형태,제조,산업기계 외,"2924, 4220","18A,28D","Crusher Plant System 의 설계/개발, 생산 및 설치","Development, Design, Production and Installation of Crusher Plant System",경상남도 김해시 김해대로2567번길 61 (어방동),"(Eobang-dong) 61, Gimhae-daero 2567beon-gil, Gimhae-si, Gyeongsangnam-do, KOREA",,,,0,,,,,,,,True
인피니티솔루션㈜,INFINITYSOLUTIONS,816-81-00194,,,오현숙,제조 외,,"7139, 5210","35C,31B","1. 컨텐츠 기획, 디자인 및 제작
2. 홍보부스 운영 및 판촉물 제작
3. 물류 보관 서비스
","1. Content planning, design and production
2. Operation of Publicity booth and promotional material production
3. Logistics storage service
","서울특별시 중구 퇴계로 202, 8층 803호 (필동2가, 풍산빌딩)","#803, 8F, 202, Toegye-ro, Jung-gu, Seoul (Pildong 2-ga, Poongsan Building)",,,http://infinitysolutions.co.kr/,0,,,,,,,manager@infinitysolutions.co.kr,True
아성옵틱스㈜,ASUNG OPTICS INC.,129-86-50635,,,오철,제조업외,광학기기외,"2927, 2730","18A,19D","광학부품(반도체, 광학기기, 프로젝터, 디스플레이 검사용 등) 개발 및 제조","Development and manufacturing of optical components (semiconductor, optical device, projector, display inspection, etc.)",경기도 화성시 팔탄면 중하저길 9,"9, Junghajeo-gil, Paltan-myeon, Hwaseong-si, Gyeonggi-do, KOREA",,,,0,,,,,,,,True
주식회사 지산에너지,"Jisan Energy Co., Ltd.",766-86-02062,,,강성웅,제조업,금속구조물,2511,17B,태양광 구조물의 제작 ,Manufacturing of solar structures,전라남도 나주시 산포면 매화1길 16-7 ,"16-7, Maehwa 1-gil, Sanpo-myeon, Naju-si, Jeollanam-do, KOREA",,,,0,,,,,,,,True
주식회사 강민코퍼레이션,"KANGMIN CORPORATION Co., Ltd.",676-81-01580,,,강기복,"제조업, 건설업, 도매 및 소매업","건축자재, 부품제조, 건축공사(경미한공사), 토목공사(경미한공사), 농업,임업,축산물 도소매, 철강재, 수출임업, 전자상거래업","2412, 2419",17A,"철강재(칼라강판, EGI휀스, 강판)의 제조","Manufacture of steel materials (collar steel sheet, EGI fence, steel sheet)","충청남도 아산시 음봉면 음봉면로 188-32, 1층","1st floor, 188-32, Eumbong-myeon-ro, Eumbong-myeon, Asan-si, Chungcheongnam-do, KOREA",,,,0,,,,,,,,True
주식회사 강민코퍼레이션,"KANGMIN CORPORATION Co., Ltd.",676-81-01580,,,강기복,"제조업, 건설업, 도매 및 소매업","건축자재, 부품제조, 건축공사(경미한공사), 토목공사(경미한공사), 농업,임업,축산물 도소매, 철강재, 수출임업, 전자상거래업","2412, 2419",17A,"철강재(칼라강판, EGI휀스, 강판)의 제조","Manufacture of steel materials (collar steel sheet, EGI fence, steel sheet)","충청남도 아산시 음봉면 음봉면로 188-32, 1층","1st floor, 188-32, Eumbong-myeon-ro, Eumbong-myeon, Asan-si, Chungcheongnam-do, KOREA",,,,0,,,,,,,,True
상원테크,SangWon Tech Co.,608-17-83778,,,이상원,제조,"제관, 판금, 중장비부품 외",2591,17B,정밀기계 부품 및 제관품의 생산,Production of Parts of Precision Machine and Canning Product, 경상남도 창녕군 도천면 치이골길 18,"18, Chiigol-gil, Docheon-myeon, Changnyeong-gun, Gyeongsangnam-do, KOREA",,,,0,,,,,,,,True
주식회사 화신탑,"HWASHINTOP Co., Ltd.",896-81-01132,,,심창훈,제조업,"절삭공구,금속기계공구",2593,17B,절삭공구 및 금속기계 공구의 제작,Manufacture of Cutting Tools and Metal Machine Tools,대구광역시 달서구 달서대로58길 84 (대천동),"84, Dalseo-daero 58-gil, Dalseo-gu, Daegu, KOREA",,,,0,,,,,,,,True
㈜대우정보기술,"Daewoo Information Technology CO., LTD.",161-86-01967,,,윤성민,제조업외,컴퓨터 및 주변기기 외,"2631, 2632",19A,컴퓨터 및 주변 장치 제조,Manufacture of computers and peripheral equipment,"대전광역시 유성구 은구비남로7번길 53, 302호 (지족동)","#302, 53, Eungubinam-ro 7beon-gil, Yuseong-gu, Daejeon, KOREA",,,,0,,,,,,,,True
주식회사 지에스피컴퍼니,"G.S.P CO., LTD.",124-86-94147,,,우선학,"제조업, 도소매","물류장비 제작 및 설치, 물류장비",2929,18A,"평판디스플레이 cof cutting jig 및 2차전지 노칭 프레스 & 금형에 대한 설계, 개발 및 제작","Design, Development and Manufacture of Notching Press & Mold for Flat Display Coff Cutting Jig and Secondary Battery",충청남도 천안시 서북구 입장면 연곡길 266,"266, Yeongok-gil, Ipjang-myeon, Seobuk-gu, Cheonan-si, Chungcheongnam-do, KOREA",,,,0,,,,,,,,True
주식회사 지에스피컴퍼니,"G.S.P CO., LTD.",124-86-94147,,,우선학,"제조업, 도소매","물류장비 제작 및 설치, 물류장비",2929,18A,"평판디스플레이 cof cutting jig 및 2차전지 노칭 프레스 & 금형에 대한 설계, 개발 및 제작","Design, Development and Manufacture of Notching Press & Mold for Flat Display Coff Cutting Jig and Secondary Battery",충청남도 천안시 서북구 입장면 연곡길 266,"266, Yeongok-gil, Ipjang-myeon, Seobuk-gu, Cheonan-si, Chungcheongnam-do, KOREA",,,,0,,,,,,,,True
㈜미광테크,"MIKWANG TECH CO., LTD.",106-86-72408,,,손진식,건설업 외,기계설비공사 외,4220,28D,"기계설비, 전문소방시설 공사 및 유지보수","Machinery Facility, Fire Fighting Facility Works and Maintenance","서울특별시 구로구 경인로 579, A동 3층 1호 (신도림동, 안성빌딩)","#1, 3rd floor, A-dong, 579, Gyeongin-ro, Guro-gu, Seoul, KOREA (Sindorim-dong, Anseong Building)                 ",,,,0,,,,,,,,True
천마운수 주식회사,"Cheonma Logis Co., Ltd.",513-81-15712,,,황상민,"운수, 서비스",화물운송외,"4940, 5299","31A,31B",일반화물운송 및 화물주선사업 택배,General cargo transportation and freight forwarding business pack,"대전광역시 중구 대둔산로 419-4, 903호(산성동, 한밭프라자제상가동 9층)","#903, 419-4, Daedunsan-ro, Jung-gu, Daejeon, KOREA",,,,0,,,,,,,,True
주식회사 조은이앤씨,"JOEUN ENC Co., Ltd.",463-86-02635,,,은석일,제조업외,빗물받이 악취방지제품외,"2229, 2511","14B,17B",악취 저감용 빗물 받이의 제조,Manufacture of rain gutter for odor reduction,"경기도 남양주시 다산순환로 20, AA동 05-005호 (다산동, 다산현대프리미어캠퍼스 지식산업센터)","#05-005, AA-dong, 20, Dasansunhwan-ro, Namyangju-si, Gyeonggi-do, KOREA",,,,0,,,,,,,,True
주식회사 디앤드,"The and Co., Ltd.",853-81-01061,,,김덕재,제조업,플라스틱제품 가공제조업,2229,14B,플라스틱제품 가공 제조,Processing and manufacturing of plastic products,충청북도 청주시 청원구 오창읍 괴정1길 31 ,"31, Goejeong 1-gil, Ochang-eup, Cheongwon-gu, Cheongju-si, Chungcheongbuk-do, KOREA",,,,0,,,,,,,,True
주식회사 폰,"PON Co., Ltd.",368-87-01740,,,장석원,제조업외,전자전기기계기구외,2811,19A,"사용에너지 절감을 위한 공급전력제어기 및 loT 기반의 비접촉 전원공급장치의 설계, 개발 및 제조
","Design, Development and Manufacture of Supply Power Controller, loT-based Non-Contact Power Supply for Energy Saving","경기도 안양시 동안구 엘에스로 122, 1040호 (호계동, 호계데시앙플렉스)","#1040, 122, LS-ro, Dongan-gu, Anyang-si, Gyeonggi-do, KOREA",,,,0,,,,,,,,True
대국스틸,DAEKOOK STILL CO.,606-36-40814,,,박현욱,"제조,도소매","금속절삭가공,철강",2592,17B,"금속류 제품에 대한 절단 가공(볼트류, 너트류 및 밸브류 등)","Cutting processing for metal products (bolts, nuts and valves, etc.)",부산광역시 강서구 둔치강변길 88-1 (봉림동),"88-1, Dunchigangbyeon-gil, Gangseo-gu, Busan, KOREA",,,,0,,,,,,,,True
주식회사 한민금속,"HANMIN METAL Co., Ltd.",556-86-02655,,,박현욱,제조업 외,금속 절삭기계 제조업 외,2592,17B,"금속류 제품에 대한 절단 가공(볼트류, 너트류 및 밸브류 등)","Cutting processing for metal products (bolts, nuts and valves, etc.)",부산광역시 강서구 둔치강변길 88 (봉림동),"88, Dunchigangbyeon-gil, Gangseo-gu, Busan, KOREA",,,,0,,,,,,,,True
㈜클레이노즈,Klainoz Corp.,557-88-01634,,,"배민우, 김유미",제조업 외,화장품 제조업 외,4644,29A,"비건화장품 개발, 제조 및 판매","Development, Manufacturing and Sales of Vegan Cosmetics
","서울특별시 강남구 영동대로 602, 6층 D79호 (삼성동)","#D79, 6th floor, 602, Yeongdong-daero, Gangnam-gu, Seoul, KOREA",,,www.theonleaf.kr,0,,,,,,,,True
농업회사법인 주식회사 세정미트,"Sejeong Meat Co., Ltd.",316-81-17614,,,윤희복,"제조업, 도매 및 소매업","임가공식품 냉동업, 육류 도매업",1012,03A,식육 가공 및 저장(포장) 처리,"Processing, preserving of meat and products",충청남도 서산시 한마음16로 17 (석림동),"17, Hanmaeum 16-ro, Seosan-si, Chungcheongnam-do, KOREA",,,,0,,,,,,,,True
㈜이룸아이씨티,"I-room ICT. Co., Ltd.",469-81-00305,,,박정규,정보서비스업외 ,소프트웨어 개발 및 공급업외,"5822, 4232","33B,28C","1. 소프트웨어 개발 및 공급
2. 정보통신공사","1. Development and Supply of software
2. Information and communication construction","대전광역시 유성구 테크노4로 17, D동 402호(관평동, 대덕비즈센터)","#402, D-dong, 17, Techno 4-ro, Yuseong-gu, Daejeon, KOREA",,,,0,,,,,,,,True
주식회사 동호정밀,"Dongho Precision Co., Ltd.",265-86-02730,,,최동호 ,제조업,금속 절삭 가공기계,2592,17B,금속 절삭 가공 제품 제조,Manufacture of metal cutting products,광주광역시 광산구 하남산단2번로 103 (하남동),"103, Hanamsandan 2beon-ro, Gwangsan-gu, Gwangju, KOREA",,,,0,,,,,,,,True
주식회사 지에스티,"Global Solution Technology Co., Ltd.",269-81-01382,,,"오세영, 조상래",제조업,알루미늄 제품 생산,2591,17B,알루미늄 제품의 생산,The Production of Aluminium,충청남도 금산군 추부면 신평공단1로 55,"55, Sinpyeonggongdan 1-ro, Chubu-myeon, Geumsan-gun, Chungcheongnam-do, KOREA",,,,0,,,,,,,,True
주식회사 한준건설,"HANJUN CONSTRUCTION Co., Ltd.",129-81-29914,,,임준형,건설업외,토공사외 7건,"4122, 4213, 4212","28B,28C","포장, 토공, 미장, 방수, 조적, 비계구조물, 철근콘크리트, 상하수도, 보링, 그라우팅 및 조경 공사의 시공","Construction of Pavement, Earthwork, Plastering, Waterproofing, Masonry, Scaffolding Structures, Reinforced Concrete, Water Supply & Sewage Facility Works and Boring, Grouting Works and Landscaping Construction","경기도 성남시 분당구 분당내곡로 151, 1203호(삼평동, 삼도타워)","#1203, 151, Bundangnaegok-ro, Bundang-gu, Seongnam-si, Gyeonggi-do, KOREA",,,http://www.hanjuncon.co.kr/,0,,,,,,,,True
한가람 에프 앤 비 농업회사법인 주식회사,Hangaram F&B Agricultural Corporation,269-86-02450,,,"김봉찬, 장미란",제조업외,식품제조가공 외,"1061, 1079",03A,기타곡물가공품 및 식료품 제조,Manufacture of other processed grain products and foodstuffs,충청북도 청주시 상당구 미원면 단재로 2457,"2457, Danjae-ro, Miwon-myeon, Sangdang-gu, Cheongju-si, Chungcheongbuk-do, KOREA",,,,0,,,,,,,,True
㈜연합안전컨설팅,United Safety Consulting,106-81-54915,,,이동훈,과학및기술서비스업,"환경,안전컨설팅및엔지니어링","7212, 2641, 2642","34A,19B","1. 환경 영향 평가 및 엔지니어링 서비스
2. 유선 및 무선 통신장비의 제조
","1. Environmental consulting and related engineering services
2. Manufacture of wired and wireless communication equipment
","서울특별시 강서구 허준로 217, 706동 2호 (가양동, 가양테크노타운)","217, Heojun-ro, Gangseo-gu, Seoul, KOREA",,,,0,,,,,,,,True
대양수지,Daeyang resin,301-27-15553,,,박대동,제조업,재생플라스틱,2020,12B,재생 플라스틱 소재 물질(수지 등) 제조,"Manufacture of recycled plastic materials (resin, etc.)",충청북도 진천군 이월면 삼용길 57-14,"57-14, Samyong-gil, Iwol-myeon, Jincheon-gun, Chungcheongbuk-do, KOREA",,,,0,,,,,,,,True
주식회사 대운전설,"DAE WOON JEON SEOL Co., Ltd.",128-81-66463,,,김지환,건설,정보통신공사,"4231, 4232",28C,전기공사 및 정보통신 시설공사,Electric Works and Information Telecommunication Works ,경기도 파주시 산남로107번길 19 (산남동),"19, Sannam-ro 107beon-gil, Paju-si, Gyeonggi-do, KOREA",,,,0,,,,,,,,True
㈜세양텔레콤,"SEIYANG TELECOM Co., Ltd.",206-81-24123,,,김한섭,건설,정보통신공사,4232,28C,정보통신 시설공사,Information Telecommunication Works  ,"서울특별시 성동구 아차산로15길 52, 805(성수동2가, 삼환디지털벤처타워)","52, Achasan-ro 15-gil, Seongdong-gu, Seoul, KOREA",,,,0,,,,,,,,True
주식회사하우토,"HAUTO Co., Ltd.",183-88-01146,,,최해철,제조업 외,"자동차부품, 산업용로보트 외","2721, 3039","19D,28D","자동화설비의 설계, 개발, 제조 및 설치  ","Design, development, manufacture and installation of automated facilities","경상북도 경주시 외동읍 관문로 1216-25, 제1동","Building 1, 1216-25, Gwanmun-ro, Oedong-eup, Gyeongju-si, Gyeongsangbuk-do, KOREA",,,,0,,,,,,,,True
주식회사하우토,"HAUTO Co., Ltd.",183-88-01146,,,최해철,제조업 외,"자동차부품, 산업용로보트 외","2721, 3039","19D,28D","자동화설비의 설계, 개발, 제조 및 설치  ","Design, development, manufacture and installation of automated facilities","경상북도 경주시 외동읍 관문로 1216-25, 제1동","Building 1, 1216-25, Gwanmun-ro, Oedong-eup, Gyeongju-si, Gyeongsangbuk-do, KOREA",,,,0,,,,,,,,True
디에스글로벌 주식회사 ,"DS Global Co., Ltd. ",332-87-01436,,,조휘석,도매 및 소매업 외,전자상거래 소매업 외,4791,29A,농수산물 온라인 유통 ,Online distribution process of agricultural and marine products,"광주광역시 광산구 하남대로 87, 6층 601호 (하남동, 경서빌딩)","#601, 87, Hanam-daero, Gwangsan-gu, Gwangju, KOREA",,,,0,,,,,,,,True
농업회사법인 주식회사 다우팜스 ,DAU Farms ,713-87-00067,,,장해원,제조업외,기타과실*채소 가공 및 저장 처리업 외,1030,03A,"과실, 채소 가공 및 저장 처리",Processing and preserving of fruit and vegetables, 경기도 용인시 처인구 원삼면 동부로 1110,"1110, Dongbu-ro, Wonsam-myeon, Cheoin-gu, Yongin-si, Gyeonggi-do, KOREA",,,,0,,,,,,,,True
㈜케이아이앤티티,"KOREA INFORMATION TELECOM TECHNICAL Co., Ltd.",411-81-19538,,,박훈정,건설업 외,전기통신공사 외,4232,28C,정보통신시설공사,Information Telecommunication Works,전라남도 신안군 압해읍 압해로 442,"442, Aphae-ro, Aphae-eup, Sinan-gun, Jeollanam-do, KOREA",,,,0,,,,,,,,True
유한회사 유연정보시스템,"YooYeon Information System Co., Ltd.",411-81-32093,,,황의금,건설,정보통신공사,4232,28C,정보통신공사 및 유지보수,Information Telecommunication Works and Maintenance,전라남도 목포시 호남로58번길 19-1,"19-1, Honam-ro 58beon-gil, Mokpo-si, Jeollanam-do, KOREA",,,,0,,,,,,,,True
(유)영화통신,"YOUNGHWA TELECOM Co., Ltd.",411-81-36255,,,최영화,건설,정보통신 시설공사,4232,28C,정보통신시설공사,Information Telecommunication Works,전라남도 목포시 호남로 45 (양동),"45, Honam-ro, Mokpo-si, Jeollanam-do, KOREA",,,,0,,,,,,,,True
㈜한빛네트웍스,"Hanbit Network Co., Ltd.",410-81-37488,,,황생동,건설업외,"통신공사,전기공사 외",4232,28C,정보통신시설공사,Information Telecommunication Works,광주광역시 광산구 어등대로595번길 23 (운수동),"23, Eodeung-daero 595beon-gil, Gwangsan-gu, Gwangju, KOREA",,,,0,,,,,,,,True
주식회사 동국산업,"Dongguk Industry Co., Ltd.",412-81-08859,,,심왕섭,건설업외,정보통신공사 외,"4232, 4220, 7212","28C,28D,34A","정보통신시설공사, 소방시설공사 및 엔지니어링 서비스","Information Telecommunication Works, Fire Fighting Work and Engineering Activities","전라남도 나주시 남평웁 남평1로 12, 4층 402-1-1호","12, Nampyeong 1-ro, Nampyeong-eup, Naju-si, Jeollanam-do, KOREA",,,,0,,,,,,,,True
키엔컴 주식회사,"Key&Communications Co., Ltd.",478-81-00556,,,서동미,건설업 외,통신공사 외,4232,28C,"정보통신공사의 설계, 시공, 설치 및 부가서비스","Design, Installation, Construction and Service of Information Communication Construction","경기도 과천시 과천대로7길 65, B동 510호 (갈현동, 과천상상자이타워)","#510, Building B, 65 Gwacheon-daero 7-gil, Gwacheon-si, Gyeonggi-do, KOREA",,,,0,,,,,,,,True
주식회사 씨앤제이타올,"CNJ TOWEL Co., Ltd.",314-86-55029,,,"김경암, 김홍섭",제조업,타올,1399,04A,타올의 제조,Manufacture of towels,대전광역시 대덕구 무지니1길 49 (평촌동),"49, Mujini 1-gil, Daedeok-gu, Daejeon, KOREA",,,,0,,,,,,,,True
㈜우리타올컴퍼니 대전지점,"Daejeon Branch of Woori Towel Company Co., Ltd.",843-85-00516,,,김평집,제조업,타올,1399,04A,타올의 제조,Manufacture of towels,"대전광역시 대덕구 석봉로38번길 58 (석봉동, 우리빌딩)","58, Seokbong-ro 38beon-gil, Daedeok-gu, Daejeon, KOREA",,,,0,,,,,,,,True
주식회사 온누리타올,"ONNURI TOWEL Co., Ltd.",696-81-00343,,,강성우,제조업,타올,1399,04A,타올의 제조,Manufacture of towels,"대전광역시 대덕구 덕암북로4번길 183, 3층 (덕암동)","3rd floor, 183, Deogambuk-ro 4beon-gil, Daedeok-gu, Daejeon, KOREA",,,,0,,,,,,,,True
아주통신㈜,"A-JOO Telecommunication Co., Ltd.",416-81-44691,,,김순식,건설,정보통신 시설공사,4232,28C,정보통신시설공사,Information Telecommunication Works,전라남도 순천시 해룡면 상성길 209,"209, Sangseong-gil, Haeryong-myeon, Suncheon-si, Jeollanam-do, KOREA",,,,0,,,,,,,,True
한주통신㈜,"HANJU Communication Co., Ltd.",413-81-04614,,,탁용환,건설,정보통신 시설공사,4232,28C,정보통신시설공사,Information Telecommunication Works,광주광역시 광산구 상무대로 507-30 (우산동),"507-30, Sangmu-daero, Gwangsan-gu, Gwangju, KOREA",,,,0,,,,,,,,True
주식회사 동호산업*,"Dongho Industry Co., Ltd.",202-87-00266,,,최진호,제조업,"부직포, 수세미, 침대커버 외","1322, 1399",04A,"부직포, 수세미, 매트리스 커버, 필터 및 마스크에 대한 제조","Manufacture of Non woven fabric, One time pad(loofah), Waterproof mattress cover, Filter and Mask",충청북도 음성군 금왕읍 금일로284번길 20,"20, Geumil-ro 284beon-gil, Geumwang-eup, Eumseong-gun, Chungcheongbuk-do, KOREA",,,,0,,,,,,,,True
본제이워터스 주식회사,"BONJWATERS Co., Ltd.",495-81-00624,,,오류영,제조업외,"액체여과기, 일체형폐수처리장치외",2917,18A,"지하수상부보호공, 수처리설비에 대한 설계, 개발 및 제조","Design, Development and Manufacturing of Water Treatment Equipment and Groundwater Top Protection",충청북도 보은군 삼승면 남부로 3750-33 ,"3750-33, Nambu-ro, Samseung-myeon, Boeun-gun, Chungcheongbuk-do, KOREA",,,,0,,,,,,,,True
위너전자 주식회사,"Winner Electronics Co., Ltd.",280-86-01614,,,한상립,제조업 외,"에프피시비, 인쇄회로기판, 자동차부품 외","2622, 2629",19B,PCB SMT 및 전자부품 제조(PCB조립),Manufacture of PCB SMT and Electronic parts (PCB Assembly),"인천광역시 연수구 송도미래로 30, E동 2106호 (송도동, 송도BRC스마트밸리지식산업센터)","#2106, E-dong, 30, Songdomirae-ro, Yeonsu-gu, Incheon, KOREA",,,www.winnercorporation.co.kr,0,,,,,,,,True
주식회사 호원,"HO WEON Co., Ltd.",111-86-01415,,,손재엽,제조업외,수처리 및 공급장비제작설치업외,"2917, 4122","18A,28B","수처리 설비에 대한 설계, 생산 및 설치","Design, Production and Installation of Water Treatment Facilities",충청북도 진천군 진천읍 문화12길 6,"6, Munhwa 12-gil, Jincheon-eup, Jincheon-gun, Chungcheongbuk-do, KOREA ",,,,0,,,,,,,,True
주식회사 성수엔바이로,"SUNGSU ENVIRONMENT CO., LTD.",301-86-27319,,,임정화,제조업외,하수처리장치및구성품외,"2917, 4122","18A,28B","수처리 설비에 대한 설계, 생산 및 설치","Design, Production and Installation of Water Treatment Facilities",충청북도 청주시 청원구 내수읍 풍정3길 84,"84, Pungjeong 3-gil, Naesu-eup, Cheongwon-gu, Cheongju-si, Chungcheongbuk-do, KOREA",,,,0,,,,,,,,True
주식회사 연성이엔지,"YunSung ENG Co., Ltd.",394-88-01523,,,서현석,제조업,태양광구조물,2511,17B,태양광 구조물의 제작 ,Manufacture of solar structures,광주광역시 광산구 평동산단8번로 84-18 (연산동),"84-18, Pyeongdongsandan 8beon-ro, Gwangsan-gu, Gwangju, KOREA",,,,0,,,,,,,,True
주식회사 비에프케이,"BFK Co., Ltd.",615-86-00811,,,이영란,제조,금속표면처리 및 전해연마외,"2413, 2419",17A,"금속표면처리, 전해연마, 금속가공제품 제조 ","Manufacture of metal surface treatment, electrolytic polishing, metal processing products",경상남도 김해시 주촌면 골든루트로130번길 79,"79, Golden root-ro 130beon-gil, Juchon-myeon, Gimhae-si, Gyeongsangnam-do, KOREA",,,www.bfk.kr,0,,,,,,,,True
장장아스콘산업㈜,Zangzang Ascon Industry Corp.,606-81-84184,,,이은민,제조업 외,"골재, 아스콘 외",2399,15A,골재 및 아스팔트 콘크리트의 생산,Production of Aggregate and Asphalt Concrete,부산광역시 사상구 낙동대로 671 (엄궁동),"671, Nakdong-daero, Sasang-gu, Busan, KOREA",,,,0,,,,,,,,True
㈜이음이엔지,"EUMENG Co., Ltd.",893-87-00626,,,조민기,제조업 외,계측기기,2721,19D,지질탐사용 계측기기의 제조,Manufacture of measuring instruments for geological survey,"전라북도 전주시 덕진구 건산로 233, 4층(인후동1가)","4F, 233, Geonsan-ro, Deokjin-gu, Jeonju-si, Jeollabuk-do, KOREA",,,,0,,,,,,,,True
서전주현대서비스 유한회사,SEOJEONJU HYUNDAI SERVICE ,418-81-53221,,,박대훈,"서비스업, 제조업, 전기업","자동차 종합 수리업, 자동차부품, 태양광 발전업",9521,29B,자동차 종합수리 및 서비스,Comprehensive automobile repair and service,"전라북도 전주시 덕진구 온고을로 438-1, 1층(만성동)","1st floor, 438-1, Ongoeul-ro, Deokjin-gu, Jeonju-si, Jeollabuk-do, KOREA",,,,0,,,,,,,,True
(유)지원통신,"JEWON Communication Co., Ltd.",408-81-18678,,,정종만,건설,정보통신 및 전기공사,"4232, 4231",28C,정보통신시설공사 및 전기공사,Information Telecommunication Works and Electric Works,전라남도 화순군 도곡면 양정길 33-1,"33-1, Yangjeong-gil, Dogok-myeon, Hwasun-gun, Jeollanam-do, KOREA",,,,0,,,,,,,,True
유한회사 창우,CHANGWOO LTD.,402-81-71767,,,강욱,건설,정보통신공사,"4232, 4231, 4122","28C,28B","정보통신공사, 전기공사, 신재생에너지 설치공사의 시공 및 유지보수","The construction and maintenance service of information and communications work, electrical work and rewable energy system work ",전북특별자치도 전주시 덕진구 새논밭길 35 (호성동1가) ,"35, Saenonbat-gil, Deokjin-gu, Jeonju-si, Jeonbuk-do, KOREA",,,,0,,,,,,,,True
㈜대주테크놀러지,"DaeJooTechnology Co., Ltd.",425-88-00186,,,최주성,제조업,"반도체부품, 전자부품",2012,12A,반도체용 쿼츠의 제조,Manufacture of quartz for semiconductors,충청북도 청주시 청원구 오창읍 두릉유리로 1323-34,"1323-34, Dureungyuri-ro, Ochang-eup, Cheongwon-gu, Cheongju-si, Chungcheongbuk-do, KOREA",,,,0,,,,,,,,True
주식회사 한결이앤씨,"Hankyul E&C Co., Ltd.",348-81-02194,,,최준영,"제조업, 건설업","철구조물 제작, 비계구조물 설치, 해체 공사",4213,28C,비계구조물의 설치 및 해체의 시공,Construction of Installation and Demolition of Scaffolding Structures,충청북도 청주시 흥덕구 신성로 129 (신성동),"129, Sinseong-ro, Heungdeok-gu, Cheongju-si, Chungcheongbuk-do, KOREA",,,,0,,,,,,,,True
동원정공,DONG WON PRECISION INDUSTRY CO.,835-09-01427,,,장대근,제조업,전자부품,2591,17B,메카니칼 철판 프레스품의 생산,Production of Mechanical Steel Coil Press,경상남도 김해시 진례면 고모로324번길 135-55 ,"135-55, Gomo-ro 324beon-gil, Jillye-myeon, Gimhae-si, Gyeongsangnam-do, KOREA",,,,0,,,,,,,,True
㈜동일개발,"DONG IL DEVELOPMENT CO., LTD.",518-86-00427,,,한태록,건설업 외,금속창호지붕건축물조립공사업 외,2511,17B,"금속구조물창호, 금속제기타울타리, 차양의 설계, 개발, 생산 및 설치","Design, Development, Production and Installation of Windows and Doors Steel Structures, Metal Fences and Canopy","경상북도 구미시 1공단로 212, 1014호","Rm. 1014, 212 1gongdan-ro, Gumi-si, Gyeongsangbuk-do, KOREA",,,,0,,,,,,,,True
건담종합건설 주식회사,"GEONDAM CONSTRUCTION CO., LTD.",629-81-01513,,,김미자,건설업,토목공사업,"4212, 4122",28B,토목공사,Civil engineering and construction,"서울특별시 송파구 법원로 128, 에이동 1411호 (문정동, 문정역SKV1)","#1411, A-dong, 128, Beobwon-ro, Songpa-gu, Seoul, KOREA",,,,0,,,,,,,,True
㈜우리기업 ,"URI Enterprise Co., Ltd .",416-81-43649,,,김정심,제조업,"철구조물, 용접철망, 각종 가로등, 배관 ","2511, 2916, 2917","17B,18A","수문, 권양기, 제진기의 생산","Manufacture of sluice, winch, damper",전라남도 고흥군 풍양면 풍남로 33-23,"33-23, Pungnam-ro, Pungyang-myeon, Goheung-gun, Jeollanam-do, KOREA",,,,0,,,,,,,,True
제이에스이앤엘㈜,JS E&L CORPORATION,244-87-01575,,,류재문,제조업,,"2599, 5210","17B,31B","본 사: 자동화 이송용기(2차 전지 안전 용기, 자동차 부품 이송 용기)에 대한 설계 및 생산
폴란드 사업장, 헝가리 사업장: 자동화 이송용기(2차 전지 안전 용기, 자동차 부품 이송 용기)에 대한 생산 및 물류 창고관리","Head office & factory : Design and production of automated transfer containers (secondary battery safety containers, automobile parts transfer containers)
Plant in Poland, Plant in Hungary : Production for automated transport containers (secondary battery safety containers, automobile parts transport containers) and logistics warehouse management",경상북도 경주시 외동읍 구어공단길 26 (구어리),"26, Gueogongdan-gil, Oedong-eup, Gyeongju-si, Gyeongsangbuk-do, KOREA",,,http://js4group.com,0,,,,,,,,True
㈜디피칼라코리아,"DP Color Korea Co., Ltd.",303-81-30590,,,신현돈,제조,"잉크, 안료",2041,12B,"안료, 인쇄잉크 및 회화용 물감 제조 ","Manufacture of pigments, printing inks and paints for painting",충청북도 음성군 삼성면 대성로 438-35 ,"438-35, Daeseong-ro, Samseong-myeon, Eumseong-gun, Chungcheongbuk-do, KOREA",,,,0,,,,,,,,True
주식회사 사릭,"SARIC CO., INC",609-81-64697,,,고재곤,제조업외,자동차용 동력전달장치 제조업외,"2917, 2512, 2629","18A,17B,19B","자동차용, 중장비용, 산업용, 농기계용 및 군수용 oil cooler, inter cooler, radiator, condenser에 대한 생산","Production of oil coolers, inter coolers, radiators, and condensers for automobiles, heavy equipment, industrial use, agricultural machinery and military use",경상남도 창원시 성산구 정동로62번길 61 (성주동),"61, Jeongdong-ro 62beon-gil, Seongsan-gu, Changwon-si, Gyeongsangnam-do, KOREA",,,,0,,,,,,,,True
성호물산㈜,"Seongho Trading Co., Ltd.",315-81-31781,,,김현자,폐기물처리 외,폐기물수집운반업외,3813,39B,건설 폐기물 수집 및 운반,Collection and transport of construction waste,충청북도 청주시 서원구 남지로 21번길 32 (미평동),"32, Namji-ro 21beon-gil, Seowon-gu, Cheongju-si, Chungcheongbuk-do, KOREA",,,,0,,,,,,,,True
윤헌플러스 주식회사,"YUNHUN PLUS Co., Ltd.",124-86-83484,,,박형진,제조업,자동화기계외,2721,19D,"자동화 설비의 설계, 개발, 생산 및 서비스","Design, development, production and service of automation equipment",경기도 화성시 배양남길 27 (배양동),"27, Baeyangnam-gil, Hwaseong-si, Gyeonggi-do, KOREA",,,www.yunhunplus.co.kr,0,,,,,,,,True
디저트이야기 주식회사,"Dessert Story Co., Ltd.",385-86-02387,,,위지영,제조업,과자 및 빵류 등 제품 제조업,1071,03A,빵류 및 과자류 제조,Manufacture of bread and confectionery,"대전광역시 대덕구 신일동로 105, 105호(신일동, 벤쳐타운장영실관)","#105, 105, Sinildong-ro, Daedeok-gu, Daejeon, KOREA",,,,0,,,,,,,,True
한신전자㈜,"HANSHIN ELECTRONICS CO., LTD.",601-81-24987,,,김용오,건설외,정보통신공사 외,4232,28C,정보통신 시설공사 및 유지보수,Information Telecommunication Facilities Works and Maintenance,부산광역시 영도구 남항남로 45 (영선동4가),"45, Namhangnam-ro, Yeongdo-gu, Busan, KOREA",,,,0,,,,,,,,True
주식회사 세븐플로어,"7FLOOR Co., Ltd.",342-81-00581,,,"이현기, 박준근","제조업, 도소매","캠핑용품, 아웃도어 등","1322, 2229, 2842","04A,14B,19A","캠핑용품(텐트, 테이블, 체어, 매트, 침낭, 캠핑식기, 랜턴, 캠핑소품)에 대한 개발, 디자인, 제조, 판매","Development, design, manufacture and sale of camping goods (tent, table, chair, mat, sleeping bag, camping tableware, lantern, camping props)","경기도 용인시 기흥구 흥덕1로 101, 702호 (영덕동, 스타프라자)","#702, 101, Heungdeok 1-ro, Giheung-gu, Yongin-si, Gyeonggi-do, KOREA",,,,0,,,,,,,,True
에이치엔엑스 주식회사,"HNX Co., Ltd.",610-86-24763,,,오용국,제조업외,복합재료 응용 엔지니어링 및 컨설팅업 외,2223,14B,플라스틱 용기 제조,Manufacture of plastic Containers,경상남도 김해시 주촌면 골든루트로66번길 83 ,"83, Golden root-ro 66beon-gil, Juchon-myeon, Gimhae-si, Gyeongsangnam-do, KOREA",,,www.hnx.world,0,,,,,,, jinwookim@hnx.world,True
주식회사 엘엔티,"LNT Co., Ltd.",234-87-01511,,,이형우,제조업,"전자기기, 부품",2611,19B,PBA 및 전자부품 조립,PBA and electronic components assembly,대전광역시 대덕구 산업단지로87번길 109(신일동),"109, Saneopdanji-ro 87beon-gil, Daedeok-gu, Daejeon, KOREA",,,,0,,,,,,,,True
주식회사 엘엔티,"LNT Co., Ltd.",234-87-01511,,,이형우,제조업,"전자기기, 부품",2611,19B,PBA 및 전자부품 조립,PBA and electronic components assembly,대전광역시 대덕구 산업단지로87번길 109(신일동),"109, Saneopdanji-ro 87beon-gil, Daedeok-gu, Daejeon, KOREA",,,,0,,,,,,,,True
주식회사 와이지엠,"YGM CO., LTD.",151-86-00976,,,이영관,제조업 외,조선기자재 외,"2511, 2631, 4241","17B,19A,28C","1. 선실의장 설계, 개발, 생산 및 설치
2. 선박용 방탄판 설계, 개발, 생산 및 설치
3. 방탄 드론 스테이션 설계, 개발, 생산 및 설치","1. Design, Development, Production and Installation of Outfitting and Interior Finishing
2. Design, Development, Production and Installation of Bulletproof Board
3. Design, Development, Production and Installation of Bulletproof Drone Station",경상남도 김해시 주촌면 골든루트로 186-26,"186-26, Golden root-ro, Juchon-myeon, Gimhae-si, Gyeongsangnam-do, KOREA",,,,0,,,,,,,,True
주식회사 점보전력,"Jumbo Electric Power Co., Ltd.",412-81-41810,,,정회두,건설,전기시설공사,4231,28C,전기시설공사,Electric Installation Work,"광주광역시 북구 첨단과기로 208번길 43-10 ,1111호(오룡동, 마루힐아이비씨 지식산업센터)","1111ho, 43-10, Cheomdangwagi-ro 208beon-gil, Buk-gu, Gwangju, KOREA",,,,0,,,,,,,,True
주식회사 대광사업단,"Dae Kwang Enterprise Unit Co., Ltd.",104-88-00071,,,박선희,"건설,서비스업","정보통신, 전문소방 시설공사","4231, 4232, 4220, 7212","28C,28D,34A","전기, 정보통신, 소방시설공사 및 설계, 감리, 엔지니어링 서비스","Installation Works and Design, Supervision Engineering Service of Electricity, Information Communication, Firefighting","서울특별시 금천구 가산디지털2로 101, B동 15층 1509호(가산동, 한라원앤원타워)","101, Gasan digital 2-ro, Geumcheon-gu, Seoul, KOREA",,,,0,,,,,,,,True
주식회사 협진정보,"HYOBJIN INFORMATION Co., Ltd.",408-81-76931,,,신기홍,건설업,통신전기시설공사,"2812, 2811, 2642, 4231, 4232","19A,19B,28C","1. 자동(계장)제어, 태양광설비, CCTV설비, 통합배선반, 구내방송설비제조 및 설치
2. 전기공사, 정보통신공사","1. Manufacture and Installation of Automatic control, Photovoltaic Lighting, CCTV Facilities and Premises broadcasting Facilities
2. Information Telecommunication Works and Electric Works",광주광역시 광산구 어등대로563번길 40 (운수동),"40, Eodeung-daero 563beon-gil, Gwangsan-gu, Gwangju, KOREA",,,,0,,,,,,,sgh175@naver.com,True
주식회사 협진정보,"HYOBJIN INFORMATION Co., Ltd.",408-81-76931,,,신기홍,건설업,통신전기시설공사,"2812, 2811, 2642, 4231, 4232","19A,19B,28C","1. 자동(계장)제어, 태양광설비, CCTV설비, 통합배선반, 구내방송설비제조 및 설치
2. 전기공사, 정보통신공사","1. Manufacture and Installation of Automatic control, Photovoltaic Lighting, CCTV Facilities and Premises broadcasting Facilities
2. Information Telecommunication Works and Electric Works",광주광역시 광산구 어등대로563번길 40 (운수동),"40, Eodeung-daero 563beon-gil, Gwangsan-gu, Gwangju, KOREA",,,,0,,,,,,,sgh175@naver.com,True
주식회사 파이텍,"PITEC Co., Ltd.",401-81-43365,,,한현미,건설업,정보통신공사업,4232,28C,정보통신공사 및 유지보수,Information Telecommunication Works and Maintenance,전라북도 군산시 신설로 20-1 (나운동),"20-1, Sinseol-ro, Gunsan-si, Jeollabuk-do, KOREA",,,,0,,,,,,,,True
㈜중앙통신건설,"Joongang Telecom Construction Co., Ltd.",402-81-23187,,,정순오,건설,정보통신 시설공사,4232,28C,정보통신 시설공사,Information Telecommunication Works,"전라북도 전주시 완산구 중산6길 4, 3층(중화산동2가, 진영빌딩)","4, Jungsan 6-gil, Wansan-gu, Jeonju-si, Jeollabuk-do, KOREA",,,,0,,,,,,,,True
주식회사 중앙목형,"Joong Ang Wooden Pattern Co., Ltd.",318-81-06170,,,이혜숙,제조업외,목형제조외,2929,18A,"목형의 설계, 개발 및 제조","Design, development and manufacturing of wooden frames","대전광역시 대덕구 대전로1331번길 110, 1층 (대화동)","1st floor, 110, Daejeon-ro 1331beon-gil, Daedeok-gu, Daejeon, KOREA",,,http://jmf.modoo.at/,0,,,,,,,,True
주식회사 유니칸,"UNIKHAN Co., Ltd.",607-81-92673,,,정종오,도매업 외,"신발, 의류, 안전용품 외","1521, 1322","05C,04A","안전화, 등산화, 군화, 소방화, 운동화 및 마스크의 개발 및 생산","Development and Production of Safety shoes, Hiking boots, Military boots, Firefighting boots, Sport shoes and Masks",부산광역시 강서구 녹산산단382로14번가길 2(송정동),"2, Noksansandan 382-ro 14beonga-gil, Gangseo-gu, Busan, KOREA",,,,0,,,,,,,,True
금화주강산기㈜,"KUMHWA CAST STEEL & IND MACH CO., LTD.",621-81-11962,,,손시학,제조업 외,"강주물주조, 가단주철주물주조, 기타 외",2431,17A,"조선 부품(Rudder Horn, Rudder Casting, Anchor, Bell Mouth, Mooring Fitting, Rudder & Hull Side Accessories), 산업 기계 부품(Automobile Castings)의 생산","Production of Castings for Shipbuilding Parts(Rudder Horn, Rudder Casting, Anchor, Bell Mouth, Mooring Fitting, Rudder & Hull Side Accessories), Industrial Machinery Parts(Automobile Castings)",경상남도 양산시 소주공단4길 25(소주동),"25, Sojugongdan 4-gil, Yangsan-si, Gyeongsangnam-do, KOREA",,,,0,,,,,,,,True
금화주강산기㈜,"KUMHWA CAST STEEL & IND MACH CO., LTD.",621-81-11962,,,손시학,제조업 외,"강주물주조, 가단주철주물주조, 기타 외",2431,17A,"조선 부품(Rudder Horn, Rudder Casting, Anchor, Bell Mouth, Mooring Fitting, Rudder & Hull Side Accessories), 산업 기계 부품(Automobile Castings)의 생산","Production of Castings for Shipbuilding Parts(Rudder Horn, Rudder Casting, Anchor, Bell Mouth, Mooring Fitting, Rudder & Hull Side Accessories), Industrial Machinery Parts(Automobile Castings)",경상남도 양산시 소주공단4길 25(소주동),"25, Sojugongdan 4-gil, Yangsan-si, Gyeongsangnam-do, KOREA",,,,0,,,,,,,,True
㈜알톤,"Alton Co., Ltd.",107-87-33730,,,김신성,도매 외,저전거및 부품외,4646,29A,자전거 및 전기자전거의 판매,Sales of bicycles and e-bikes,"경기도 성남시 분당구 판교로256번길 25, 씨동 8층 (삼평동)","8th floor, Building C, 25, Pangyo-ro 256beon-gil, Bundang-gu, Seongnam-si, Gyeonggi-do, KOREA",,,,0,,,,,,,,True
로지오시스㈜,"LOGIOSIS Co., Ltd.",755-86-01684,,,오대만 ,제조업 외,바이오연료 및 혼합물 제조업 외,2049,12B,"바이오연료 및 혼합물 제조, 공급 ",Manufacture and supply of biofuels and mixtures,울산광역시 울주군 온산읍 종동길 145-21 (삼평리),"145-21, Jongdong-gil, Onsan-eup, Ulju-gun, Ulsan, KOREA",,,,0,,,,,,,daemanoh@naver.com,True
㈜창화에너지,"CHANGHWA ENERGY Co., Ltd.",516-87-00113,,,박성호,제조업 외,열방합발전기 외,2512,17B,열병합발전 보일러의 생산,Production of Combined Heat and Power Boiler,"경상남도 김해시 인제로 197, 창조관 405호 (어방동, 인제대학교) ","405ho, 197, Inje-ro, Gimhae-si, Gyeongsangnam-do, KOREA",,,,0,,,,,,,,True
주식회사 마스콤,"MASCOM CO., LTD.",621-81-06514,,,"정연택, 김병주",제조업,"합성수지, 재생섬유소및그유도체",2020,12B,"합성수지(ASA, PP, PE, PA/ABS)의 생산","Production of Synthetic resin (ASA, PP, PE, PA/ABS)","경상남도 양산시 산막공단북5길 17, 1층 (산막동)","1st floor, 17, Sanmakgongdanbuk 5-gil, Yangsan-si, Gyeongsangnam-do, KOREA",,,,0,,,,,,,,True
우주벤텍 주식회사,"WOO JOO BEND-TECH Co., Ltd.",606-86-12384,,,문용석,제조,열교환기및 보일러제작 외,2413,17A,"스틸(파이프벤딩, U-tube)제품의 생산","Production of steel products (pipe bending, U-tube)",부산광역시 사상구 대동로180번길 9 (학장동),"9, Daedong-ro 180beon-gil, Sasang-gu, Busan, KOREA",,,,0,,,,,,,,True
금창테크㈜,"KUNCHANG TECH CO., LTD.",598-86-00122,,,박두환,제조업,레이저절단절곡 외,"2592, 2591",17B,"레이저 절단, 절곡 및 롤링 가공","Laser Cutting, Bending and Rolling Processing",부산광역시 사상구 가야대로 60 (학장동),"60, Gaya-daero, Sasang-gu, Busan, KOREA",,,,0,,,,,,,,True
주식회사 쌍교 ,"Ssangkyo Co., Ltd.",874-86-02761,,,김창회 ,도매 및 소매업,육류 도매업(단순가공식품),"4631, 4721",29A,육가공품 공급 및 판매 ,Supply and sales of processed meat products,광주광역시 북구 양일로 137-17 (양산동),"137-17, Yangil-ro, Buk-gu, Gwangju, KOREA",,,,0,,,,,,,,True
㈜대호안전관리공사,"DAEHO Co., Ltd.",409-81-53251,,,"박수웅, 김미애",서비스,"시설관리, 주택관리","7410, 7421",35C,공동주택 및 건물(시설물) 유지관리 서비스,Multi-family housing and building (facilities) maintenance service,"광주광역시 북구 첨단연신로 88, 1106호~1112호 (연제동, 광주첨단2지구지식산업센터Hudson1041)","Room 1106~1112, 88, Cheomdanyeonsin-ro, Buk-gu, Gwangju, KOREA",,,,0,,,,,,,,True
㈜제이아이피,"JE IL PRECISION CO., LTD.",606-86-02019,,,임영춘,제조,유압기계및부품,2919,18A,유압모터 및 밸브용 부품류의 생산,Production of parts for hydraulic motor & hydraulic valve,부산광역시 사상구 학장로63번길 34 (학장동),"34, Hakjang-ro 63beon-gil, Sasang-gu, Busan, KOREA",,,,0,,,,,,,,True
일신테크㈜,"IL SHIN TECH CO., LTD.",606-81-28799,,,김병진,제조 외,기계제작 외,"2929, 2721","18A,19D","분말성형프레스 및 금형, 자동화시스템의 설계, 개발, 생산 및 설치","Design, Development, Production and Installation of Powder Molding Press & Mold, Automatic System",부산광역시 강서구 과학산단2로3번길 42 (지사동),"42, Gwahaksandan 2-ro 3beon-gil, Gangseo-gu, Busan, KOREA",,,,0,,,,,,,,True
㈜삼우밸브,"Sam Woo Valve Co., Ltd.",622-81-17784,,,이상일,제조 외,밸브배관자재 외,2913,18A,"버터플라이 밸브, 체크 밸브의 설계, 개발 및 생산","Design, Development and Production of Butterfly Valve and Check Valve",경상남도 김해시 생림면 나전로 250 (나전리),"250, Najeon-ro, Saengnim-myeon, Gimhae-si, Gyeongsangnam-do, KOREA",,,,0,,,,,,,,True
㈜대한버터플라이,"DAE HAN BUTTERFLY CO., LTD.",606-81-23983,,,강원석,제조,밸브,2913,18A,버터플라이 밸브의 생산,Production of Butterfly Valve,부산광역시 사상구 새벽시장로 144-14 (감전동),"144-14, Saebyeoksijang-ro, Sasang-gu, Busan, KOREA",,,,0,,,,,,,,True
㈜디더블유바이오,"Dwbio Co., Ltd.",371-87-01692,,,이석준,제조업외,마스크제조외,"1322, 4791","04A,29A",마스크의 생산 및 판매,Production and sales of masks,충청북도 청주시 흥덕구 옥산면 과학산업4로 203,"203, Gwahaksaneop 4-ro, Oksan-myeon, Heungdeok-gu, Cheongju-si, Chungcheongbuk-do, KOREA",,,www.dwbio.co.kr/www.dwiaan.com,0,,,,,,,,True
(유)금강시스템,"Keumgang System Co., Ltd.",402-81-44066,,,진용채,건설업외,전기공사 및 통신공사 외,"4232, 4231",28C,"정보통신, 전기공사 및 유지보수","Information Telecommnication, Electrical Works and Maintenance",전라북도 전주시 완산구 효자로 319 (중화산동2가),"319, Hyoja-ro, Wansan-gu, Jeonju-si, Jeollabuk-do, KOREA",,,,0,,,,,,,,True
조영건설㈜,"Joyoung Construction Co., Ltd.",303-81-28468,,,장용운,건설업,"토목공사, 시설물 유지관리","4122, 4250","28B,28D",토목공사 및 시설물 유지관리 공사,Civil engineering and facility maintenance work,충청북도 충주시 사직로 156 (문화동),"156, Sajik-ro, Chungju-si, Chungcheongbuk-do, KOREA",,,,0,,,,,,,,True
유한회사 새한글로벌,SAEHAN GLOBAL,746-88-00894,,,김원만,플라스틱물질제,제조업,2224,14B,전자부품용 플라스틱 사출품 제조,Manufacture of plastic injection parts for electronic parts,전라남도 장성군 동화면 가정길 8,"8, Gajeong-gil, Donghwa-myeon, Jangseong-gun, Jeollanam-do, KOREA",,,,0,,,,,,,,True
(유)새한하이테크,SAEHAN HIGH TECH,410-86-28892,,,김원만,플라스틱물질제,제조업,2224,14B,전자부품용 플라스틱 사출품 제조,Manufacture of plastic injection parts for electronic parts,광주광역시 광산구 사암로 827-47 (도천동),"827-47, Saam-ro, Gwangsan-gu, Gwangju, KOREA",,,,0,,,,,,,,True
유한회사 새한플러스,SAEHAN PLUS,102-81-46408,,,김원만,플라스틱물질제,제조업,2224,14B,전자부품용 플라스틱 사출품 제조,Manufacture of plastic injection parts for electronic parts,광주광역시 광산구 우산천변길 63 (우산동),"63, Usancheonbyeon-gil, Gwangsan-gu, Gwangju, KOREA",,,,0,,,,,,,,True
㈜네오티스,"NEOTS Co., Ltd.",214-86-68087,,,이운학,건설,"정보통신공사,콜센터, SI, CTI의설계,개발및 시공",4232,28C,"정보통신공사, 콜센터, SI, CTI의 설계, 개발 및 시공","Design, Development and Installation of Telecommunication Works, Call Center, SI(System Integration) and CTI(Computer Telephony Integration)","경기도 하남시 미사대로 520, CA동 7층 705, 706호 (덕풍동, 현대지식산업센터한강미사2차)","#705~706, CA-Dong, 520, Misa-daero, Hanam-si, Gyeonggi-do, KOREA",,,,0,,,,,,,,True
주식회사 영풍,"YOUNG PUNG Co., Ltd.",408-81-56497,,,양해용,건설,"통신공사,전기공사","4232, 4231",28C,정보통신 시설공사 및 전기공사,Information Telecommunication Works and Electric Works,광주광역시 광산구 풍영철길로 20-3 (우산동),"20-3, Pungyeongcheolgil-ro, Gwangsan-gu, Gwangju, KOREA",,,,0,,,,,,,,True
한국환경기계㈜,"KOREA ENVIRONMENT MACHINERY CO., LTD.",603-81-13583,,,김경환,제조,공해방지기계,2917,18A,"협잡물 종합처리기의 설계, 개발, 생산, 설치 및 유지보수","Design, Development, Production, Installation and Maintenance of Feces & Urine Pretreatment Disposer",부산광역시 강서구 녹산산단261로 83 (송정동),"83, Noksansandan 261-ro, Gangseo-gu, Busan, KOREA",,,,0,,,,,,,,True
주식회사 영신테크 ,"Young Shin Tech Co., Ltd. ",412-81-44364,,,"박영임, 유영재",제조업,제조업 ,"2041, 4241, 4249","12B,28C","도료(도로포장재, 방수재, 바닥재) 제조 및 건축 마무리공사","Paint(road paving material, waterproofing material, flooring material) manufacturing and construction finishing work",전라남도 담양군 담양읍 에코산단3로 120,"120, Ekosandan 3-ro, Damyang-eup, Damyang-gun, Jeollanam-do, KOREA",,,,0,,,,,,,,True
주식회사 꼼지락,"GGOM JI RAK Co., Ltd. ",346-86-02650,,,김태원,"소매, 제조업","전자상거래, 전기매트","2851, 4791","19A,29A","가정용, 캠핑용 전기매트 제조 및 보급",Manufacture and distribution of electric mats for home and camping use,광주광역시 북구 서암대로 124 (신안동),"124, Seoam-daero, Buk-gu, Gwangju, KOREA",,,,0,,,,,,,,True
㈜트래닛 자동차사업부,"TRANIT Co., Ltd. Automotive Division",124-86-24054,,,강기완,"제조, 제조업",전자부품외,2224,14B,"환경: 사출품의 설계 및 제조
안전보건: 본사 및 음성공장 [자동차용 사출품의 설계, 개발 및 제조]
              울산 및 아산공장 [자동차용 사출부품의 제조]","Environment: design and manufacture of molded parts
Safety and Health: Headquarters and Eumseong Plant [Design, development and manufacturing of injection molding products for automobiles]
                   Ulsan and Asan plants [Manufacture of injection parts for automobiles]",충청북도 음성군 생극면 음성로 1524-4                    ,"1524-4, Eumseong-ro, Saenggeuk-myeon, Eumseong-gun, Chungcheongbuk-do, KOREA",,,,0,,,,,,,yjjeong@tni.foosung.com,True
성진분체,Sung Jin Powder Co.,622-02-67144,,,박상영,제조업,금속처리업,2592,17B,분체도장 및 금속처리,Powder Coating and Metal Treatment,경상남도 김해시 진례면 고모로582번길 43 ,"43, Gomo-ro 582beon-gil, Jillye-myeon, Gimhae-si, Gyeongsangnam-do, KOREA",,,,0,,,,,,,,True
㈜한서하이드로,"HANSEO HYDRO Co., Ltd.",603-81-87988,,,김병대,제조업 외,유압기계 외,2912,18A,유압 및 공압기기의 생산,Production of Hydraulic and Pneumatic Equipment,부산광역시 사하구 다대로 946 (다대동),"946, Dadae-ro, Saha-gu, Busan, KOREA",,,,0,,,,,,,,True
스톨존바이오㈜,"Sturgeon Bio Co., Ltd.",417-87-00233,,,이용광,제조업 외,"식품제조, 가공업 외","1079, 2042","03A,12B","1. 식품(진액, 환 등)의 설계, 개발 및 생산
2. 기초화장품의 디자인, 개발, 생산","1. Design, development and production of food (seed, pills, etc.)
2. Design, development, and production of basic cosmetics","충청북도 청주시 흥덕구 직지대로436번길 76, 3층 301, 302호 (송정동, 직지스마트타워)","#301 and 302, 3rd floor, 76, Jikji-daero 436beon-gil, Heungdeok-gu, Cheongju-si, Chungcheongbuk-do, KOREA",,,www.sturgeonbio.com,0,,,,,,,,True
주식회사 알티자동화,"RT Automation Co., Ltd.",312-86-35269,,,최동열,제조업외,반도체장비 및 부품제조외,"2927, 2721","18A,19D","반도체 장비, 자동화장비 및 LCD/LED 설비의 설계, 개발, 제조 및 유지관리","Design, development, manufacturing and maintenance of semiconductor equipment, automated equipment, and LCD/LED equipment",충청남도 아산시 음봉면 연암율금로295번길 2-1,"2-1, Yeonamyulgeum-ro 295beon-gil, Eumbong-myeon, Asan-si, Chungcheongnam-do, KOREA",,,lhttp://www.rtauto.kr,0,,,,,,,RTAUTO5582@hometax.go.kr,True
주식회사 알티자동화,"RT Automation Co., Ltd.",312-86-35269,,,최동열,제조업,반도체장비,"2927, 2721","18A,19D","반도체 장비, 자동화장비 및 LCD/LED 설비의 설계, 개발, 제조 및 유지관리","Design, development, manufacturing and maintenance of semiconductor equipment, automated equipment, and LCD/LED equipment",충청남도 아산시 음봉면 연암율금로295번길 2-1,"2-1, Yeonamyulgeum-ro 295beon-gil, Eumbong-myeon, Asan-si, Chungcheongnam-do, KOREA",,,,0,,,,,,,,True
주식회사 대원종합이엔지,"Dae Won General ENG Co., Ltd.",137-86-12307,,,고정근,"건설,서비스업","정보통신,잔문소방 시설공사,설계,감리","4220, 4232, 4231, 7212","28D,28C,34A","소방시설, 정보통신, 전기시설공사 및 설계, 감리, 엔지니어링서비스","Electricity, Information Communication, Firefighting, Installation Works And Design, Supervision, Engineering Service ","인천광역시 서구 탁옥로16, 2층(심곡동)","16, Tagok-ro, Seo-gu, Incheon, KOREA",,,,0,,,,,,,,True
㈜카스하이퍼씨앤씨 ,"KAS Hyper C&C Co., Ltd.",130-86-18159,,,이기석,"건설,서비스업",정보통신시설공사,"4232, 4231, 2642, 2842","28C,19B,19A","QE : 통신 및 전기설비, 전기, 정보통신공사
       CCTV, 조명기기(경관조명기구, 가로등기구, 자동점멸기)의 제조
O : 통신 및 전기설비, 전기, 정보통신공사","Communication Facility, Electric, Information Telecommunication Works
Manufacture of CCTV, Lighting Equipments (Landscape Lighting Fixtures, Streetlight Fixtures, Automatic Switch)",인천광역시 부평구 수변로 99(부개동),"99, Subyeon-ro, Bupyeong-gu, Incheon, KOREA",,,,0,,,,,,,,True
화인정보통신㈜ ,"Fine Telecommunication Co., Ltd.",129-81-29762,,,신용운,"건설,서비스업",정보통신시설공사,"4232, 4231",28C,정보통신 및 전기시설공사,"Information and Communication Works, Electric Works",경기도 성남시 분당구 야탑로153번길 8-6 (야탑동),"8-6, Yatap-ro 153beon-gil, Bundang-gu, Seongnam-si, Gyeonggi-do, KOREA",,,,0,,,,,,,,True
㈜영진,"YOUNG JIN Co., Ltd.",621-81-30896,,,이진희,제조 외,산업자동화기계 외,"2413, 2591","17A,17B",스테인레스 나사식 관 이음쇠 및 볼 밸브의 생산,Production of Stainless Screwed Pipe Fittings and Ball Valve,경상남도 양산시 어곡공단6길 15 (어곡동),"15, Eogokgongdan 6-gil, Yangsan-si, Gyeongsangnam-do, KOREA",,,,0,,,,,,,,True
㈜글로리케이제이,"GLORY KJ Co., Ltd.",838-88-01120,,,김영곤,제조업,전동공구부품,2591,17B,"기계부품(Flange, Block, Cover, Ring, Shaft, Anbil, Flywheel 및 Impact)의 생산","Production of Machine Parts(Flange, Block, Cover, Ring, Shaft, Anbil, Flywheel and Impact)",부산광역시 사상구 가야대로 11번길 10 (감전동),"10, Gaya-daero 11beon-gil, Sasang-gu, Busan, KOREA",,,,0,,,,,,,giory6023@naver.com,True
주식회사 하이플럭스,"HIFLUX Co., Ltd.",314-86-15459,,,김현효,제조,"유압기기, 탭, 각종밸브, 펌프","2912, 2913",18A,"밸브, 피팅, 튜브, 노즐, 펌프(수압펌프, 가스 부스터, 정량펌프), 유압기기, 압력 조정기, 압력계의 설계, 개발 및 제조","Design, Development, Manufacture and Servicing of Valve Fitting Tube, Nozzle, Pump(Hydraulic Pump, Gas Booster, Metering Pump), Oil Pressure Machine, Pressure Regulator, Pressure Gauge",대전광역시 유성구 갑천로 361-23 (탑립동),"361-23, Gapcheon-ro, Yuseong-gu, Daejeon, KOREA",,,	http://www.hiflux.com/,0,,,,,,,,True
세영전장,SE YOUNG ELECTRONIC EQUIPMENT CO.,609-54-66011,,,김용순,제조 외,전기계장 외,"2811, 2830, 2721","19A,19D","선박 및 산업용 발전기, Control Panel, Heating system 및 Wiring의 설계, 개발 및 생산","Desing, Development and Production of Generator for Vessel and Industry, Control Panel, Heating system and Wiring","경상남도 창원시 성산구 완암로 50, 310호 (성산동, SK테크노파크)","#310, 50, Wanam-ro, Seongsan-gu, Changwon-si, Gyeongsangnam-do, KOREA",,,,0,,,,,,,,True
[해지]동산스틸 ,Dong San Steel Co. ,302-19-00887,,,윤동건 ,제조업,"철강재가공, 철구주몰 제작 ","2419, 2511","17A,17B",철강재 및 철구조물의 제작,Manufacturing of steel products and steel structures,경상남도 거제시 연초면 천곡1길 80-24,"80-24, Cheongok 1-gil, Yeoncho-myeon, Geoje-si, Gyeongsangnam-do, KOREA",,,,0,,,,,,,,True
주식회사 비케이엔터프라이즈,"BK ENTERPRISE Co., Ltd.",836-86-00077,,,김봉규,제조업 외,금형 외,2929,18A,"프레스 금형의 설계, 개발 및 생산","Design, Development and Production of Press Mold",부산광역시 사상구 농산물시장로26번길 8 (엄궁동),"8, Nongsanmulsijang-ro 26beon-gil, Sasang-gu, Busan, KOREA",,,,0,,,,,,,,True
강영 열처리,KANG YOUNG HEAT TREATMENT Co.,727-39-00503,,,서정훈,제조업,열처리,2592,17B,금속의 열처리,Heat Treatment of Metals,부산광역시 사상구 낙동대로1436번길 14 (삼락동),"14, Nakdong-daero 1436beon-gil, Sasang-gu, Busan, KOREA",,,,0,,,,,,,,True
㈜대진유압기계 ,"DAE JIN HYDRAULIC MACHINERY Co., Ltd.",606-81-23339,,,박용봉,제조 외,유압기계및공구 외,2912,18A,"유압기계 및 공구류의 설계, 개발 및 생산","Desing, Development and Production of Hydraulic Machinery and Tools",부산광역시 사상구 가야대로103번길 72 (감전동),"72, Gaya-daero 103beon-gil, Sasang-gu, Busan, KOREA",,,,0,,,,,,,,True
㈜애인테크놀로지,"AIN Technology Co., Ltd.",505-81-52701,,,김성용,서비스 외,연구및개발업외,5822,33B,"산업소프트웨어 및 자동화시스템(철강공정자동화를 위한 Middleware, 연주설비 설계자동화 소프트웨어)의 설계, 개발, 생산 및 설치","Design, Development, Production and Installation of Industrial Software and Automatic System (Middleware for Steel Processing Automation, Design Automatic Software of Continuous Casting Line Equipment)","경상북도 포항시 남구 지곡로 394, 105 (지곡동, 포항테크노파크제4벤처동)","#105, 4Venture-dong, Pohang Techno Park, 394, Jigok-ro, Nam-gu, Pohang-si, Gyeongsangbuk-do, KOREA",,,,0,,,,,,,,True
구보종합건설㈜,"KUBO CONSTRUCTION Co., Ltd.",306-81-18616,,,"김현만, 김주영",건설업,"토목,건축,포장 외","4122, 4213, 4231, 4250","28B,28C,28D","토목, 건축, 조경 및 전기의 시공(공사)","Construction of Civil Engineering, Building Works, Landscaping & Electric Works
",대전광역시 동구 현암로 5 (삼성동),"5, Hyeonam-ro, Dong-gu, Daejeon, KOREA",,,,0,,,,,,,,True
㈜티엔에스베큠,TNS VACUUM Inc.,122-86-36141,,,정윤자,제조업,열처리진공기기,2919,18A,열처리 진공기기의 제조,Manufacture of Heat Treatment Vacuum Equipment,경기도 용인시 처인구 포곡읍 금어로202번길 9-1,"9-1, Geumeo-ro 202beon-gil, Pogok-eup, Cheoin-gu, Yongin-si, Gyeonggi-do, KOREA",,,,0,,,,,,,,True
세연기공,SEYEON MACHINERY Co.,621-08-38712,,,구재회,제조 외,산업기계 외,"2916, 2811, 2721, 2511, 4213","18A,19A,19D,17B 28C","1. 항만하역기계(컨테이너 스프레더, 헤드블럭, 체인컨베이어 및 오버하이트 스프레더), 열병합발전설비(연료공급장치), 석탄미세분진 Control System, 지브크레인, 덕트, 풀리, 롤러의 설계, 생산 및 설치
2. 보일러 배관류, 플렛폼 및 풍력발전 구조물의 생산 및 설치
3. 수문, 수문밸브, 수문권양기의 생산 및 금속구조물, 창호·온실 공사","1. Design, Production and Installation of Harbor Loading Machine(Container spreader, Head block, Chain conveyor and Over height spreader), Cogeneration(Fuel supply system), Coal Fine Dust Control System, Jib Crane, Duct, Pulley and Roller
2. Production and Installation of Boiler Piping, Platform and Wind-Power Generation Structure
3. Production of Floodgate, Floodgate Valve, Floodgate Winch and Construction of Metal Structure, Doors &Windows Greenhouses",경상남도 양산시 상북면 석계산단6길 139,"139, Seokgyesandan 6-gil, Sangbuk-myeon, Yangsan-si, Gyeongsangnam-do, KOREA",,,,0,,,,,,,,True
세연기공,SEYEON MACHINERY Co.,621-08-38712,,,구재회,제조 외,산업기계 외,"2916, 2811, 2721, 2511, 4213","18A,19A,19D,17B 28C","1. 항만하역기계(컨테이너 스프레더, 헤드블럭, 체인컨베이어 및 오버하이트 스프레더), 열병합발전설비(연료공급장치), 석탄미세분진 Control System, 지브크레인, 덕트, 풀리, 롤러의 설계, 생산 및 설치
2. 보일러 배관류, 플렛폼 및 풍력발전 구조물의 생산 및 설치
3. 수문, 수문밸브, 수문권양기의 생산 및 금속구조물, 창호·온실 공사","1. Design, Production and Installation of Harbor Loading Machine(Container spreader, Head block, Chain conveyor and Over height spreader), Cogeneration(Fuel supply system), Coal Fine Dust Control System, Jib Crane, Duct, Pulley and Roller
2. Production and Installation of Boiler Piping, Platform and Wind-Power Generation Structure
3. Production of Floodgate, Floodgate Valve, Floodgate Winch and Construction of Metal Structure, Doors &Windows Greenhouses",경상남도 양산시 상북면 석계산단6길 139,"139, Seokgyesandan 6-gil, Sangbuk-myeon, Yangsan-si, Gyeongsangnam-do, KOREA",,,,0,,,,,,,,True
광진정공,KWANG JIN PRECISION INDUSTRY Co.,622-02-67028,,,김정곤,제조업,자동차부품,"2721, 2913, 3031","19D,18A","유량측정기계부품(Cell Body, 6 Pin, 10 Pin), 하수처리펌프(Motor Housing), 자동차 부품(Rotor Core 3종) 및 에어툴 부품(Collet, Spindle)의 생산","Production of Machine Parts for Oil Gauge(Cell Body, 6 Pin, 10 Pin), Sewage Disposal Pump(Motor Housing), Automotive Parts(Three Rotor Core) and Air Tool (Collet, Spindle)",부산광역시 사상구 사상로341번길 60,"60, Sasang-ro 341beon-gil, Sasang-gu, Busan, KOREA",,,,0,,,,,,,,True
자영폴리텍 주식회사,JAYOUNG POLYTEC Inc.,222-88-02775,,,고병혁,제조업,저장탱크 외,"2512, 2592",17B,스테인리스 탱크의 생산 및 버핑,Production and Buffing of Stainless Tanks,경상남도 김해시 주촌면 서부로1701번안길 94-1,"94-1, Seobu-ro 1701beonan-gil, Juchon-myeon, Gimhae-si, Gyeongsangnam-do, KOREA",,,,0,,,,,,,,True
㈜기장엔지니어링,"KI-JANG ENGINEERING Co., Ltd.",207-81-52433,,,윤택식,서비스업,기술진단,7212,34A,"시설물안전진단, 에너지진단 및 기계설비성능점검, T.A.B.서비스","Facility safety diagnosis, energy diagnosis and mechanical facility performance inspection and T.A.B Service","서울특별시 성동구 마장로 331, 5층 (마장동, 태상빌딩)","5th floor, 331, Majang-ro, Seongdong-gu, Seoul, KOREA",,,,0,,,,,,,,True
㈜메탈엘엠이,"METAL LME CO., LTD.",603-81-53265,,,이상권,제조 외,아연용융도금업 외,2592,17B,용융아연도금의 생산,Production of Hot Dip Galvanizing,부산광역시 사하구 다산로225번길 41,"41, Dasan-ro 225beon-gil, Saha-gu, Busan, KOREA",,,,0,,,,,,,,True
주식회사 피마펜코리아,"PIMAPEN KOREA Co., Ltd.",689-87-00274,,,신명자,제조,창호,2222,14B,친환경 창호(창세트) 및 창호부속품의 제조 및 개발,Manufacture and Development of Eco-friendly Windows and Window Accessories,경기도 이천시 중부대로 1217-7 (장록동),"1217-7, Jungbu-daero, Icheon-si, Gyeonggi-do, KOREA",,,www.pimapen.co.kr,0,,,,,,,,True
㈜극동이엔씨,"KUKDONG ENC CO., LTD.",609-81-77853,,,최승훈,건설업 외,"전기공사, 통신공사 외","4231, 4232",28C,전기공사 및 통신공사,Works of Electric and Communications ,경상남도 산청군 산청읍 산수로 116-31,"116-31, Sansu-ro, Sancheong-eup, Sancheong-gun, Gyeongsangnam-do, KOREA",,,,0,,,,,,,,True
한울테크,HANWOOL TECH,179-12-00750,,,전종식,제조업,산업용품,3111,20A,선박용 엔진 써포드 제조,Manufacture of Ship Engine Sufford,"경상남도 창원시 성산구 반월로 61-15 (신촌동, 한울테크)","61-15, Banwol-ro, Seongsan-gu, Changwon-si, Gyeongsangnam-do, KOREA",,,,0,,,,,,,,True
금호마린테크㈜,"Kumhomarine Tech Co., Ltd.",603-81-51724,,,백운식,도매 외,"무역업(해양및차량장비, 소프트웨어) 외","2721, 2929","19D,18A","해상용(위치정보시스템, 어군탐지기, 레이더, 레이더반사기, 송수신안테나, 탐조등, 콤파스)의 생산과 어업용기자재(DO센서, 자동사료급이기, 스마트 양식장)의 생산","Production of (Global Positioning System, Fish Finder, Radar, Radar Reflector, Sender/Receiver Antenna Searchlight, Compass) for Marine and Production of (Dissolved Oxygen Sensor, Auto Feeder, Smart Fish Farm) for Aquaculture Facility",부산광역시 남구 지게골로 50 (문현동),"50, Jigegol-ro, Nam-gu, Busan, KOREA",,,,0,,,,,,,,True
천보테크,Cheon Bo Tech Co.,610-20-81865,,,문욱권,제조,자동차부품,2413,17A,파이브 & 환봉의 절단 및 가공품에 대한 제조,Manufacture of Pipe & Round bar Cutting and Processed Products,"경상남도 양산시 주남산단4로 9, B동 (주남동)","9, Junamsandan 4-ro, Yangsan-si, Gyeongsangnam-do, KOREA",,,,0,,,,,,,,True
㈜진주에스이씨 ,"JinJu SEC. Co., Ltd .",317-81-26265,,,임재학,제조업외,마스터뱃지외,2013,12A,마스터배치 제조 및 공급,Manufacture and Supply of Master Batch,충청남도 천안시 동남구 수신면 백자3길 180 (백자리),"180, Baekja 3-gil, Susin-myeon, Dongnam-gu, Cheonan-si, Chungcheongnam-do, KOREA",,,,0,,,,,,,,True
제넥스글로벌,GENEXGLOBAL CO.,203-28-10794,,,김성혁,제조업외,광학장비 제조,2612,19B,"반도체 및 디스플레이 공정용 Fiber Coupled Laser Diode의 설계, 개발 및 제조","Design, Development and Manufacture of Fiber Coupled Laser Diode for semiconductor and display processes","충청남도 천안시 서북구 직산읍 직산로 136, 2109호 ((재)충남테크노파크천안밸리)","#2109, 136, Jiksan-ro, Jiksan-eup, Seobuk-gu, Cheonan-si, Chungcheongnam-do, KOREA",,,,0,,,,,,,,True
성산환경 주식회사,"Seongsan Environment Co., Ltd.",417-81-29067,,,임병권,서비스외,건설폐기물중간처리수집운반업외,"3823, 4211","39B,28B","건설폐기물 중간처리 수집운반업 및 비계. 구조물해체공사, 석면 폐슬레이트 해체공사","Construction waste intermediate processing collection and transportation, Scaffolding and structure dismantling work, asbestos waste slate dismantling work",전라남도 여수시 소라면 봉두로 356,"356, Bongdu-ro, Sora-myeon, Yeosu-si, Jeollanam-do, KOREA",,,,0,,,,,,,,True
㈜이녹스에코엠,"INNOX ECOM CO., LTD.",312-81-90914,,,"오은석, 이원진",제조업,파우더,"2820, 2042","19A,12B","이차전지 소재, Si 파우더의 설계, 개발 및 제조","Design, Development and Manufacturing of Secondary Cell materials, Si powder",충청남도 아산시 둔포면 아산밸리로 139,"139, Asanbaelli-ro, Dunpo-myeon, Asan-si, Chungcheongnam-do, KOREA",,,,0,,,,,,,,True
㈜세원에프이,"SEWONFE Co., Ltd.",781-86-00705,,,정동욱,"건설,서비스업","전기,소방공사","4220, 4231","28D,28C",전문소방시설 공사,Construction of professional firefighting facility,"인천광역시 남동구 아암대로1223, 316호, 317호(고잔동, 성강지식산업센터)","#316~317, 1223, Aam-daero, Namdong-gu, Incheon, KOREA",,,,0,,,,,,,,True
주식회사 제이에이치이엔지 ,"JHENG Co., Ltd. ",416-81-86667,,,조재민,제조업,"철강재, 철구조물","2412, 2511","17A,17B","철강재, 철구조물의 제조",Manufacture of Steel product and steel structures,전라남도 순천시 해룡면 율촌산단1로 19-35,"19-35, Yulchonsandan 1-ro, Haeryong-myeon, Suncheon-si, Jeollanam-do, KOREA",,,,0,,,,,,,,True
진성정밀금속㈜,"Jinsung Precision Metal Co., Ltd.",615-86-12277,,,김성욱,제조업,금속부분품제조,"2591, 3111","17B,20A","정밀 주조부품(자동차, 선박, 방위산업, 일반산업용)의 생산","Production of precision casting parts (for automobiles, ships, defense industry, general industry)",부산광역시 강서구 과학산단1로103번길 8 (지사동),"8, Gwahaksandan 1-ro 103beon-gil, Gangseo-gu, Busan, KOREA",,,,0,,,,,,,,True
주식회사 의령테크,"UIRYEONGTECH CO., LTD.",517-88-00321,,,이종희,"제조업, 도매","절단, 절곡, 1차금속제품","2419, 2591","17A,17B",산업용 철판 (절단)가공,"Manufacture of iron plate(Laser, Plasma, CNC, Hot, Cold cutting) for industry",경상남도 김해시 진영읍 진산대로 113-30,"113-30, Jinsan-daero, Jinyeong-eup, Gimhae-si, Gyeongsangnam-do, KOREA",,,,0,,,,,,,,True
㈜아성,"Asung Co., Ltd.",127-88-02198,,,최재호,제조업,케이블,2830,19A,전선용 도체생산 및 개발,Produciton and development of conductors for electric wires,경기도 안산시 단원구 별망로 569-12 (원시동),"569-12, Byeolmang-ro, Danwon-gu, Ansan-si, Gyeonggi-do, KOREA",,,,0,,,,,,,,True
㈜유진코메탈,"YUJINCO METAL CO., LTD.",606-81-64285,,,오승현,제조,화스너제조 외,2594,17B,"해양/에너지 플랜트, 원자력 ,풍력발전, 선박, 자동차엔진, 가스터빈, 열교환기, 방위산업용 볼트, 너트, 스크류 및 정밀가공부품의 생산","Production of Bolt, Nut, Washer & Precision Parts for Marine Energy Plant, Nuclear, Wind Power, Marine Engine, Automobile Engine, Gas Turbine, Heat Exchanger, Defense Industry",부산광역시 강서구 녹산산업중로 285,"285, Noksansaneopjung-ro, Gangseo-gu, Busan, KOREA",,,,0,,,,,,,,True
태원공업 주식회사,"TAEWEON IND. CO., LTD.",603-81-37187,,,최길호,제조,기어및산업기계,"2914, 2928, 2511","18A,17B","감속기, Geared Motor, Gear, Crane부품(Drum, Wheel, Sheave, Bearing Housing, Hook, Saddle, Trolley), 제철설비(Coating M/C, Coal car), 박용연료분사장치 및 철구조물의 생산","Production of Gear reducer, Geared Motor, Gears, Crane Parts (Drum, Wheel, Sheave, Bearing Housing, Hook, Saddle, Trolley), Iron Manufacture Equipments (Coating M/C, Coal car), Marine Fuel Injection System and Steel Structures",부산광역시 강서구 화전산단2로 74(화전동),"74, Hwajeonsandan 2-ro, Gangseo-gu, Busan, KOREA",,,,0,,,,,,,,True
㈜미호이. 엔. 씨,"MIHO ENC CO., LTD.",130-81-69726,,,오치재,제조외,설비공사및장비제작외,"2917, 4220","18A,28D","청정장비(에어샤워, 패스박스, 크린부스, 바이오벤치, 헤파필터, 모듈, 안전댐퍼, 패키지크린유닛, 크린터널 유니트), 공종장비(에어핸들링 유니트), 항온항습기, 냉각기, 제습기, 전열/현열교환기, 콘뎅싱유니트(쿨러/히터)에 대한 설계, 개발, 생산, 설치 및 부가서비스","Design, development, production, installation, and additional services for clean equipment (air showers, pass boxes, clean booths, bio-benches, HEPA filters, modules, safety dampers, package clean units, clean tunnel units), construction equipment (air handling units), constant temperature and humidity controllers, coolers, dehumidifiers, heat exchangers, and condensing units(coolers/heaters)","경기도 부천시 석천로453번길 71 (삼정동, 미호이엔씨)","71, Seokcheon-ro 453beon-gil, Bucheon-si, Gyeonggi-do, KOREA",,,,0,,,,,,,miho-tax@daum.net,True
성신전력㈜,"Sungshin Electric Power Co., Ltd",402-81-60130,,,양진선,건설 외,전기공사 외,"4231, 4220","28C,28D",전기공사 및 소방공사,Works of Electric and Fire Engineering,경상남도 산청군 단성면 사직단로 397 ,"397, Sajikdan-ro, Danseong-myeon, Sancheong-gun, Gyeongsangnam-do, KOREA",,,,0,,,,,,,,True
주식회사 기광,"KIKWANG CO., LTD",721-81-00580,,,박국철,제조업,자동차 부품 제조업 ,3039,18A,"자동차부품(에어클리너, 연료필터, 쿨러모듈) 제조","Manufacture of Car parts(air cleaner, Fuel filter, Cooler Module)",전라북도 완주군 봉동읍 완주산단5로 296,"296, Wanjusandan 5-ro, Bongdong-eup, Wanju_gun, Jeollabuk-do, Republic of Korea",,,,0,,,,,,,,True
삼주환경산업㈜,"Samju Environmental Industry Co., Ltd.",134-81-86673,,,노영현,제조업외,기체여과지제조업외,2917,18A,"폐수, 오수, 대기방지시설 제작 및 운영","Production and operation of wastewater, sewage, and air pollution prevention facilities","경기도 안산시 단원구 광덕대로 187, 8층 (고잔동, 장은타워)","187, Gwangdeok-daero, Danwon-gu, Ansan-si, Gyeonggi-do, KOREA",,,,0,,,,,,,samjutax@samjuenv.co.kr,True
주식회사 세원관리,"Sewon Co., Ltd.",130-86-60166,,,박성우,"부동산업, 서비스업",건물관리업,"7410, 6811, 7512","35C,32B","건물 및 공동주택 종합관리, 주택임대관리, 근로자파견관리의 서비스 및 부가서비스","Services and additional services for comprehensive management of buildings and multi-family housing, housing rental management, worker dispatching management","경기도 부천시 신흥로 190-1, 206호 C22호실 (중동, 위브더스테이트)","#C22, Room 206, 190-1, Sinheung-ro, Bucheon-si, Gyeonggi-do, KOREA",,,,0,,,,,,,,True
주식회사 동림,"DONGLIM Co., Ltd.",410-86-06559,,,장익형,"건설업, 제조업","지붕판금, 금속제 패널, 금속 구조물","2511, 4213","17B,28C",금속제 패널 제조 및 지붕/외장재의 시공,Construction of metal panels and roof/exterior materials,세종특별자치시 조치원읍 세종로 2688-1,"2688-1, Sejong-ro, Jochiwon-eup, Sejong-si, KOREA",,,,0,,,,,,,,True
주식회사 동림,"DONGLIM Co., Ltd.",410-86-06559,,,장익형,"건설업, 제조업","지붕판금, 금속제 패널, 금속 구조물","2511, 4213","17B,28C",금속제 패널 제조 및 지붕/외장재의 시공,Construction of metal panels and roof/exterior materials,세종특별자치시 조치원읍 세종로 2688-1,"2688-1, Sejong-ro, Jochiwon-eup, Sejong-si, KOREA",,,,0,,,,,,,,True
명성기술 주식회사,"Mstech Co., Ltd.",299-86-01559,,,"이수영, 박인성","건설업, 제조업",,"4213, 4250, 2599","28C,28D,17B","1. 교통안전시설공사, 일반시설공사 및 유지관리, 보수, 설치 
2. 도로표시장치 제조","1. Traffic Safety Facilities Construction, General Facilities Construction and Maintenance, Repair, Installation 
2. Manufacturing of Road Display Devices","경상북도 김천시 혁신8로, 2층 207호(율곡동, 율곡테크노밸리)","207, 2nd Floor, 5 Hyeoksin 8-ro, Gimcheon-si, Gyeongsangbuk-do, KOREA",,,,0,,,,,,,,True
엠엔아이,MNI,412-66-00378,,,이경호,제조업 외,기타 가구 외,"2842, 3209","19A,23A","조명장치 및 플라스틱 가구(의자, 테이블, 선반, 거울, 러그)의 설계, 개발 및 생산","Design, Development and Production of Lighting and Plastic Furniture (Chair, Table, Shelf, Mirror, Lug)","서울특별시 중구 마른내로12길 7-16, 3층 302호 (충무로5가, 문경빌딩)","7-16, Mareunnae-ro 12-gil, Jung-gu, Seoul, KOREA",,,,0,,,,,,,,True
주식회사 씨케이엘,"CKL Co., Ltd.",312-86-72129,,,박성영,제조업외,반도체장비 외,2927,18A,"반도체 제조 장비에 대한 설계, 개발 및 제조","Design, development and manufacture of semiconductor manufacturing equipment",충청남도 천안시 서북구 직산읍 4산단7로 156-5 ,"156-5, 4sandan 7-ro, Jiksan-eup, Seobuk-gu, Cheonan-si, Chungcheongnam-do, KOREA",,,,0,,,,,,,,True
농업회사법인 주식회사 씨에프,"CF Co., Ltd., an agricultural corporation",168-88-00167,,,김철민,제조외,식용정제유 및 가공유제조(농산물가공) 외,1040,03A,향미 식용유의 제조 ,Manufacture of Flavored Cooking Oil,전라북도 김제시 금산면 원평10길 15,"15, Wonpyeong 10-gil, Geumsan-myeon, Gimje-si, Jeollabuk-do, KOREA",,,,0,,,,,,,,True
㈜제니스이엔지,"ZenithENG Co., Ltd.",401-81-59038,,,박태인,제조업,"디스플레이, 반도체장비",2927,18A,"반도체, 디스플레이 및 이차전지 공정장비에 대한 설계, 개발 및 제조","Design, development and manufacturing of semiconductor, display and secondary battery processing equipment",충청남도 아산시 음봉면 산동로 246-66,"246-66, Sandong-ro, Eumbong-myeon, Asan-si, Chungcheongnam-do, KOREA",,,,0,,,,,,,,True
㈜쎄미콤,"Semicom Co., Ltd.",126-86-21446,,,이현희,서비스외,용역수탁업외,"2629, 3402, 2721","19B,19D","1. 반도체 장비용 센서류(온도, 유량, 진공)의 제조 및 수리
2. 힛팅 자켓의 개발, 제조 및 수리","1. Manufacture and Repair of Sensors (Temperature, Flow Meter, Vacuum) for Semiconductor Equipments
2. Development, Manufacture and Repair of Heating Jackets",경기도 이천시 대월면 경충대로2050번길 92,"92, Gyeongchung-daero 2050beon-gil, Daewol-myeon, Icheon-si, Gyeonggi-do, KOREA",,,,0,,,,,,,,True
주식회사 더블유제이건설,"WJConstruction Co., Ltd.",178-81-00637,,,송상현,건설업,"건축공사업, 일반 소규모 공사업","4111, 4112",28A,주거용 및 비주거용 건물의 건축공사,Construction work of residential and non-residential buildings,"대전광역시 유성구 금남구즉로 1442, 4층(봉산동)","1442, Geumnamgujeuk-ro, Yuseong-gu, Daejeon, KOREA",,,,0,,,,,,,,True
㈜대원산업개발,"Daewon Development Co., Ltd.",126-86-75641,,,이근배,건설업,"건축, 토목, 실내건축, 시설물유지관리","4122, 4242","28B,28C","건축공사, 토목공사, 실내건축공사","Architectural works, Public works, Interior works",경기도 광주시 탄벌길37번길 32 (탄벌동),"32, Tanbeol-gil 37beon-gil, Gwangju-si, Gyeonggi-do, KOREA",,,,0,,,,,,,,True
㈜대원산업개발,"Daewon Development Co., Ltd.",126-86-75641,,,이근배,건설업,"건축, 토목, 실내건축, 시설물유지관리","4122, 4242","28B,28C","건축공사, 토목공사, 실내건축공사, 시설물 유지관리","Architectural works, Public works, Interior works, facility maintenance",경기도 광주시 탄벌길37번길 32 (탄벌동),"32, Tanbeol-gil 37beon-gil, Gwangju-si, Gyeonggi-do, KOREA",,,,0,,,,,,,,True
주식회사 트래닛 전자사업부,"TRANIT CO.,LTD. Electronic Components Division",124-86-24054,,,강기완,제조업,전자부품,"2629, 2812","19B,19A",커넥터의 설계ㆍ개발 및 생산,"Design, Development and Manufacture of Connector",경기도 수원시 권선구 서부로 1433-3 (고색동),"1433-3, Seobu-ro, Gwonseon-gu, Suwon-si, Gyeonggi-do, KOREA",,,,0,,,,,,,,True
파워텍 ,Pawotech Co.,187-10-01834,,,서진득,제조업,금형 제조 ,2929,18A,금형의 제조 ,Manufacture of Metal Mold,"경상남도 창원시 성산구 연덕로15번길 80, 1층 (웅남동)","1F, 80, Yeondeok-ro 15beon-gil, Seongsan-gu, Changwon-si, Gyeongsangnam-do, KOREA",,,,0,,,,,,,,True
열린스틸㈜,"Yeolin Steel Co., Ltd.",826-86-03155,,,안하영,제조업,"고철, 스크랩",4679,29A,"고철, 비철금속 스크랩 수집 및 도매","Scrap metal, non-ferrous metal scrap collection and wholesale",전라남도 나주시 왕곡면 예향로 3367,"3367, Yehyang-ro, Wanggok-myeon, Naju-si, Jeollanam-do, KOREA",,,,0,,,,,,,,True
주식회사 정운,"JEONG Un Co., Ltd.",620-81-44738,,,김효환,제조업,자동차부품,"2591, 2225","17B,14B","자동차부품(시트프레임, 시트패트발포, 헤드레스트스테이)의 제조","Manufacturing of automobile parts (seat frame, seat pad foam, headrest stay)",울산광역시 울주군 언양읍 반천산업로 80-62 (반천산업단지19블럭 3로트),"80-62, Bancheonsaneop-ro, Eonyang-eup, Ulju-gun, Ulsan, KOREA",,,,0,,,,,,,jeongun2012@hanmail.net,True
에이원디앤씨 주식회사,A-ONE D&C Corp. ,637-86-00882,,,이종인,건설업 외,구조물해체 비계공사업 외,"4213, 4211, 4249","28C,28B","해체공사(구조물, 석면) 및 실내 건축, 지반조성·포장공사","Demolition Works(Structures, Asbestos) and Interior Architecture, Ground Composition·Pavement Works","부산광역시 동래구 충렬대로218번길 63, 3층 (수안동)","3F, 63, Chungnyeol-daero 218beon-gil, Dongnae-gu, Busan, KOREA",,,http://aonedc.co.kr/index.html,0,,,,,,,,True
제일강화도어,Jeil Tempered Door,301-33-39726,,,김명섭,제조업,강화도어,2311,15A,"안전유리에 대한 설계, 개발 및 제조","Design, Development and Manufacture of Safety Glass",충청북도 청주시 서원구 남이면 양촌4길 14,"14, Yangchon 4-gil, Nami-myeon, Seowon-gu, Cheongju-si, Chungcheongbuk-do, KOREA",,,,0,,,,,,,,True
삼성다이나에이치백㈜,SAMSUNG DynaHVAC Corporation,609-81-04893,,,고호곤,제조,"공기조절기장치, 액체 및 가스여과청정기",3039,18A,"1. 자동차용 공조시스템(HVAC), 콘덴서, 콘츄롤러, 프리히터에 대한 설계 및 제조
2. 중장비 및 농기계용 공조시스템(HVAC), 콘덴서, 콘츄롤러에 대한 설계 및 제조","1. Automotive air conditioning system (HVAC Heating Ventilating and Air Conditioning), condenser,Design and manufacturing of controllers and preheaters
2. Design and manufacture of HVAC Heating Ventilating and Air Conditioning) condensers, and controllers for heavy equipment and agricultural machinery",경상남도 창원시 성산구 공단로 535 (성산동),"535, Gongdan-ro, Seongsan-gu, Changwon-si, Gyeongsangnam-do, KOREA",,,,0,,,,,,,,True
주식회사 오츠,"OATS Co., Ltd.",585-87-01587,,,박용삼,제조,전자부품,2629,19B,전자 감지장치 및 대기 오염방지 장치 제조,Manufacture of electronic detection devices and air pollution prevention devices,"서울특별시 금천구 가산디지털1로 100, 1410호 (가산동, 에이스골드타워)","#1410, 100, Gasan digital 1-ro, Geumcheon-gu, Seoul, KOREA",,,,0,,,,,,,,True
태금정밀,Taegeum Precision Co.,466-12-00896,,,손윤후 외 1명,제조업,전자 및 건설장비. 농기계 부품,2224,14B,사출성형 플라스틱 부품의 생산,Production of Injection Molded Plastic Parts ,"부산광역시 강서구 낙동북로43번길 5-19, 낙동북로 33 외 (강동동)","5-19, Nakdongbuk-ro 43beon-gil, Gangseo-gu, Busan, KOREA",,,,0,,,,,,,,True
엘티유이엔지,LTU ENG Co.,607-17-11965,,,최동수,서비스,건물및토목엔지니어링서비스업 외,7212,34A,전력 설계 및 감리,Electricty Power Design and Supervision,"부산광역시 동래구 명륜로 175, 8층 801호 (명륜동, 대월오피스텔)","#801, 8F, 175, Myeongnyun-ro, Dongnae-gu, Busan, KOREA",,,,0,,,,,,,,True
민엔설트,MINENSULT Co.,604-09-95559,,,민주현,"전문, 과학 및 기술서비스업",건물 및 토목 엔지니어링 서비스업(기술사),7212,34A,전력 설계 및 감리,Electricty Power Design and Supervision,"부산광역시 동래구 명륜로 175, 1동 6층 603호 (명륜동, 대월오피스텔)","#603, 6F, 175, Myeongnyun-ro, Dongnae-gu, Busan, KOREA",,,,0,,,,,,,,True
㈜제이디인더스트리,"JDINDUSTRY CO., LTD.",282-87-02071,,,"김동식, 강준모","제조업, 건설업",전기장비 제조업 외,2890,19A,"전기장비의 설계, 개발 및 생산","Design, Development & Production of Electrical Equipment","경기도 시흥시 서울대학로 59-69, 9층 931호 (배곧동, 배곧테크노밸리)","59-69, Seouldaehak-ro, Siheung-si, Gyeonggi-do, KOREA",,,www.jdindustry.kr,0,,,,,,,,True
신일하이드로테크,Shinil Hydro Tech ,763-08-02070,,,김영규,제조업 외,강관 외,2413,17A,금속 파이프 커플링 포밍의 생산,Production of Metal Pipe Coupling Forming,부산광역시 사하구 감천항로429번길 16 (구평동),"16, Gamcheonhang-ro 429beon-gil, Saha-gu, Busan, KOREA",,,,0,,,,,,,shinil2054@naver.com,True
휴먼원티드 주식회사,"Human Wanted Co., Ltd.",162-88-00534,,,홍은표,"서비스업, 상용인력공급 및 인사관리서비스업",임시일용인력공급업,5299,31B,3PL 물류관리(입고/출고/보관/포장/재고/집하/정보처리) 서비스 제공,3PL Logistics Management(Warehousing/Delivery/Storage/Packaging/Inventory/Collection/Informaiton Processing) Provision for Services,"경기도 이천시 호법면 중부대로763번길 141-27, 1층","141-27, Jungbu-daero 763beon-gil, Hobeop-myeon, Icheon-si, Gyeonggi-do, KOREA",,,,0,,,,,,,,True
휴먼원티드 주식회사,"Human Wanted Co., Ltd.",162-88-00534,,,홍은표,"서비스업, 상용인력공급 및 인사관리서비스업",임시일용인력공급업,5299,31B,3PL 물류관리(입고/출고/보관/포장/재고/집하/정보처리) 서비스 제공,3PL Logistics Management(Warehousing/Delivery/Storage/Packaging/Inventory/Collection/Informaiton Processing) Provision for Services,"경기도 이천시 호법면 중부대로763번길 141-27, 1층","141-27, Jungbu-daero 763beon-gil, Hobeop-myeon, Icheon-si, Gyeonggi-do, KOREA",,,,0,,,,,,,,True
주식회사 오성이엔씨,"OH SUNG E&C Co., Ltd.",314-81-50688,,,박미경,건설,"전기공사업, 전기소방설비","4231, 4220","28C,28D",전기 및 소방공사의 시공,Construction of Electrical And Fire Fighting Work,대전광역시 대덕구 옛신탄진로 137(오정동),"137, Yetsintanjin-ro, Daedeok-gu, Daejeon, KOREA",,,,0,,,,,,,,True
주식회사 동해기업,"DongHae Co., Ltd.",792-86-01820,,,임웅규,제조업,"산업용 냉장, 냉동 장비 제조업",2917,18A,산업용 냉장 및 냉동 장비 제조,Manufacture of industrial refrigeration and refrigeration equipment,충청남도 아산시 음봉면 음봉면로 188-33,"188-33, Eumbongmyeon-ro, Eumbong-myeon, Asan-si, Chungcheongnam-do, KOREA",,,,0,,,,,,,,True
주식회사 피지메탈,"PG METAL Co., Ltd.",610-81-91345,,,이상화,제조업 외,"비철금속, 보온보냉재(단열재) 외",2429,17A,"비철금속(Sheet, Coil, Insulation)의 생산","Production of Nonferrous Metals (Sheet, Coil, Insulation)",울산광역시 울주군 상북면 길천산업3길 18,"18, Gilcheonsaneop 3-gil, Sangbuk-myeon, Ulju-gun, Ulsan, KOREA",,,,0,,,,,,,,True
주식회사 보은아이앤씨,"Boeun I&C Co., Ltd.",602-88-00992,,,박상남,제조업,각종 포장재 가공,2223,14B,연포장재 가공,Flexible packaging material processing,"충청남도 천안시 서북구 성환읍 안궁1길 262, 2층","262, Angung 1-gil, Seonghwan-eup, Seobuk-gu, Cheonan-si, Chungcheongnam-do, KOREA",,,,0,,,,,,,,True
주식회사 은성전력,"Eun Seong Power Co., Ltd.",542-87-02027,,,오재정,건설업,전기공사업,4231,28C,전기공사의 시공,Construction of Electrical Engineering,"대전광역시 대덕구 대전로 1088번길 26, 1층(오정동)","26, 1st floor, 6, Daejeon-ro 1088beon-gil, Daedeok-gu, Daejeon, KOREA",,,,0,,,,,,,,True
월드코리아,World Korea Co.,755-47-00615,,,이상화,제조업,기타 일반 기계 및 장비 수리업,"2917, 2919, 4220","18A,28D","수처리기계(유압식·로터리제진기, 원심탈수기, 원심농축기, 슬러지수집기, 수문)의 설계, 개발, 생산 및 설치","Design, Development, Production and Installation of Water Treatment Machine(Hydraulic·Rotary Dust Separator, Centrifugal Hydroextractor, Centrifugal Evaporator, Sludge Collector, Sluice)",경상남도 김해시 한림면 김해대로916번길 154-21,"154-21, Gimhae-daero 916beon-gil, Hallim-myeon, Gimhae-si, Gyeongsangnam-do, KOREA",,,,0,,,,,,,,True
㈜동경이엔지,"DongKyung Engineering Co., Ltd.",607-81-46766,,,권영훈,건설 외,전기공사 외,"4231, 4220","28C,28D",전기공사 및 소방공사,Works of Electric and Fire Engineering,부산광역시 동래구 충렬대로428번가길 30-4 (안락동),"30-4, Chungnyeol-daero 428beonga-gil, Dongnae-gu, Busan, KOREA",,,,0,,,,,,,,True
㈜순천환경,"SunCheon Environment Co., Ltd.",416-81-20874,,,이은숙,서비스업종,"생활폐기물, 건설폐기물 외 ","3811, 3812, 3813",39B,폐기물 수집 및 운반,Waste collection and transportation,전라남도 순천시 서면 순천로 260,"260, Suncheon-ro, Seo-myeon, Suncheon-si, Jeollanam-do, KOREA",,,,0,,,,,,,,True
주식회사 새롬,"SEROM CO., LTD.",403-81-48202,,,명미순,제조업,,1712,07A,식품포장지의 생산,Production of Food Packaging Materials,전북특별자치도 익산시 왕궁면 왕궁농공단지길 45 ,"45, Wanggungnonggongdanji-gil, Wanggung-myeon, Iksan-si, Jeonbuk-do, KOREA",,,,0,,,,,,,,True
주식회사 새롬,"SEROM CO., LTD.",403-81-48202,,,명미순,제조업,,1712,07A,식품포장지의 생산,Production of Food Packaging Materials,전북특별자치도 익산시 왕궁면 왕궁농공단지길 45 ,"45, Wanggungnonggongdanji-gil, Wanggung-myeon, Iksan-si, Jeonbuk-do, KOREA",,,,0,,,,,,,,True
주식회사 주아라초이쓰몰,"JUARACHOICEMALL Co., Ltd.",726-88-01638,,,홍동섭,서비스업종,"온라인 광고대행, 통신판매업 ","7139, 4731","35C,29A",온라인 광고대행 및 통신 판매 ,Online advertising agency and telecommunications sales,"광주광역시 서구 상무대로 1057, 2층 (화정동, 광후당빌딩)","2F, 1057, Sangmu-daero, Seo-gu, Gwangju, KOREA",,,http://choice-mall.nodeline.kr/,0,,,,,,,,True
주식회사 마이페어,MYFAIR CO.,127-88-01184,,,김현화,서비스,인터넷정보,6399,33B,데이터베이스 및 온라인 정보 제공,Provision of databases and online information,"서울특별시 강남구 테헤란로114길 20, 5층 501호 (대치동, 행복빌딩)","20, Teheran-ro 114-gil, Gangnam-gu, Seoul, KOREA",,,,0,,,,,,,,True
링크앤솔루션즈㈜,LINK & SOLUTIONS INC.,110-81-96082,,,이연삼,건설 외,기계설비 및 냉난방시스템,4220,28D,"1. 기계설비 공사
2. 냉·난방, 환기 및 공조시스템의 설계, 개발, 제조, 설치 및 서비스","1. Construction of Mechanical Equipment
2. Design, Development, Manufacturing, Installation and Services of HVAC System","서울특별시 서대문구 연희로 42, 402호(연희동, 재이손빌딩)","42, Yeonhui-ro, Seodaemun-gu, Seoul, KOREA",,,,0,,,,,,,,True
동성기업 주식회사,"Dong Sung Co., Ltd.",125-86-01281,,,정경모,제조업,,"2224, 5210, 5299","14B,31B",자동차부품 제조 및 물류서비스(창고보관 및 운송)의 제공,Manufacture of automobile parts and Provision of Logistics Service (Warehousing and Transportation),경기도 화성시 우정읍 기아자동차로 424-98,"424-98, Kiajadongcha-ro, Ujeong-eup, Hwaseong-si, Gyeonggi-do, KOREA",,,,0,,,,,,,,True
잼있는 부엌,Funny Kitchen Co.,458-04-01318,,,황태은,제조업,"도시락, 반찬류 ",1075,03A,도시락의 제조 ,Manufacture of box lunch ,"부산광역시 동래구 연안로58번길 14, 1층 (안락동)","14, Yeonan-ro 58beon-gil, Dongnae-gu, Busan, KOREA",,,,0,,,,,,,,True
가람엔토스,Garam Entos,314-03-56267,,,이길승,제조업,"과학기기, 일반철물 및 수공구",2721,19D,과학기기의 제조,Manufacture of scientific instruments,"대전광역시 대덕구 대화로 160, 107~108호 (대화동, 산업용재유통상가)","160, Daehwa-ro, Daedeok-gu, Daejeon, KOREA",,,,0,,,,,,,,True
㈜비트엘앤디,"VEAT L&D Co., Ltd.",617-81-43465,,,송재현,건설 외,"전기공사,정보통신공사업 외","4231, 4232, 4213",28C,"1. 전기(경관조명), 정보통신공사의 설계, 시공 및 유지보수
2. 축제/행사대행 시설물의 설치 및 유지보수
3. 구조물, 조형물, 조명기구의 설계, 생산 및 설치","1. Design, Construction and Maintenance of Electricity (Landscape Lighting) and Information and Communication Works
2. Installation and Maintenance of Facilities for Landscape Lighting Festivals/Event Agencies
3. Design, Production and Installation of Structures, Sculptures and Lighting Fixtures",부산광역시 수영구 수영로642번길 77 (광안동),"77, Suyeong-ro 642beon-gil, Suyeong-gu, Busan, KOREA",,,,0,,,,,,,,True
에스포건설 주식회사,SFOUR CONSTRUCTION CORPORATION,663-81-01639,,,송선영,건설업,"실내건축공사업, 주택건설, 건축물 조립공사",4241,28C,실내건축공사,Indoor Construction Work,"대전광역시 중구 계룡로920번길 32, 502호(대사동)","32, Gyeryong-ro 920beon-gil, Jung-gu, Daejeon, KOREA",,,,0,,,,,,,,True
주식회사 아진이엠,"AZINE ELECTRIC MACHINERY Co., Ltd.",667-87-03650,,,추양석,제조,"반도체, 디스플레이, 배전반 및 전기자동제어반","2927, 2812","18A,19A","1. 디스플레이 및 반도체 제조용 기계의 설계 및 제조
2. 배전반 및 자동제어반의 설계 및 제조","1. Design and manufacture of display component and semi-conductor manufacturing machinery 
2. Design and manufacture of switchboards and automatic control panels",충청남도 천안시 서북구 입장면 삼사로 1856 (신두리)," 1856, Samsa-ro, Ipjang-myeon, Seobuk-gu, Cheonan-si, Chungcheongnam-do, KOREA",,,,0,,,,,,,,True
주식회사 폴리솔루션테크,"POLY SOLUTION TECH CO., LTD.",522-86-03520,,,이양재,제조업,필름합지제조,2221,14B,필름합지의 제조,Manufacture of film composites,충청북도 음성군 금왕읍 금왕테크노로 79 ,"79, Geumwangtekeuno-ro, Geumwang-eup, Eumseong-gun, Chungcheongbuk-do, KOREA",,,,0,,,,,,,,True
